Sample,2bRAD_sample_id,18s Code,Taxon,Total Length (mm),Inferred Age,Photo,genus,species,Gut contents?,Latitude,Longitude,Region,Current,Cruise,Station,Date,Time,Temp (oC),Fluoro (chl-a),Salinity (psu),Bottom depth (m),Tow depth (m),Tow Length (m),Net Area (m2),Tow Volume (m3),Zoop Biomass (ml),Zpl Density (ml/m3),Moon Phase %,risen or set
S261-017-NT-K1,261-G118,,K. pelamis,N/A,N/A,S261-017-NT-K1,Katsuwonus,pelamis,No,1.873,-166.612,NECC,NECC,S261,S261-017-NT,15-Jul-15,2234,30.3,3.11,34.59,N/A,0,1628,0.5,814,6,0.007371007,1,set
S261-018-TT-K1,261-G28,,K. pelamis,N/A,N/A,S261-018-TT-K1,Katsuwonus,pelamis,No,0.667,-167.283,EUC,EUC,S261,S261-018-TT,16-Jul-15,1114,30.4,2.62,34.6,5252,116,2756.989,1,2756.989,14,0.005078004,0,risen
S261-018-TT-K10,261-G37,,K. pelamis,5.3001,4.266888889,S261-018-TT-K10,Katsuwonus,pelamis,No,0.667,-167.283,EUC,EUC,S261,S261-018-TT,16-Jul-15,1114,30.4,2.62,34.6,5252,116,2756.989,1,2756.989,14,0.005078004,0,risen
S261-018-TT-K100,261-G116,,K. pelamis,5.5347,4.788222222,S261-018-TT-K100,Katsuwonus,pelamis,1 calanoid,0.667,-167.283,EUC,EUC,S261,S261-018-TT,16-Jul-15,1114,30.4,2.62,34.6,5252,116,2756.989,1,2756.989,14,0.005078004,0,risen
S261-018-TT-K101,261-G117,,K. pelamis,N/A,N/A,S261-018-TT-K101,Katsuwonus,pelamis,No,0.667,-167.283,EUC,EUC,S261,S261-018-TT,16-Jul-15,1114,30.4,2.62,34.6,5252,116,2756.989,1,2756.989,14,0.005078004,0,risen
S261-018-TT-K11,261-G38,,K. pelamis,5.084,3.786666667,S261-018-TT-K11,Katsuwonus,pelamis,No,0.667,-167.283,EUC,EUC,S261,S261-018-TT,16-Jul-15,1114,30.4,2.62,34.6,5252,116,2756.989,1,2756.989,14,0.005078004,0,risen
S261-018-TT-K12,261-G39,,K. pelamis,4.7719,3.093111111,S261-018-TT-K12,Katsuwonus,pelamis,No,0.667,-167.283,EUC,EUC,S261,S261-018-TT,16-Jul-15,1114,30.4,2.62,34.6,5252,116,2756.989,1,2756.989,14,0.005078004,0,risen
S261-018-TT-K13,261-G40,,K. pelamis,5.1539,3.942,S261-018-TT-K13,Katsuwonus,pelamis,No,0.667,-167.283,EUC,EUC,S261,S261-018-TT,16-Jul-15,1114,30.4,2.62,34.6,5252,116,2756.989,1,2756.989,14,0.005078004,0,risen
S261-018-TT-K14,261-G41,,K. pelamis,4.9076,3.394666667,S261-018-TT-K14,Katsuwonus,pelamis,No,0.667,-167.283,EUC,EUC,S261,S261-018-TT,16-Jul-15,1114,30.4,2.62,34.6,5252,116,2756.989,1,2756.989,14,0.005078004,0,risen
S261-018-TT-K15,261-G42,,K. pelamis,5.3193,4.309555556,S261-018-TT-K15,Katsuwonus,pelamis,No,0.667,-167.283,EUC,EUC,S261,S261-018-TT,16-Jul-15,1114,30.4,2.62,34.6,5252,116,2756.989,1,2756.989,14,0.005078004,0,risen
S261-018-TT-K16,261-G43,,K. pelamis,5.3705,4.423333333,S261-018-TT-K16,Katsuwonus,pelamis,No,0.667,-167.283,EUC,EUC,S261,S261-018-TT,16-Jul-15,1114,30.4,2.62,34.6,5252,116,2756.989,1,2756.989,14,0.005078004,0,risen
S261-018-TT-K17,261-G44,,K. pelamis,5.3812,4.447111111,S261-018-TT-K17,Katsuwonus,pelamis,No,0.667,-167.283,EUC,EUC,S261,S261-018-TT,16-Jul-15,1114,30.4,2.62,34.6,5252,116,2756.989,1,2756.989,14,0.005078004,0,risen
S261-018-TT-K18,261-G45,,K. pelamis,6.9214,7.869777778,S261-018-TT-K18,Katsuwonus,pelamis,No,0.667,-167.283,EUC,EUC,S261,S261-018-TT,16-Jul-15,1114,30.4,2.62,34.6,5252,116,2756.989,1,2756.989,14,0.005078004,0,risen
S261-018-TT-K19,261-G46,,K. pelamis,4.9466,3.481333333,S261-018-TT-K19,Katsuwonus,pelamis,No,0.667,-167.283,EUC,EUC,S261,S261-018-TT,16-Jul-15,1114,30.4,2.62,34.6,5252,116,2756.989,1,2756.989,14,0.005078004,0,risen
S261-018-TT-K2,261-G29,,K. pelamis,5.4529,4.606444444,S261-018-TT-K2,Katsuwonus,pelamis,No,0.667,-167.283,EUC,EUC,S261,S261-018-TT,16-Jul-15,1114,30.4,2.62,34.6,5252,116,2756.989,1,2756.989,14,0.005078004,0,risen
S261-018-TT-K20,261-G47,,K. pelamis,4.7259,2.990888889,S261-018-TT-K20,Katsuwonus,pelamis,No,0.667,-167.283,EUC,EUC,S261,S261-018-TT,16-Jul-15,1114,30.4,2.62,34.6,5252,116,2756.989,1,2756.989,14,0.005078004,0,risen
S261-018-TT-K21,261-G48,,K. pelamis,5.3329,4.339777778,S261-018-TT-K21,Katsuwonus,pelamis,No,0.667,-167.283,EUC,EUC,S261,S261-018-TT,16-Jul-15,1114,30.4,2.62,34.6,5252,116,2756.989,1,2756.989,14,0.005078004,0,risen
S261-018-TT-K22,261-G49,,K. pelamis,5.4776,4.661333333,S261-018-TT-K22,Katsuwonus,pelamis,No,0.667,-167.283,EUC,EUC,S261,S261-018-TT,16-Jul-15,1114,30.4,2.62,34.6,5252,116,2756.989,1,2756.989,14,0.005078004,0,risen
S261-018-TT-K23,261-G50,,K. pelamis,4.9945,3.587777778,S261-018-TT-K23,Katsuwonus,pelamis,No,0.667,-167.283,EUC,EUC,S261,S261-018-TT,16-Jul-15,1114,30.4,2.62,34.6,5252,116,2756.989,1,2756.989,14,0.005078004,0,risen
S261-018-TT-K24,261-G51,,K. pelamis,5.166,3.968888889,S261-018-TT-K24,Katsuwonus,pelamis,No,0.667,-167.283,EUC,EUC,S261,S261-018-TT,16-Jul-15,1114,30.4,2.62,34.6,5252,116,2756.989,1,2756.989,14,0.005078004,0,risen
S261-018-TT-K25,261-G52,,K. pelamis,5.2236,4.096888889,S261-018-TT-K25,Katsuwonus,pelamis,No,0.667,-167.283,EUC,EUC,S261,S261-018-TT,16-Jul-15,1114,30.4,2.62,34.6,5252,116,2756.989,1,2756.989,14,0.005078004,0,risen
S261-018-TT-K26,261-G53,,K. pelamis,5.8263,5.436222222,S261-018-TT-K26,Katsuwonus,pelamis,No,0.667,-167.283,EUC,EUC,S261,S261-018-TT,16-Jul-15,1114,30.4,2.62,34.6,5252,116,2756.989,1,2756.989,14,0.005078004,0,risen
S261-018-TT-K27,261-G54,,K. pelamis,5.4778,4.661777778,S261-018-TT-K27,Katsuwonus,pelamis,No,0.667,-167.283,EUC,EUC,S261,S261-018-TT,16-Jul-15,1114,30.4,2.62,34.6,5252,116,2756.989,1,2756.989,14,0.005078004,0,risen
S261-018-TT-K28,,,K. pelamis,4.5776,2.661333333,S261-018-TT-K28,Katsuwonus,pelamis,No,0.667,-167.283,EUC,EUC,S261,S261-018-TT,16-Jul-15,1114,30.4,2.62,34.6,5252,116,2756.989,1,2756.989,14,0.005078004,0,risen
S261-018-TT-K29,261-G55,,K. pelamis,4.608,2.728888889,S261-018-TT-K29,Katsuwonus,pelamis,No,0.667,-167.283,EUC,EUC,S261,S261-018-TT,16-Jul-15,1114,30.4,2.62,34.6,5252,116,2756.989,1,2756.989,14,0.005078004,0,risen
S261-018-TT-K3,261-G30,,K. pelamis,5.1356,3.901333333,S261-018-TT-K3,Katsuwonus,pelamis,"No, damaged",0.667,-167.283,EUC,EUC,S261,S261-018-TT,16-Jul-15,1114,30.4,2.62,34.6,5252,116,2756.989,1,2756.989,14,0.005078004,0,risen
S261-018-TT-K30,261-G56,,K. pelamis,5.0969,3.815333333,S261-018-TT-K30,Katsuwonus,pelamis,No,0.667,-167.283,EUC,EUC,S261,S261-018-TT,16-Jul-15,1114,30.4,2.62,34.6,5252,116,2756.989,1,2756.989,14,0.005078004,0,risen
S261-018-TT-K31,261-G57,,K. pelamis,5.3353,4.345111111,S261-018-TT-K31,Katsuwonus,pelamis,No,0.667,-167.283,EUC,EUC,S261,S261-018-TT,16-Jul-15,1114,30.4,2.62,34.6,5252,116,2756.989,1,2756.989,14,0.005078004,0,risen
S261-018-TT-K32,261-G58,,K. pelamis,4.1861,1.791333333,S261-018-TT-K32,Katsuwonus,pelamis,No,0.667,-167.283,EUC,EUC,S261,S261-018-TT,16-Jul-15,1114,30.4,2.62,34.6,5252,116,2756.989,1,2756.989,14,0.005078004,0,risen
S261-018-TT-K33,261-G59,,K. pelamis,N/A,N/A,S261-018-TT-K33,Katsuwonus,pelamis,No,0.667,-167.283,EUC,EUC,S261,S261-018-TT,16-Jul-15,1114,30.4,2.62,34.6,5252,116,2756.989,1,2756.989,14,0.005078004,0,risen
S261-018-TT-K34,261-G60,,K. pelamis,4.6809,2.890888889,S261-018-TT-K34,Katsuwonus,pelamis,No,0.667,-167.283,EUC,EUC,S261,S261-018-TT,16-Jul-15,1114,30.4,2.62,34.6,5252,116,2756.989,1,2756.989,14,0.005078004,0,risen
S261-018-TT-K35,,,K. pelamis,4.8423,3.249555556,S261-018-TT-K35,Katsuwonus,pelamis,No,0.667,-167.283,EUC,EUC,S261,S261-018-TT,16-Jul-15,1114,30.4,2.62,34.6,5252,116,2756.989,1,2756.989,14,0.005078004,0,risen
S261-018-TT-K36,261-G61,,K. pelamis,4.0685,1.53,S261-018-TT-K36,Katsuwonus,pelamis,No,0.667,-167.283,EUC,EUC,S261,S261-018-TT,16-Jul-15,1114,30.4,2.62,34.6,5252,116,2756.989,1,2756.989,14,0.005078004,0,risen
S261-018-TT-K37,,,K. pelamis,N/A,N/A,S261-018-TT-K37,Katsuwonus,pelamis,No,0.667,-167.283,EUC,EUC,S261,S261-018-TT,16-Jul-15,1114,30.4,2.62,34.6,5252,116,2756.989,1,2756.989,14,0.005078004,0,risen
S261-018-TT-K38,261-G62,,K. pelamis,5.1204,3.867555556,S261-018-TT-K38,Katsuwonus,pelamis,No,0.667,-167.283,EUC,EUC,S261,S261-018-TT,16-Jul-15,1114,30.4,2.62,34.6,5252,116,2756.989,1,2756.989,14,0.005078004,0,risen
S261-018-TT-K39,261-G63,,K. pelamis,5.2868,4.237333333,S261-018-TT-K39,Katsuwonus,pelamis,No,0.667,-167.283,EUC,EUC,S261,S261-018-TT,16-Jul-15,1114,30.4,2.62,34.6,5252,116,2756.989,1,2756.989,14,0.005078004,0,risen
S261-018-TT-K4,261-G31,,K. pelamis,5.9235,5.652222222,S261-018-TT-K4,Katsuwonus,pelamis,No,0.667,-167.283,EUC,EUC,S261,S261-018-TT,16-Jul-15,1114,30.4,2.62,34.6,5252,116,2756.989,1,2756.989,14,0.005078004,0,risen
S261-018-TT-K40,261-G64,,K. pelamis,5.6144,4.965333333,S261-018-TT-K40,Katsuwonus,pelamis,No,0.667,-167.283,EUC,EUC,S261,S261-018-TT,16-Jul-15,1114,30.4,2.62,34.6,5252,116,2756.989,1,2756.989,14,0.005078004,0,risen
S261-018-TT-K41,,,K. pelamis,N/A,N/A,S261-018-TT-K41,Katsuwonus,pelamis,No,0.667,-167.283,EUC,EUC,S261,S261-018-TT,16-Jul-15,1114,30.4,2.62,34.6,5252,116,2756.989,1,2756.989,14,0.005078004,0,risen
S261-018-TT-K42,261-G65,,K. pelamis,5.1104,3.845333333,S261-018-TT-K42,Katsuwonus,pelamis,No,0.667,-167.283,EUC,EUC,S261,S261-018-TT,16-Jul-15,1114,30.4,2.62,34.6,5252,116,2756.989,1,2756.989,14,0.005078004,0,risen
S261-018-TT-K43,261-G66,,K. pelamis,5.5271,4.771333333,S261-018-TT-K43,Katsuwonus,pelamis,No,0.667,-167.283,EUC,EUC,S261,S261-018-TT,16-Jul-15,1114,30.4,2.62,34.6,5252,116,2756.989,1,2756.989,14,0.005078004,0,risen
S261-018-TT-K44,261-G67,,K. pelamis,5.4786,4.663555556,S261-018-TT-K44,Katsuwonus,pelamis,No,0.667,-167.283,EUC,EUC,S261,S261-018-TT,16-Jul-15,1114,30.4,2.62,34.6,5252,116,2756.989,1,2756.989,14,0.005078004,0,risen
S261-018-TT-K45,261-G68,,K. pelamis,5.5951,4.922444444,S261-018-TT-K45,Katsuwonus,pelamis,No,0.667,-167.283,EUC,EUC,S261,S261-018-TT,16-Jul-15,1114,30.4,2.62,34.6,5252,116,2756.989,1,2756.989,14,0.005078004,0,risen
S261-018-TT-K46,261-G69,,K. pelamis,5.882,5.56,S261-018-TT-K46,Katsuwonus,pelamis,No,0.667,-167.283,EUC,EUC,S261,S261-018-TT,16-Jul-15,1114,30.4,2.62,34.6,5252,116,2756.989,1,2756.989,14,0.005078004,0,risen
S261-018-TT-K47,261-G70,,K. pelamis,5.0992,3.820444444,S261-018-TT-K47,Katsuwonus,pelamis,No,0.667,-167.283,EUC,EUC,S261,S261-018-TT,16-Jul-15,1114,30.4,2.62,34.6,5252,116,2756.989,1,2756.989,14,0.005078004,0,risen
S261-018-TT-K48,261-G71,,K. pelamis,4.8223,3.205111111,S261-018-TT-K48,Katsuwonus,pelamis,No,0.667,-167.283,EUC,EUC,S261,S261-018-TT,16-Jul-15,1114,30.4,2.62,34.6,5252,116,2756.989,1,2756.989,14,0.005078004,0,risen
S261-018-TT-K49,261-G72,,K. pelamis,4.9848,3.566222222,S261-018-TT-K49,Katsuwonus,pelamis,1 calanoid,0.667,-167.283,EUC,EUC,S261,S261-018-TT,16-Jul-15,1114,30.4,2.62,34.6,5252,116,2756.989,1,2756.989,14,0.005078004,0,risen
S261-018-TT-K5,261-G32,,K. pelamis,5.3371,4.349111111,S261-018-TT-K5,Katsuwonus,pelamis,No,0.667,-167.283,EUC,EUC,S261,S261-018-TT,16-Jul-15,1114,30.4,2.62,34.6,5252,116,2756.989,1,2756.989,14,0.005078004,0,risen
S261-018-TT-K50,261-G73,,K. pelamis,5.3968,4.481777778,S261-018-TT-K50,Katsuwonus,pelamis,No,0.667,-167.283,EUC,EUC,S261,S261-018-TT,16-Jul-15,1114,30.4,2.62,34.6,5252,116,2756.989,1,2756.989,14,0.005078004,0,risen
S261-018-TT-K51,261-G74,GC_1,K. pelamis,5.1311,3.891333333,S261-018-TT-K51,Katsuwonus,pelamis,Yes,0.667,-167.283,EUC,EUC,S261,S261-018-TT,16-Jul-15,1114,30.4,2.62,34.6,5252,116,2756.989,1,2756.989,14,0.005078004,0,risen
S261-018-TT-K52,261-G75,,K. pelamis,5.1126,3.850222222,S261-018-TT-K52,Katsuwonus,pelamis,No,0.667,-167.283,EUC,EUC,S261,S261-018-TT,16-Jul-15,1114,30.4,2.62,34.6,5252,116,2756.989,1,2756.989,14,0.005078004,0,risen
S261-018-TT-K53,261-G76,,K. pelamis,5.5164,4.747555556,S261-018-TT-K53,Katsuwonus,pelamis,No,0.667,-167.283,EUC,EUC,S261,S261-018-TT,16-Jul-15,1114,30.4,2.62,34.6,5252,116,2756.989,1,2756.989,14,0.005078004,0,risen
S261-018-TT-K54,261-G77,,K. pelamis,5.4748,4.655111111,S261-018-TT-K54,Katsuwonus,pelamis,No,0.667,-167.283,EUC,EUC,S261,S261-018-TT,16-Jul-15,1114,30.4,2.62,34.6,5252,116,2756.989,1,2756.989,14,0.005078004,0,risen
S261-018-TT-K55,261-G78,,K. pelamis,5.4962,4.702666667,S261-018-TT-K55,Katsuwonus,pelamis,No,0.667,-167.283,EUC,EUC,S261,S261-018-TT,16-Jul-15,1114,30.4,2.62,34.6,5252,116,2756.989,1,2756.989,14,0.005078004,0,risen
S261-018-TT-K56,261-G79,,K. pelamis,5.7351,5.233555556,S261-018-TT-K56,Katsuwonus,pelamis,No,0.667,-167.283,EUC,EUC,S261,S261-018-TT,16-Jul-15,1114,30.4,2.62,34.6,5252,116,2756.989,1,2756.989,14,0.005078004,0,risen
S261-018-TT-K57,261-G80,,K. pelamis,4.8846,3.343555556,S261-018-TT-K57,Katsuwonus,pelamis,No,0.667,-167.283,EUC,EUC,S261,S261-018-TT,16-Jul-15,1114,30.4,2.62,34.6,5252,116,2756.989,1,2756.989,14,0.005078004,0,risen
S261-018-TT-K58,261-G81,,K. pelamis,5.5452,4.811555556,S261-018-TT-K58,Katsuwonus,pelamis,No,0.667,-167.283,EUC,EUC,S261,S261-018-TT,16-Jul-15,1114,30.4,2.62,34.6,5252,116,2756.989,1,2756.989,14,0.005078004,0,risen
S261-018-TT-K59,261-G82,,K. pelamis,6.4551,6.833555556,S261-018-TT-K59,Katsuwonus,pelamis,No,0.667,-167.283,EUC,EUC,S261,S261-018-TT,16-Jul-15,1114,30.4,2.62,34.6,5252,116,2756.989,1,2756.989,14,0.005078004,0,risen
S261-018-TT-K6,261-G33,,K. pelamis,5.627,4.993333333,S261-018-TT-K6,Katsuwonus,pelamis,No,0.667,-167.283,EUC,EUC,S261,S261-018-TT,16-Jul-15,1114,30.4,2.62,34.6,5252,116,2756.989,1,2756.989,14,0.005078004,0,risen
S261-018-TT-K60,261-G83,,K. pelamis,6.3109,6.513111111,S261-018-TT-K60,Katsuwonus,pelamis,No,0.667,-167.283,EUC,EUC,S261,S261-018-TT,16-Jul-15,1114,30.4,2.62,34.6,5252,116,2756.989,1,2756.989,14,0.005078004,0,risen
S261-018-TT-K61,261-G84,,K. pelamis,4.9931,3.584666667,S261-018-TT-K61,Katsuwonus,pelamis,No,0.667,-167.283,EUC,EUC,S261,S261-018-TT,16-Jul-15,1114,30.4,2.62,34.6,5252,116,2756.989,1,2756.989,14,0.005078004,0,risen
S261-018-TT-K62,261-G85,,K. pelamis,N/A,N/A,S261-018-TT-K62,Katsuwonus,pelamis,No,0.667,-167.283,EUC,EUC,S261,S261-018-TT,16-Jul-15,1114,30.4,2.62,34.6,5252,116,2756.989,1,2756.989,14,0.005078004,0,risen
S261-018-TT-K63,261-G8,,K. pelamis,5.6886,5.130222222,S261-018-TT-K63,Katsuwonus,pelamis,,0.667,-167.283,EUC,EUC,S261,S261-018-TT,16-Jul-15,1114,30.4,2.62,34.6,5252,116,2756.989,1,2756.989,14,0.005078004,0,risen
S261-018-TT-K64,261-G86,,K. pelamis,4.8637,3.297111111,S261-018-TT-K64,Katsuwonus,pelamis,No,0.667,-167.283,EUC,EUC,S261,S261-018-TT,16-Jul-15,1114,30.4,2.62,34.6,5252,116,2756.989,1,2756.989,14,0.005078004,0,risen
S261-018-TT-K65,261-G87,,K. pelamis,5.1529,3.939777778,S261-018-TT-K65,Katsuwonus,pelamis,No,0.667,-167.283,EUC,EUC,S261,S261-018-TT,16-Jul-15,1114,30.4,2.62,34.6,5252,116,2756.989,1,2756.989,14,0.005078004,0,risen
S261-018-TT-K66,261-G88,,K. pelamis,5.2494,4.154222222,S261-018-TT-K66,Katsuwonus,pelamis,No,0.667,-167.283,EUC,EUC,S261,S261-018-TT,16-Jul-15,1114,30.4,2.62,34.6,5252,116,2756.989,1,2756.989,14,0.005078004,0,risen
S261-018-TT-K67,261-G89,,K. pelamis,4.97,3.533333333,S261-018-TT-K67,Katsuwonus,pelamis,No,0.667,-167.283,EUC,EUC,S261,S261-018-TT,16-Jul-15,1114,30.4,2.62,34.6,5252,116,2756.989,1,2756.989,14,0.005078004,0,risen
S261-018-TT-K68,261-G90,,K. pelamis,5.272,4.204444444,S261-018-TT-K68,Katsuwonus,pelamis,No,0.667,-167.283,EUC,EUC,S261,S261-018-TT,16-Jul-15,1114,30.4,2.62,34.6,5252,116,2756.989,1,2756.989,14,0.005078004,0,risen
S261-018-TT-K69,,,K. pelamis,4.9974,3.594222222,S261-018-TT-K69,Katsuwonus,pelamis,No,0.667,-167.283,EUC,EUC,S261,S261-018-TT,16-Jul-15,1114,30.4,2.62,34.6,5252,116,2756.989,1,2756.989,14,0.005078004,0,risen
S261-018-TT-K7,261-G34,,K. pelamis,4.5498,2.599555556,S261-018-TT-K7,Katsuwonus,pelamis,No,0.667,-167.283,EUC,EUC,S261,S261-018-TT,16-Jul-15,1114,30.4,2.62,34.6,5252,116,2756.989,1,2756.989,14,0.005078004,0,risen
S261-018-TT-K70,,,K. pelamis,5.1997,4.043777778,S261-018-TT-K70,Katsuwonus,pelamis,No,0.667,-167.283,EUC,EUC,S261,S261-018-TT,16-Jul-15,1114,30.4,2.62,34.6,5252,116,2756.989,1,2756.989,14,0.005078004,0,risen
S261-018-TT-K71,261-G91,,K. pelamis,5.1282,3.884888889,S261-018-TT-K71,Katsuwonus,pelamis,No,0.667,-167.283,EUC,EUC,S261,S261-018-TT,16-Jul-15,1114,30.4,2.62,34.6,5252,116,2756.989,1,2756.989,14,0.005078004,0,risen
S261-018-TT-K72,261-G92,,K. pelamis,5.2767,4.214888889,S261-018-TT-K72,Katsuwonus,pelamis,No,0.667,-167.283,EUC,EUC,S261,S261-018-TT,16-Jul-15,1114,30.4,2.62,34.6,5252,116,2756.989,1,2756.989,14,0.005078004,0,risen
S261-018-TT-K73,261-G93,,K. pelamis,5.7212,5.202666667,S261-018-TT-K73,Katsuwonus,pelamis,No,0.667,-167.283,EUC,EUC,S261,S261-018-TT,16-Jul-15,1114,30.4,2.62,34.6,5252,116,2756.989,1,2756.989,14,0.005078004,0,risen
S261-018-TT-K74,261-G94,,K. pelamis,5.8084,5.396444444,S261-018-TT-K74,Katsuwonus,pelamis,No,0.667,-167.283,EUC,EUC,S261,S261-018-TT,16-Jul-15,1114,30.4,2.62,34.6,5252,116,2756.989,1,2756.989,14,0.005078004,0,risen
S261-018-TT-K75,261-G95,,K. pelamis,5.0392,3.687111111,S261-018-TT-K75,Katsuwonus,pelamis,No,0.667,-167.283,EUC,EUC,S261,S261-018-TT,16-Jul-15,1114,30.4,2.62,34.6,5252,116,2756.989,1,2756.989,14,0.005078004,0,risen
S261-018-TT-K76,261-G96,,K. pelamis,5.6492,5.042666667,S261-018-TT-K76,Katsuwonus,pelamis,No,0.667,-167.283,EUC,EUC,S261,S261-018-TT,16-Jul-15,1114,30.4,2.62,34.6,5252,116,2756.989,1,2756.989,14,0.005078004,0,risen
S261-018-TT-K77,261-G97,,K. pelamis,5.896,5.591111111,S261-018-TT-K77,Katsuwonus,pelamis,No,0.667,-167.283,EUC,EUC,S261,S261-018-TT,16-Jul-15,1114,30.4,2.62,34.6,5252,116,2756.989,1,2756.989,14,0.005078004,0,risen
S261-018-TT-K78,261-G98,,K. pelamis,5.4873,4.682888889,S261-018-TT-K78,Katsuwonus,pelamis,No,0.667,-167.283,EUC,EUC,S261,S261-018-TT,16-Jul-15,1114,30.4,2.62,34.6,5252,116,2756.989,1,2756.989,14,0.005078004,0,risen
S261-018-TT-K79,261-G99,,K. pelamis,5.6913,5.136222222,S261-018-TT-K79,Katsuwonus,pelamis,No,0.667,-167.283,EUC,EUC,S261,S261-018-TT,16-Jul-15,1114,30.4,2.62,34.6,5252,116,2756.989,1,2756.989,14,0.005078004,0,risen
S261-018-TT-K8,261-G35,,K. pelamis,4.7661,3.080222222,S261-018-TT-K8,Katsuwonus,pelamis,No,0.667,-167.283,EUC,EUC,S261,S261-018-TT,16-Jul-15,1114,30.4,2.62,34.6,5252,116,2756.989,1,2756.989,14,0.005078004,0,risen
S261-018-TT-K80,261-G100,,K. pelamis,5.3021,4.271333333,S261-018-TT-K80,Katsuwonus,pelamis,No,0.667,-167.283,EUC,EUC,S261,S261-018-TT,16-Jul-15,1114,30.4,2.62,34.6,5252,116,2756.989,1,2756.989,14,0.005078004,0,risen
S261-018-TT-K81,261-G101,,K. pelamis,5.7311,5.224666667,S261-018-TT-K81,Katsuwonus,pelamis,No,0.667,-167.283,EUC,EUC,S261,S261-018-TT,16-Jul-15,1114,30.4,2.62,34.6,5252,116,2756.989,1,2756.989,14,0.005078004,0,risen
S261-018-TT-K82,261-G102,,K. pelamis,5.6398,5.021777778,S261-018-TT-K82,Katsuwonus,pelamis,No,0.667,-167.283,EUC,EUC,S261,S261-018-TT,16-Jul-15,1114,30.4,2.62,34.6,5252,116,2756.989,1,2756.989,14,0.005078004,0,risen
S261-018-TT-K83,261-G103,,K. pelamis,5.4026,4.494666667,S261-018-TT-K83,Katsuwonus,pelamis,No,0.667,-167.283,EUC,EUC,S261,S261-018-TT,16-Jul-15,1114,30.4,2.62,34.6,5252,116,2756.989,1,2756.989,14,0.005078004,0,risen
S261-018-TT-K84,261-G104,,K. pelamis,5.2303,4.111777778,S261-018-TT-K84,Katsuwonus,pelamis,No,0.667,-167.283,EUC,EUC,S261,S261-018-TT,16-Jul-15,1114,30.4,2.62,34.6,5252,116,2756.989,1,2756.989,14,0.005078004,0,risen
S261-018-TT-K85,261-G105,,K. pelamis,5.6588,5.064,S261-018-TT-K85,Katsuwonus,pelamis,No,0.667,-167.283,EUC,EUC,S261,S261-018-TT,16-Jul-15,1114,30.4,2.62,34.6,5252,116,2756.989,1,2756.989,14,0.005078004,0,risen
S261-018-TT-K86,261-G106,,K. pelamis,6.3665,6.636666667,S261-018-TT-K86,Katsuwonus,pelamis,No,0.667,-167.283,EUC,EUC,S261,S261-018-TT,16-Jul-15,1114,30.4,2.62,34.6,5252,116,2756.989,1,2756.989,14,0.005078004,0,risen
S261-018-TT-K87,,GC_350,K. pelamis,4.8734,3.318666667,S261-018-TT-K87,Katsuwonus,pelamis,Yes,0.667,-167.283,EUC,EUC,S261,S261-018-TT,16-Jul-15,1114,30.4,2.62,34.6,5252,116,2756.989,1,2756.989,14,0.005078004,0,risen
S261-018-TT-K88,261-G107,,K. pelamis,4.9978,3.595111111,S261-018-TT-K88,Katsuwonus,pelamis,No,0.667,-167.283,EUC,EUC,S261,S261-018-TT,16-Jul-15,1114,30.4,2.62,34.6,5252,116,2756.989,1,2756.989,14,0.005078004,0,risen
S261-018-TT-K89,261-G108,,K. pelamis,4.6409,2.802,S261-018-TT-K89,Katsuwonus,pelamis,No,0.667,-167.283,EUC,EUC,S261,S261-018-TT,16-Jul-15,1114,30.4,2.62,34.6,5252,116,2756.989,1,2756.989,14,0.005078004,0,risen
S261-018-TT-K9,261-G36,,K. pelamis,5.4892,4.687111111,S261-018-TT-K9,Katsuwonus,pelamis,No,0.667,-167.283,EUC,EUC,S261,S261-018-TT,16-Jul-15,1114,30.4,2.62,34.6,5252,116,2756.989,1,2756.989,14,0.005078004,0,risen
S261-018-TT-K90,261-G109,,K. pelamis,6.181,6.224444444,S261-018-TT-K90,Katsuwonus,pelamis,No,0.667,-167.283,EUC,EUC,S261,S261-018-TT,16-Jul-15,1114,30.4,2.62,34.6,5252,116,2756.989,1,2756.989,14,0.005078004,0,risen
S261-018-TT-K91,261-G110,,K. pelamis,5.7382,5.240444444,S261-018-TT-K91,Katsuwonus,pelamis,1 chaetognath,0.667,-167.283,EUC,EUC,S261,S261-018-TT,16-Jul-15,1114,30.4,2.62,34.6,5252,116,2756.989,1,2756.989,14,0.005078004,0,risen
S261-018-TT-K92,261-G111,,K. pelamis,4.6545,2.832222222,S261-018-TT-K92,Katsuwonus,pelamis,No,0.667,-167.283,EUC,EUC,S261,S261-018-TT,16-Jul-15,1114,30.4,2.62,34.6,5252,116,2756.989,1,2756.989,14,0.005078004,0,risen
S261-018-TT-K93,261-G112,,K. pelamis,5.0244,3.654222222,S261-018-TT-K93,Katsuwonus,pelamis,No,0.667,-167.283,EUC,EUC,S261,S261-018-TT,16-Jul-15,1114,30.4,2.62,34.6,5252,116,2756.989,1,2756.989,14,0.005078004,0,risen
S261-018-TT-K94,,,K. pelamis,4.2092,1.842666667,S261-018-TT-K94,Katsuwonus,pelamis,No,0.667,-167.283,EUC,EUC,S261,S261-018-TT,16-Jul-15,1114,30.4,2.62,34.6,5252,116,2756.989,1,2756.989,14,0.005078004,0,risen
S261-018-TT-K95,,,K. pelamis,5.0436,3.696888889,S261-018-TT-K95,Katsuwonus,pelamis,No,0.667,-167.283,EUC,EUC,S261,S261-018-TT,16-Jul-15,1114,30.4,2.62,34.6,5252,116,2756.989,1,2756.989,14,0.005078004,0,risen
S261-018-TT-K96,,,K. pelamis,4.4471,2.371333333,S261-018-TT-K96,Katsuwonus,pelamis,No,0.667,-167.283,EUC,EUC,S261,S261-018-TT,16-Jul-15,1114,30.4,2.62,34.6,5252,116,2756.989,1,2756.989,14,0.005078004,0,risen
S261-018-TT-K97,261-G113,,K. pelamis,5.7468,5.259555556,S261-018-TT-K97,Katsuwonus,pelamis,No,0.667,-167.283,EUC,EUC,S261,S261-018-TT,16-Jul-15,1114,30.4,2.62,34.6,5252,116,2756.989,1,2756.989,14,0.005078004,0,risen
S261-018-TT-K98,261-G114,,K. pelamis,6.1967,6.259333333,S261-018-TT-K98,Katsuwonus,pelamis,No,0.667,-167.283,EUC,EUC,S261,S261-018-TT,16-Jul-15,1114,30.4,2.62,34.6,5252,116,2756.989,1,2756.989,14,0.005078004,0,risen
S261-018-TT-K99,261-G115,,K. pelamis,5.8548,5.499555556,S261-018-TT-K99,Katsuwonus,pelamis,No,0.667,-167.283,EUC,EUC,S261,S261-018-TT,16-Jul-15,1114,30.4,2.62,34.6,5252,116,2756.989,1,2756.989,14,0.005078004,0,risen
S261-018-TT-T1,,,Thunnus,N/A,N/A,S261-018-TT-T1,Thunnus,,No,0.667,-167.283,EUC,EUC,S261,S261-018-TT,16-Jul-15,1114,30.4,2.62,34.6,5252,116,2756.989,1,2756.989,14,0.005078004,0,risen
S261-020-TT-K1,261-G4,,K. pelamis,7.1,8.266666667,S261-020-TT-K1,Katsuwonus,pelamis,,-0.483,-168.912,EUC,EUC,S261,S261-020-TT,17-Jul-15,1110,30.5,2.62,34.52,5005,76,2357.85,1,2357.85,49,0.020781644,2,risen
S261-020-TT-K2,,,K. pelamis,3.3,0,S261-020-TT-K2,Katsuwonus,pelamis,No,-0.483,-168.912,EUC,EUC,S261,S261-020-TT,17-Jul-15,1110,30.5,2.62,34.52,5005,76,2357.85,1,2357.85,49,0.020781644,2,risen
S261-020-TT-T1,261-G18,,Thunnus,3.83,1.945945946,S261-020-TT-T1,Thunnus,albacares,No,-0.483,-168.912,EUC,EUC,S261,S261-020-TT,17-Jul-15,1110,30.5,2.62,34.52,5005,76,2357.85,1,2357.85,49,0.020781644,2,risen
S261-020-TT-T2,261-G155,,Thunnus,N/A,N/A,S261-020-TT-T2,Thunnus,,No,-0.483,-168.912,EUC,EUC,S261,S261-020-TT,17-Jul-15,1110,30.5,2.62,34.52,5005,76,2357.85,1,2357.85,49,0.020781644,2,risen
S261-020-TT-T3,261-G156,,Thunnus,7.5,11.86486486,S261-020-TT-T3,Thunnus,,No,-0.483,-168.912,EUC,EUC,S261,S261-020-TT,17-Jul-15,1110,30.5,2.62,34.52,5005,76,2357.85,1,2357.85,49,0.020781644,2,risen
S261-020-TT-T4,,GC_348,Thunnus,N/A,N/A,S261-020-TT-T4,Thunnus,,Yes,-0.483,-168.912,EUC,EUC,S261,S261-020-TT,17-Jul-15,1110,30.5,2.62,34.52,5005,76,2357.85,1,2357.85,49,0.020781644,2,risen
S261-021-TT-T1,261-G157,,Thunnus,N/A,N/A,S261-021-TT-T1,Thunnus,,No,-1.023,-169.755,EUC,EUC,S261,S261-021-TT,18-Jul-15,136,30.7,2.82,34.68,5320,109,2359.666,1,2359.666,85,0.036022047,6,risen
S261-021-TT-T2,,,Thunnus,N/A,N/A,S261-021-TT-T2,Thunnus,,No,-1.023,-169.755,EUC,EUC,S261,S261-021-TT,18-Jul-15,136,30.7,2.82,34.68,5320,109,2359.666,1,2359.666,85,0.036022047,6,risen
S261-021-TT-T3,261-G19,,Thunnus,3.52,1.108108108,S261-021-TT-T3,Thunnus,albacares,No,-1.023,-169.755,EUC,EUC,S261,S261-021-TT,18-Jul-15,136,30.7,2.82,34.68,5320,109,2359.666,1,2359.666,85,0.036022047,6,risen
S261-021-TT-T4,,,Thunnus,5.9347,7.634324324,S261-021-TT-T4,Thunnus,,No,-1.023,-169.755,EUC,EUC,S261,S261-021-TT,18-Jul-15,136,30.7,2.82,34.68,5320,109,2359.666,1,2359.666,85,0.036022047,6,risen
S261-021-TT-T5,,,Thunnus,N/A,N/A,S261-021-TT-T5,Thunnus,,No,-1.023,-169.755,EUC,EUC,S261,S261-021-TT,18-Jul-15,136,30.7,2.82,34.68,5320,109,2359.666,1,2359.666,85,0.036022047,6,risen
S261-021-TT-T6,,,Thunnus,N/A,N/A,S261-021-TT-T6,Thunnus,,No,-1.023,-169.755,EUC,EUC,S261,S261-021-TT,18-Jul-15,136,30.7,2.82,34.68,5320,109,2359.666,1,2359.666,85,0.036022047,6,risen
S261-021-TT-T7,,,Thunnus,N/A,N/A,S261-021-TT-T7,Thunnus,,No,-1.023,-169.755,EUC,EUC,S261,S261-021-TT,18-Jul-15,136,30.7,2.82,34.68,5320,109,2359.666,1,2359.666,85,0.036022047,6,risen
S261-021-TT-T8,261-G20,,Thunnus,4.2257,3.015405405,S261-021-TT-T8,Thunnus,albacares,No,-1.023,-169.755,EUC,EUC,S261,S261-021-TT,18-Jul-15,136,30.7,2.82,34.68,5320,109,2359.666,1,2359.666,85,0.036022047,6,risen
S261-022-TT-T1,261-G158,,Thunnus,N/A,N/A,S261-022-TT-T1,Thunnus,,No,-1.51,-170.075,EUC,EUC,S261,S261-022-TT,18-Jul-15,1210,30.6,2.79,34.9,5045,137,2433.572,1,2433.572,30,0.012327558,6,risen
S261-022-TT-T2,261-G14,,Thunnus,N/A,N/A,S261-022-TT-T2,Thunnus,,No,-1.51,-170.075,EUC,EUC,S261,S261-022-TT,18-Jul-15,1210,30.6,2.79,34.9,5045,137,2433.572,1,2433.572,30,0.012327558,6,risen
S261-022-TT-T3,261-G23,,Thunnus,N/A,N/A,S261-022-TT-T3,Thunnus,albacares,,-1.51,-170.075,EUC,EUC,S261,S261-022-TT,18-Jul-15,1210,30.6,2.79,34.9,5045,137,2433.572,1,2433.572,30,0.012327558,6,risen
S261-022-TT-T4,,,Thunnus,3.5018,1.058918919,S261-022-TT-T4,Thunnus,,No,-1.51,-170.075,EUC,EUC,S261,S261-022-TT,18-Jul-15,1210,30.6,2.79,34.9,5045,137,2433.572,1,2433.572,30,0.012327558,6,risen
S261-022-TT-T5,,,Thunnus,N/A,N/A,S261-022-TT-T5,Thunnus,,No,-1.51,-170.075,EUC,EUC,S261,S261-022-TT,18-Jul-15,1210,30.6,2.79,34.9,5045,137,2433.572,1,2433.572,30,0.012327558,6,risen
S261-023-NT-K1,261-G120,,K. pelamis,4.0232,1.429333333,S261-023-NT-K1,Katsuwonus,pelamis,No,-1.83,-170.388,PIPA,,S261,S261-023-NT,18-Jul-15,2313,30.4,7.73,34.99,5245,0,1618,0.5,809,4.5,0.005562423,6,set
S261-023-NT-K2,261-G121,,K. pelamis,N/A,N/A,S261-023-NT-K2,Katsuwonus,pelamis,No,-1.83,-170.388,PIPA,,S261,S261-023-NT,18-Jul-15,2313,30.4,7.73,34.99,5245,0,1618,0.5,809,4.5,0.005562423,6,set
S261-023-NT-K3,,GC_351,K. pelamis,N/A,N/A,S261-023-NT-K3,Katsuwonus,pelamis,Yes,-1.83,-170.388,PIPA,,S261,S261-023-NT,18-Jul-15,2313,30.4,7.73,34.99,5245,0,1618,0.5,809,4.5,0.005562423,6,set
S261-023-NT-T1,261-G162,,Thunnus,N/A,N/A,S261-023-NT-T1,Thunnus,,No,-1.83,-170.388,PIPA,,S261,S261-023-NT,18-Jul-15,2313,30.4,7.73,34.99,5245,0,1618,0.5,809,4.5,0.005562423,6,set
S261-023-TT-K1,261-G122,,K. pelamis,N/A,N/A,S261-023-TT-K1,Katsuwonus,pelamis,No,-1.825,-170.378,PIPA,,S261,S261-023-TT,18-Jul-15,2251,30.4,7.48,35,5245,92,2160.938,1,2160.938,101,0.046738962,6,set
S261-023-TT-K10,261-G126,GC_2,K. pelamis,5.273,4.206666667,S261-023-TT-K10,Katsuwonus,pelamis,Yes,-1.825,-170.378,PIPA,,S261,S261-023-TT,18-Jul-15,2251,30.4,7.48,35,5245,92,2160.938,1,2160.938,101,0.046738962,6,set
S261-023-TT-K11,261-G127,GC_3,K. pelamis,5.7961,5.369111111,S261-023-TT-K11,Katsuwonus,pelamis,Yes,-1.825,-170.378,PIPA,,S261,S261-023-TT,18-Jul-15,2251,30.4,7.48,35,5245,92,2160.938,1,2160.938,101,0.046738962,6,set
S261-023-TT-K12,261-G128,,K. pelamis,4.5108,2.512888889,S261-023-TT-K12,Katsuwonus,pelamis,No,-1.825,-170.378,PIPA,,S261,S261-023-TT,18-Jul-15,2251,30.4,7.48,35,5245,92,2160.938,1,2160.938,101,0.046738962,6,set
S261-023-TT-K13,261-G129,,K. pelamis,N/A,N/A,S261-023-TT-K13,Katsuwonus,pelamis,No,-1.825,-170.378,PIPA,,S261,S261-023-TT,18-Jul-15,2251,30.4,7.48,35,5245,92,2160.938,1,2160.938,101,0.046738962,6,set
S261-023-TT-K14,,,K. pelamis,5.3816,4.448,S261-023-TT-K14,Katsuwonus,pelamis,No,-1.825,-170.378,PIPA,,S261,S261-023-TT,18-Jul-15,2251,30.4,7.48,35,5245,92,2160.938,1,2160.938,101,0.046738962,6,set
S261-023-TT-K15,261-G130,,K. pelamis,4.2264,1.880888889,S261-023-TT-K15,Katsuwonus,pelamis,No,-1.825,-170.378,PIPA,,S261,S261-023-TT,18-Jul-15,2251,30.4,7.48,35,5245,92,2160.938,1,2160.938,101,0.046738962,6,set
S261-023-TT-K16,261-G131,,K. pelamis,4.3581,2.173555556,S261-023-TT-K16,Katsuwonus,pelamis,No,-1.825,-170.378,PIPA,,S261,S261-023-TT,18-Jul-15,2251,30.4,7.48,35,5245,92,2160.938,1,2160.938,101,0.046738962,6,set
S261-023-TT-K17,261-G132,,K. pelamis,5.2378,4.128444444,S261-023-TT-K17,Katsuwonus,pelamis,No,-1.825,-170.378,PIPA,,S261,S261-023-TT,18-Jul-15,2251,30.4,7.48,35,5245,92,2160.938,1,2160.938,101,0.046738962,6,set
S261-023-TT-K18,261-G133,,K. pelamis,4.9121,3.404666667,S261-023-TT-K18,Katsuwonus,pelamis,No,-1.825,-170.378,PIPA,,S261,S261-023-TT,18-Jul-15,2251,30.4,7.48,35,5245,92,2160.938,1,2160.938,101,0.046738962,6,set
S261-023-TT-K19,,,K. pelamis,3.6364,0.569777778,S261-023-TT-K19,Katsuwonus,pelamis,No,-1.825,-170.378,PIPA,,S261,S261-023-TT,18-Jul-15,2251,30.4,7.48,35,5245,92,2160.938,1,2160.938,101,0.046738962,6,set
S261-023-TT-K2,261-G123,,K. pelamis,N/A,N/A,S261-023-TT-K2,Katsuwonus,pelamis,No,-1.825,-170.378,PIPA,,S261,S261-023-TT,18-Jul-15,2251,30.4,7.48,35,5245,92,2160.938,1,2160.938,101,0.046738962,6,set
S261-023-TT-K20,261-G134,,K. pelamis,4.7941,3.142444444,S261-023-TT-K20,Katsuwonus,pelamis,No,-1.825,-170.378,PIPA,,S261,S261-023-TT,18-Jul-15,2251,30.4,7.48,35,5245,92,2160.938,1,2160.938,101,0.046738962,6,set
S261-023-TT-K21,,GC_352,K. pelamis,5.2499,4.155333333,S261-023-TT-K21,Katsuwonus,pelamis,Yes,-1.825,-170.378,PIPA,,S261,S261-023-TT,18-Jul-15,2251,30.4,7.48,35,5245,92,2160.938,1,2160.938,101,0.046738962,6,set
S261-023-TT-K22,261-G135,,K. pelamis,6.4118,6.737333333,S261-023-TT-K22,Katsuwonus,pelamis,No,-1.825,-170.378,PIPA,,S261,S261-023-TT,18-Jul-15,2251,30.4,7.48,35,5245,92,2160.938,1,2160.938,101,0.046738962,6,set
S261-023-TT-K23,,,K. pelamis,4.1711,1.758,S261-023-TT-K23,Katsuwonus,pelamis,No,-1.825,-170.378,PIPA,,S261,S261-023-TT,18-Jul-15,2251,30.4,7.48,35,5245,92,2160.938,1,2160.938,101,0.046738962,6,set
S261-023-TT-K3,,,K. pelamis,N/A,N/A,S261-023-TT-K3,Katsuwonus,pelamis,No,-1.825,-170.378,PIPA,,S261,S261-023-TT,18-Jul-15,2251,30.4,7.48,35,5245,92,2160.938,1,2160.938,101,0.046738962,6,set
S261-023-TT-K4,,,K. pelamis,N/A,N/A,S261-023-TT-K4,Katsuwonus,pelamis,No,-1.825,-170.378,PIPA,,S261,S261-023-TT,18-Jul-15,2251,30.4,7.48,35,5245,92,2160.938,1,2160.938,101,0.046738962,6,set
S261-023-TT-K5,,,K. pelamis,N/A,N/A,S261-023-TT-K5,Katsuwonus,pelamis,No,-1.825,-170.378,PIPA,,S261,S261-023-TT,18-Jul-15,2251,30.4,7.48,35,5245,92,2160.938,1,2160.938,101,0.046738962,6,set
S261-023-TT-K6,,,K. pelamis,N/A,N/A,S261-023-TT-K6,Katsuwonus,pelamis,No,-1.825,-170.378,PIPA,,S261,S261-023-TT,18-Jul-15,2251,30.4,7.48,35,5245,92,2160.938,1,2160.938,101,0.046738962,6,set
S261-023-TT-K7,,GC_4,K. pelamis,N/A,N/A,S261-023-TT-K7,Katsuwonus,pelamis,Yes,-1.825,-170.378,PIPA,,S261,S261-023-TT,18-Jul-15,2251,30.4,7.48,35,5245,92,2160.938,1,2160.938,101,0.046738962,6,set
S261-023-TT-K8,261-G124,,K. pelamis,5.5844,4.898666667,S261-023-TT-K8,Katsuwonus,pelamis,No,-1.825,-170.378,PIPA,,S261,S261-023-TT,18-Jul-15,2251,30.4,7.48,35,5245,92,2160.938,1,2160.938,101,0.046738962,6,set
S261-023-TT-K9,261-G125,,K. pelamis,5.8523,5.494,S261-023-TT-K9,Katsuwonus,pelamis,No,-1.825,-170.378,PIPA,,S261,S261-023-TT,18-Jul-15,2251,30.4,7.48,35,5245,92,2160.938,1,2160.938,101,0.046738962,6,set
S261-023-TT-T1,261-G21,,Thunnus,N/A,N/A,S261-023-TT-T1,Thunnus,albacares,No,-1.825,-170.378,PIPA,,S261,S261-023-TT,18-Jul-15,2251,30.4,7.48,35,5245,92,2160.938,1,2160.938,101,0.046738962,6,set
S261-023-TT-T2,261-G22,,Thunnus,N/A,N/A,S261-023-TT-T2,Thunnus,albacares,No,-1.825,-170.378,PIPA,,S261,S261-023-TT,18-Jul-15,2251,30.4,7.48,35,5245,92,2160.938,1,2160.938,101,0.046738962,6,set
S261-023-TT-T3,261-G159,,Thunnus,N/A,N/A,S261-023-TT-T3,Thunnus,,No,-1.825,-170.378,PIPA,,S261,S261-023-TT,18-Jul-15,2251,30.4,7.48,35,5245,92,2160.938,1,2160.938,101,0.046738962,6,set
S261-023-TT-T4,261-G160,,Thunnus,5.5089,6.483513514,S261-023-TT-T4,Thunnus,,No,-1.825,-170.378,PIPA,,S261,S261-023-TT,18-Jul-15,2251,30.4,7.48,35,5245,92,2160.938,1,2160.938,101,0.046738962,6,set
S261-023-TT-T5,261-G161,,Thunnus,4.6286,4.104324324,S261-023-TT-T5,Thunnus,,No,-1.825,-170.378,PIPA,,S261,S261-023-TT,18-Jul-15,2251,30.4,7.48,35,5245,92,2160.938,1,2160.938,101,0.046738962,6,set
S261-024-TT-K1,,,K. pelamis,N/A,N/A,S261-024-TT-K1,Katsuwonus,pelamis,No,-2.163,-170.565,PIPA,,S261,S261-024-TT,19-Jul-15,1105,30.4,3.67,35,4894,107,1842.327,1,1842.327,59,0.032024717,11,risen
S261-024-TT-K2,261-G136,,K. pelamis,7.2705,8.645555556,S261-024-TT-K2,Katsuwonus,pelamis,No,-2.163,-170.565,PIPA,,S261,S261-024-TT,19-Jul-15,1105,30.4,3.67,35,4894,107,1842.327,1,1842.327,59,0.032024717,11,risen
S261-025-NT-K1,,,K. pelamis,3.8782,1.107111111,S261-025-NT-K1,Katsuwonus,pelamis,No,-2.468,-170.86,PIPA,,S261,S261-025-NT,19-Jul-15,2350,30.3,6.99,34.9,5259,0,2588,0.5,1294,16.2,0.01251932,11,set
S261-025-TT-K1,261-G137,,K. pelamis,N/A,N/A,S261-025-TT-K1,Katsuwonus,pelamis,No,-2.463,-170.845,PIPA,,S261,S261-025-TT,19-Jul-15,2320,30.3,7.12,34.9,5259,111,1741.454,1,1741.454,129,0.074076031,11,set
S261-025-TT-T2,261-G163,,Thunnus,N/A,N/A,S261-025-TT-T2,Thunnus,,No,-2.463,-170.845,PIPA,,S261,S261-025-TT,19-Jul-15,2320,30.3,7.12,34.9,5259,111,1741.454,1,1741.454,129,0.074076031,11,set
S261-026-TT-K1,261-G138,,K. pelamis,N/A,N/A,S261-026-TT-K1,Katsuwonus,pelamis,,-3.115,-171.138,Enderbury Island,,S261,S261-026-TT,20-Jul-15,1120,30.3,3.75,35,2284,99,940.694,1,940.694,59,0.062719652,18,risen
S261-026-TT-T1,261-G24,,Thunnus,N/A,N/A,S261-026-TT-T1,Thunnus,albacares,No,-3.115,-171.138,Enderbury Island,,S261,S261-026-TT,20-Jul-15,1120,30.3,3.75,35,2284,99,940.694,1,940.694,59,0.062719652,18,risen
S261-026-TT-T2,,,Thunnus,N/A,N/A,S261-026-TT-T2,Thunnus,,No,-3.115,-171.138,Enderbury Island,,S261,S261-026-TT,20-Jul-15,1120,30.3,3.75,35,2284,99,940.694,1,940.694,59,0.062719652,18,risen
S261-028-TT-K1,261-G139,,K. pelamis,6.719,7.42,S261-028-TT-K1,Katsuwonus,pelamis,No,-3.008,-171.383,Seamount #1,,S261,S261-028-TT,20-Jul-15,2248,30.2,4.56,34.91,1308,84,2237.594,1,2237.594,64,0.02860215,18,set
S261-028-TT-T1,,,Thunnus,N/A,N/A,S261-028-TT-T1,Thunnus,,No,-3.008,-171.383,Seamount #1,,S261,S261-028-TT,20-Jul-15,2248,30.2,4.56,34.91,1308,84,2237.594,1,2237.594,64,0.02860215,18,set
S261-029-TT-K1,,,K. pelamis,N/A,N/A,S261-029-TT-K1,Katsuwonus,pelamis,No,-2.84,-171.742,PIPA,,S261,S261-029-TT,25-Jul-15,1044,30.5,2.64,34.88,1665,97,2145.025,1,2145.025,19,0.008857706,63,set
S261-029-TT-K2,261-G140,,K. pelamis,N/A,N/A,S261-029-TT-K2,Katsuwonus,pelamis,No,-2.84,-171.742,PIPA,,S261,S261-029-TT,25-Jul-15,1044,30.5,2.64,34.88,1665,97,2145.025,1,2145.025,19,0.008857706,63,set
S261-029-TT-K3,,,K. pelamis,N/A,N/A,S261-029-TT-K3,Katsuwonus,pelamis,No,-2.84,-171.742,PIPA,,S261,S261-029-TT,25-Jul-15,1044,30.5,2.64,34.88,1665,97,2145.025,1,2145.025,19,0.008857706,63,set
S261-029-TT-T1,261-G25,,Thunnus,N/A,N/A,S261-029-TT-T1,Thunnus,albacares,No,-2.84,-171.742,PIPA,,S261,S261-029-TT,25-Jul-15,1044,30.5,2.64,34.88,1665,97,2145.025,1,2145.025,19,0.008857706,63,set
S261-031-NT-K1,,,K. pelamis,N/A,N/A,S261-031-NT-K1,Katsuwonus,pelamis,No,-3.382,-171.657,PIPA,,S261,S261-031-NT,25-Jul-15,2321,30.4,3.84,34.9,5296,0,2337,0.5,1168.5,17,0.014548567,63,risen
S261-035-TTD-T1,,,Thunnus,3.5648,1.229189189,S261-035-TTD-T1,Thunnus,,No,-3.505,-172.845,Orona to Winslow,,S261,S261-035-TTD,29-Jul-15,2205,30.5,4.49,34.9,4660,83,1151.411,1,1151.411,30,0.026054988,95,risen
S261-035-TTS-K1,261-G141,GC_5,K. pelamis,N/A,N/A,S261-035-TTS-K1,Katsuwonus,pelamis,Yes,-3.852,-172.847,Orona to Winslow,,S261,S261-035-TTS,29-Jul-15,2229,30.5,4.49,34.9,4660,40,1034.305,1,1034.305,50,0.04834164,95,risen
S261-042-TTD-K1,,,K. pelamis,N/A,N/A,S261-042-TTD-K1,Katsuwonus,pelamis,No,-1.44,-174.502,Winslow,,S261,S261-042-TTD,31-Jul-15,2215,30.8,2.8,34.6,5229,97,1169.006,1,1169.006,39,0.033361677,100,risen
S261-042-TTD-T1,261-G27,,Thunnus,N/A,N/A,S261-042-TTD-T1,Thunnus,,No,-1.44,-174.502,Winslow,,S261,S261-042-TTD,31-Jul-15,2215,30.8,2.8,34.6,5229,97,1169.006,1,1169.006,39,0.033361677,100,risen
S261-042-TTD-T2,261-G26,,Thunnus,N/A,N/A,S261-042-TTD-T2,Thunnus,albacares,No,-1.44,-174.502,Winslow,,S261,S261-042-TTD,31-Jul-15,2215,30.8,2.8,34.6,5229,97,1169.006,1,1169.006,39,0.033361677,100,risen
S261-042-TTD-T3,261-G164,,Thunnus,N/A,N/A,S261-042-TTD-T3,Thunnus,,No,-1.44,-174.502,Winslow,,S261,S261-042-TTD,31-Jul-15,2215,30.8,2.8,34.6,5229,97,1169.006,1,1169.006,39,0.033361677,100,risen
S261-042-TTS-T1,,GC_349,Thunnus,N/A,N/A,S261-042-TTS-T1,Thunnus,,Yes,-1.447,-174.488,Winslow,,S261,S261-042-TTS,31-Jul-15,2244,30.8,2.8,34.6,5229,43,1388.774,1,1388.774,17.8,0.01281706,100,risen
S261-044-NT-T1,,,Thunnus,N/A,N/A,S261-044-NT-T1,Thunnus,,No,-1.653,-174.683,Winslow,,S261,S261-044-NT,1-Aug-15,340,30.6,2.87,34.62,4062,0,2254,0.5,1127,19,0.016858917,98,risen
S261-044-NT-T2,,,Thunnus,N/A,N/A,S261-044-NT-T2,Thunnus,,No,-1.653,-174.683,Winslow,,S261,S261-044-NT,1-Aug-15,340,30.6,2.87,34.62,4062,0,2254,0.5,1127,19,0.016858917,98,risen
S261-056-TTS-T1,261-G17,,Thunnus,4.2958,3.204864865,S261-056-TTS-T1,Thunnus,,,-2.932,-174.86,PIPA,,S261,S261-056-TTS,3-Aug-15,2307,30.6,3.48,34.62,5820,42,1323.065,1,1323.065,37,0.027965368,87,risen
S261-057-TTD-K1,261-G142,,K. pelamis,4.9729,3.539777778,S261-057-TTD-K1,Katsuwonus,pelamis,No,-3.405,-174.647,PIPA,,S261,S261-057-TTD,4-Aug-15,1043,30.6,3.06,34.82,3326,101,1375.13,1,1375.13,28,0.020361711,78,set
S261-061-TTS-K1,261-G143,,K. pelamis,4.9042,3.387111111,S261-061-TTS-K1,Katsuwonus,pelamis,No,-4.718,-174.537,Nikumaroro,,S261,S261-061-TTS,5-Aug-15,1143,30.2,5.05,35,2765,41,1138.835,1,1138.835,76,0.066734865,68,set
S261-061-TTS-K2,261-G144,,K. pelamis,4.5639,2.630888889,S261-061-TTS-K2,Katsuwonus,pelamis,No,-4.718,-174.537,Nikumaroro,,S261,S261-061-TTS,5-Aug-15,1143,30.2,5.05,35,2765,41,1138.835,1,1138.835,76,0.066734865,68,set
S261-062-NT-K1,,,K. pelamis,N/A,N/A,S261-062-NT-K1,Katsuwonus,pelamis,No,-5.148,-174.247,PIPA,,S261,S261-062-NT,7-Aug-15,38,30.2,8.17,35.2,5544,0,1872,0.5,936,13,0.013888889,46,risen
S261-062-TTD-K1,261-G145,,K. pelamis,N/A,N/A,S261-062-TTD-K1,Katsuwonus,pelamis,No,-5.12,-174.233,PIPA,,S261,S261-062-TTD,7-Aug-15,8,30.2,8.15,35.15,5544,87,1482.704,1,1482.704,46.5,0.03136162,46,risen
S261-062-TTD-K2,,GC_353,K. pelamis,N/A,N/A,S261-062-TTD-K2,Katsuwonus,pelamis,Yes,-5.12,-174.233,PIPA,,S261,S261-062-TTD,7-Aug-15,8,30.2,8.15,35.15,5544,87,1482.704,1,1482.704,46.5,0.03136162,46,risen
S261-062-TTD-K3,261-G146,,K. pelamis,N/A,N/A,S261-062-TTD-K3,Katsuwonus,pelamis,No,-5.12,-174.233,PIPA,,S261,S261-062-TTD,7-Aug-15,8,30.2,8.15,35.15,5544,87,1482.704,1,1482.704,46.5,0.03136162,46,risen
S261-062-TTD-K4,261-G147,,K. pelamis,5.7026,5.161333333,S261-062-TTD-K4,Katsuwonus,pelamis,No,-5.12,-174.233,PIPA,,S261,S261-062-TTD,7-Aug-15,8,30.2,8.15,35.15,5544,87,1482.704,1,1482.704,46.5,0.03136162,46,risen
S261-062-TTD-K5,,GC_354,K. pelamis,4.1573,1.727333333,S261-062-TTD-K5,Katsuwonus,pelamis,Yes,-5.12,-174.233,PIPA,,S261,S261-062-TTD,7-Aug-15,8,30.2,8.15,35.15,5544,87,1482.704,1,1482.704,46.5,0.03136162,46,risen
S261-062-TTD-K6,,,K. pelamis,3.8272,0.993777778,S261-062-TTD-K6,Katsuwonus,pelamis,No,-5.12,-174.233,PIPA,,S261,S261-062-TTD,7-Aug-15,8,30.2,8.15,35.15,5544,87,1482.704,1,1482.704,46.5,0.03136162,46,risen
S261-062-TTS-K1,,,K. pelamis,N/A,N/A,S261-062-TTS-K1,Katsuwonus,pelamis,No,-5.148,-174.247,PIPA,,S261,S261-062-TTS,7-Aug-15,36,30.2,8.15,35.15,5544,43,1215.197,1,1215.197,64,0.052666358,46,risen
S261-064-NT-K1,,,K. pelamis,N/A,N/A,S261-064-NT-K1,Katsuwonus,pelamis,No,-6.47,-173.602,PIPA,,S261,S261-064-NT,7-Aug-15,2237,30.1,10.07,35.32,2550,0,1522,0.5,761,26,0.034165572,46,set
S261-064-NT-K2,,,K. pelamis,N/A,N/A,S261-064-NT-K2,Katsuwonus,pelamis,No,-6.47,-173.602,PIPA,,S261,S261-064-NT,7-Aug-15,2237,30.1,10.07,35.32,2550,0,1522,0.5,761,26,0.034165572,46,set
S261-064-NT-K3,261-G153,,K. pelamis,3.7879,0.906444444,S261-064-NT-K3,Katsuwonus,pelamis,No,-6.47,-173.602,PIPA,,S261,S261-064-NT,7-Aug-15,2237,30.1,10.07,35.32,2550,0,1522,0.5,761,26,0.034165572,46,set
S261-064-NT-K4,261-G154,,K. pelamis,N/A,N/A,S261-064-NT-K4,Katsuwonus,pelamis,No,-6.47,-173.602,PIPA,,S261,S261-064-NT,7-Aug-15,2237,30.1,10.07,35.32,2550,0,1522,0.5,761,26,0.034165572,46,set
S261-064-TTD-K1,261-G148,,K. pelamis,N/A,N/A,S261-064-TTD-K1,Katsuwonus,pelamis,No,-6.465,-173.608,PIPA,,S261,S261-064-TTD,7-Aug-15,2224,30.2,10.12,35.32,2550,88,1400.468,1,1400.468,121,0.086399689,46,set
S261-064-TTD-K2,,,K. pelamis,N/A,N/A,S261-064-TTD-K2,Katsuwonus,pelamis,No,-6.465,-173.608,PIPA,,S261,S261-064-TTD,7-Aug-15,2224,30.2,10.12,35.32,2550,88,1400.468,1,1400.468,121,0.086399689,46,set
S261-064-TTS-K1,261-G149,,K. pelamis,N/A,N/A,S261-064-TTS-K1,Katsuwonus,pelamis,No,-6.473,-173.608,PIPA,,S261,S261-064-TTS,7-Aug-15,2251,30.2,10.12,35.32,2550,43,1192.369,1,1192.369,67,0.056190659,46,set
S261-064-TTS-K2,261-G150,,K. pelamis,N/A,N/A,S261-064-TTS-K2,Katsuwonus,pelamis,No,-6.473,-173.608,PIPA,,S261,S261-064-TTS,7-Aug-15,2251,30.2,10.12,35.32,2550,43,1192.369,1,1192.369,67,0.056190659,46,set
S261-064-TTS-K3,261-G151,,K. pelamis,N/A,N/A,S261-064-TTS-K3,Katsuwonus,pelamis,No,-6.473,-173.608,PIPA,,S261,S261-064-TTS,7-Aug-15,2251,30.2,10.12,35.32,2550,43,1192.369,1,1192.369,67,0.056190659,46,set
S261-064-TTS-K4,261-G152,,K. pelamis,4.7857,3.123777778,S261-064-TTS-K4,Katsuwonus,pelamis,No,-6.473,-173.608,PIPA,,S261,S261-064-TTS,7-Aug-15,2251,30.2,10.12,35.32,2550,43,1192.369,1,1192.369,67,0.056190659,46,set
S268-006-TTD-K1,268-G160,,K. pelamis,6.2372,6.349333333,S268-006-TTD-K1,Katsuwonus,pelamis,No,14.405,-161.74,NPSG,NPSG,S268,S268-006-TTD,7-Jul-16,2159,27.4,2.67,34.62,5625,106,1459.996,1,1459.996,31,0.021232935,15,set
S268-006-TTD-K2,268-G161,,K. pelamis,5.5812,4.891555556,S268-006-TTD-K2,Katsuwonus,pelamis,No,14.405,-161.74,NPSG,NPSG,S268,S268-006-TTD,7-Jul-16,2159,27.4,2.67,34.62,5625,106,1459.996,1,1459.996,31,0.021232935,15,set
S268-006-TTS-K1,268-G157,GC_35,K. pelamis,N/A,N/A,S268-006-TTS-K1,Katsuwonus,pelamis,Yes,14.392,-161.743,NPSG,NPSG,S268,S268-006-TTS,7-Jul-16,2229,27.5,2.88,34.62,5625,42,1459.983,1,1459.983,43,0.029452398,15,set
S268-006-TTS-K2,268-G158,,K. pelamis,N/A,N/A,S268-006-TTS-K2,Katsuwonus,pelamis,No,14.392,-161.743,NPSG,NPSG,S268,S268-006-TTS,7-Jul-16,2229,27.5,2.88,34.62,5625,42,1459.983,1,1459.983,43,0.029452398,15,set
S268-006-TTS-K3,268-G159,,K. pelamis,N/A,N/A,S268-006-TTS-K3,Katsuwonus,pelamis,Yes,14.392,-161.743,NPSG,NPSG,S268,S268-006-TTS,7-Jul-16,2229,27.5,2.88,34.62,5625,42,1459.983,1,1459.983,43,0.029452398,15,set
S268-010-TTD-T1,268-G250,,Thunnus,N/A,N/A,S268-010-TTD-T1,Thunnus,albacares,No,10.052,-163.162,NEC,NEC,S268,S268-010-TTD,9-Jul-16,2202,28.6,2.99,34.08,4731,91,1700.229,1,1700.229,64,0.037641988,27,set
S268-010-TTS-K1,268-G162,,K. pelamis,5.0891,3.798,S268-010-TTS-K1,Katsuwonus,pelamis,No,10.032,-163.163,NEC,NEC,S268,S268-010-TTS,9-Jul-16,2237,28.6,3.23,34.09,4423,48,1221.071,1,1221.071,60,0.049137192,27,set
S268-010-TTS-K2,268-G163,GC_36,K. pelamis,4.2225,1.872222222,S268-010-TTS-K2,Katsuwonus,pelamis,Yes,10.032,-163.163,NEC,NEC,S268,S268-010-TTS,9-Jul-16,2237,28.6,3.23,34.09,4423,48,1221.071,1,1221.071,60,0.049137192,27,set
S268-010-TTS-K3,268-G164,,K. pelamis,4.6,2.711111111,S268-010-TTS-K3,Katsuwonus,pelamis,No,10.032,-163.163,NEC,NEC,S268,S268-010-TTS,9-Jul-16,2237,28.6,3.23,34.09,4423,48,1221.071,1,1221.071,60,0.049137192,27,set
S268-010-TTS-T1,268-G18,,Thunnus,5.6278,6.804864865,S268-010-TTS-T1,Thunnus,obesus,No,10.032,-163.163,NEC,NEC,S268,S268-010-TTS,9-Jul-16,2237,28.6,3.23,34.09,4423,48,1221.071,1,1221.071,60,0.049137192,27,set
S268-016-TTS-K1,268-G165,,K. pelamis,6.3643,6.631777778,S268-016-TTS-K1,Katsuwonus,pelamis,No,4.14,-167.375,NECC,NECC,S268,S268-016-TTS,12-Jul-16,2215,29.5,10.55,34.64,5200,41.1,1212.581,1,1212.581,284,0.234211158,55,risen
S268-018-TTD-K1,268-G167,,K. pelamis,4.0983,1.596222222,S268-018-TTD-K1,Katsuwonus,pelamis,No,2.313,-168.88,SEC,SEC,S268,S268-018-TTD,13-Jul-16,2148,29,15.73,34.97,3768,100.1,1526.973,1,1526.973,261,0.170926401,64,risen
S268-018-TTS-K1,268-G166,,K. pelamis,4.8531,3.273555556,S268-018-TTS-K1,Katsuwonus,pelamis,No,2.307,-168.898,SEC,SEC,S268,S268-018-TTS,13-Jul-16,2222,29,15.47,34.97,3768,46,1310.222,1,1310.222,359,0.273999368,64,risen
S268-022-TTS-T1,268-G19,,Thunnus,N/A,N/A,S268-022-TTS-T1,Thunnus,albacares,No,-0.488,-170.148,EUC,EUC,S268,S268-022-TTS,15-Jul-16,1121,28.5,7.29,35.18,4366,35.7,1331.449,1,1331.449,164,0.123174076,81,set
S268-023-TTD-K1,268-G6,GC_37,K. pelamis,N/A,N/A,S268-023-TTD-K1,Katsuwonus,pelamis,Yes,-1.035,-170.335,SEC/EUC,SEC/EUC,S268,S268-023-TTD,15-Jul-16,2148,28.6,13.9,35.18,3120,98.8,1414.673,1,1414.673,211,0.149151076,88,risen
S268-024-TTD-K1,,,K. pelamis,5.8553,5.500666667,S268-024-TTD-K1,Katsuwonus,pelamis,No,-1.455,-170.393,PIPA,,S268,S268-024-TTD,16-Jul-16,1048,29.2,5.76,35.22,5450,97.5,1655.053,1,1655.053,256,0.154677826,88,set
S268-024-TTS-K1,268-G168,,K. pelamis,N/A,N/A,S268-024-TTS-K1,Katsuwonus,pelamis,No,-1.465,-170.402,PIPA,,S268,S268-024-TTS,16-Jul-16,1127,29.2,5.76,35.22,5450,46.3,998.767,1,998.767,178,0.178219745,88,set
S268-025-NT-K1,268-G195,,K. pelamis,N/A,N/A,S268-025-NT-K1,Katsuwonus,pelamis,No,-2.077,-170.425,PIPA,,S268,S268-025-NT,17-Jul-16,4,29.3,19.25,35.26,5000,0,2379,0.5,1189.5,101.5,0.085329971,93,risen
S268-025-NT-K10,268-G202,,K. pelamis,5.848,5.484444444,S268-025-NT-K10,Katsuwonus,pelamis,No,-2.077,-170.425,PIPA,,S268,S268-025-NT,17-Jul-16,4,29.3,19.25,35.26,5000,0,2379,0.5,1189.5,101.5,0.085329971,93,risen
S268-025-NT-K11,268-G203,,K. pelamis,5.2033,4.051777778,S268-025-NT-K11,Katsuwonus,pelamis,No,-2.077,-170.425,PIPA,,S268,S268-025-NT,17-Jul-16,4,29.3,19.25,35.26,5000,0,2379,0.5,1189.5,101.5,0.085329971,93,risen
S268-025-NT-K12,268-G204,,K. pelamis,N/A,N/A,S268-025-NT-K12,Katsuwonus,pelamis,No,-2.077,-170.425,PIPA,,S268,S268-025-NT,17-Jul-16,4,29.3,19.25,35.26,5000,0,2379,0.5,1189.5,101.5,0.085329971,93,risen
S268-025-NT-K13,268-G205,,K. pelamis,5.5445,4.81,S268-025-NT-K13,Katsuwonus,pelamis,No,-2.077,-170.425,PIPA,,S268,S268-025-NT,17-Jul-16,4,29.3,19.25,35.26,5000,0,2379,0.5,1189.5,101.5,0.085329971,93,risen
S268-025-NT-K14,268-G206,GC_54,K. pelamis,N/A,N/A,S268-025-NT-K14,Katsuwonus,pelamis,Yes,-2.077,-170.425,PIPA,,S268,S268-025-NT,17-Jul-16,4,29.3,19.25,35.26,5000,0,2379,0.5,1189.5,101.5,0.085329971,93,risen
S268-025-NT-K15,268-G207,,K. pelamis,4.3668,2.192888889,S268-025-NT-K15,Katsuwonus,pelamis,No,-2.077,-170.425,PIPA,,S268,S268-025-NT,17-Jul-16,4,29.3,19.25,35.26,5000,0,2379,0.5,1189.5,101.5,0.085329971,93,risen
S268-025-NT-K16,268-G208,GC_55,K. pelamis,4.5606,2.623555556,S268-025-NT-K16,Katsuwonus,pelamis,Yes,-2.077,-170.425,PIPA,,S268,S268-025-NT,17-Jul-16,4,29.3,19.25,35.26,5000,0,2379,0.5,1189.5,101.5,0.085329971,93,risen
S268-025-NT-K17,268-G209,,K. pelamis,4.4915,2.47,S268-025-NT-K17,Katsuwonus,pelamis,No,-2.077,-170.425,PIPA,,S268,S268-025-NT,17-Jul-16,4,29.3,19.25,35.26,5000,0,2379,0.5,1189.5,101.5,0.085329971,93,risen
S268-025-NT-K18,268-G210,,K. pelamis,4.8667,3.303777778,S268-025-NT-K18,Katsuwonus,pelamis,No,-2.077,-170.425,PIPA,,S268,S268-025-NT,17-Jul-16,4,29.3,19.25,35.26,5000,0,2379,0.5,1189.5,101.5,0.085329971,93,risen
S268-025-NT-K19,268-G211,,K. pelamis,N/A,N/A,S268-025-NT-K19,Katsuwonus,pelamis,No,-2.077,-170.425,PIPA,,S268,S268-025-NT,17-Jul-16,4,29.3,19.25,35.26,5000,0,2379,0.5,1189.5,101.5,0.085329971,93,risen
S268-025-NT-K2,,,K. pelamis,N/A,N/A,S268-025-NT-K2,Katsuwonus,pelamis,Yes,-2.077,-170.425,PIPA,,S268,S268-025-NT,17-Jul-16,4,29.3,19.25,35.26,5000,0,2379,0.5,1189.5,101.5,0.085329971,93,risen
S268-025-NT-K20,268-G212,,K. pelamis,4.5333,2.562888889,S268-025-NT-K20,Katsuwonus,pelamis,No,-2.077,-170.425,PIPA,,S268,S268-025-NT,17-Jul-16,4,29.3,19.25,35.26,5000,0,2379,0.5,1189.5,101.5,0.085329971,93,risen
S268-025-NT-K21,268-G213,,K. pelamis,N/A,N/A,S268-025-NT-K21,Katsuwonus,pelamis,No,-2.077,-170.425,PIPA,,S268,S268-025-NT,17-Jul-16,4,29.3,19.25,35.26,5000,0,2379,0.5,1189.5,101.5,0.085329971,93,risen
S268-025-NT-K22,,,K. pelamis,N/A,N/A,S268-025-NT-K22,Katsuwonus,pelamis,No,-2.077,-170.425,PIPA,,S268,S268-025-NT,17-Jul-16,4,29.3,19.25,35.26,5000,0,2379,0.5,1189.5,101.5,0.085329971,93,risen
S268-025-NT-K3,268-G196,,K. pelamis,6.0145,5.854444444,S268-025-NT-K3,Katsuwonus,pelamis,No,-2.077,-170.425,PIPA,,S268,S268-025-NT,17-Jul-16,4,29.3,19.25,35.26,5000,0,2379,0.5,1189.5,101.5,0.085329971,93,risen
S268-025-NT-K4,268-G197,,K. pelamis,N/A,N/A,S268-025-NT-K4,Katsuwonus,pelamis,No,-2.077,-170.425,PIPA,,S268,S268-025-NT,17-Jul-16,4,29.3,19.25,35.26,5000,0,2379,0.5,1189.5,101.5,0.085329971,93,risen
S268-025-NT-K5,268-G198,GC_51,K. pelamis,5.2589,4.175333333,S268-025-NT-K5,Katsuwonus,pelamis,Yes,-2.077,-170.425,PIPA,,S268,S268-025-NT,17-Jul-16,4,29.3,19.25,35.26,5000,0,2379,0.5,1189.5,101.5,0.085329971,93,risen
S268-025-NT-K6,,,K. pelamis,5.056,3.724444444,S268-025-NT-K6,Katsuwonus,pelamis,No,-2.077,-170.425,PIPA,,S268,S268-025-NT,17-Jul-16,4,29.3,19.25,35.26,5000,0,2379,0.5,1189.5,101.5,0.085329971,93,risen
S268-025-NT-K7,268-G199,,K. pelamis,5.3447,4.366,S268-025-NT-K7,Katsuwonus,pelamis,No,-2.077,-170.425,PIPA,,S268,S268-025-NT,17-Jul-16,4,29.3,19.25,35.26,5000,0,2379,0.5,1189.5,101.5,0.085329971,93,risen
S268-025-NT-K8,268-G200,GC_52,K. pelamis,4.9671,3.526888889,S268-025-NT-K8,Katsuwonus,pelamis,Yes,-2.077,-170.425,PIPA,,S268,S268-025-NT,17-Jul-16,4,29.3,19.25,35.26,5000,0,2379,0.5,1189.5,101.5,0.085329971,93,risen
S268-025-NT-K9,268-G201,GC_53,K. pelamis,5.2216,4.092444444,S268-025-NT-K9,Katsuwonus,pelamis,Yes,-2.077,-170.425,PIPA,,S268,S268-025-NT,17-Jul-16,4,29.3,19.25,35.26,5000,0,2379,0.5,1189.5,101.5,0.085329971,93,risen
S268-025-TTD-K1,268-G5,GC_44,K. pelamis,aged,#VALUE!,S268-025-TTD-K1,Katsuwonus,pelamis,Yes,-2.04,-170.443,PIPA,,S268,S268-025-TTD,16-Jul-16,2241,29.3,19.25,35.26,5000,108,1401.91,1,1401.91,206,0.146942386,93,risen
S268-025-TTD-K10,268-G183,,K. pelamis,6.3267,6.548222222,S268-025-TTD-K10,Katsuwonus,pelamis,No,-2.04,-170.443,PIPA,,S268,S268-025-TTD,16-Jul-16,2241,29.3,19.25,35.26,5000,108,1401.91,1,1401.91,206,0.146942386,93,risen
S268-025-TTD-K11,268-G184,,K. pelamis,5.1106,3.845777778,S268-025-TTD-K11,Katsuwonus,pelamis,No,-2.04,-170.443,PIPA,,S268,S268-025-TTD,16-Jul-16,2241,29.3,19.25,35.26,5000,108,1401.91,1,1401.91,206,0.146942386,93,risen
S268-025-TTD-K12,268-G185,,K. pelamis,6.5687,7.086,S268-025-TTD-K12,Katsuwonus,pelamis,No,-2.04,-170.443,PIPA,,S268,S268-025-TTD,16-Jul-16,2241,29.3,19.25,35.26,5000,108,1401.91,1,1401.91,206,0.146942386,93,risen
S268-025-TTD-K13,268-G186,,K. pelamis,6.3415,6.581111111,S268-025-TTD-K13,Katsuwonus,pelamis,No,-2.04,-170.443,PIPA,,S268,S268-025-TTD,16-Jul-16,2241,29.3,19.25,35.26,5000,108,1401.91,1,1401.91,206,0.146942386,93,risen
S268-025-TTD-K14,268-G187,GC_49,K. pelamis,5.0963,3.814,S268-025-TTD-K14,Katsuwonus,pelamis,Yes,-2.04,-170.443,PIPA,,S268,S268-025-TTD,16-Jul-16,2241,29.3,19.25,35.26,5000,108,1401.91,1,1401.91,206,0.146942386,93,risen
S268-025-TTD-K15,268-G188,GC_50,K. pelamis,6.2754,6.434222222,S268-025-TTD-K15,Katsuwonus,pelamis,Yes,-2.04,-170.443,PIPA,,S268,S268-025-TTD,16-Jul-16,2241,29.3,19.25,35.26,5000,108,1401.91,1,1401.91,206,0.146942386,93,risen
S268-025-TTD-K16,268-G189,,K. pelamis,N/A,N/A,S268-025-TTD-K16,Katsuwonus,pelamis,No,-2.04,-170.443,PIPA,,S268,S268-025-TTD,16-Jul-16,2241,29.3,19.25,35.26,5000,108,1401.91,1,1401.91,206,0.146942386,93,risen
S268-025-TTD-K17,268-G190,,K. pelamis,5.0193,3.642888889,S268-025-TTD-K17,Katsuwonus,pelamis,No,-2.04,-170.443,PIPA,,S268,S268-025-TTD,16-Jul-16,2241,29.3,19.25,35.26,5000,108,1401.91,1,1401.91,206,0.146942386,93,risen
S268-025-TTD-K18,268-G191,,K. pelamis,6.2881,6.462444444,S268-025-TTD-K18,Katsuwonus,pelamis,No,-2.04,-170.443,PIPA,,S268,S268-025-TTD,16-Jul-16,2241,29.3,19.25,35.26,5000,108,1401.91,1,1401.91,206,0.146942386,93,risen
S268-025-TTD-K19,268-G192,,K. pelamis,N/A,N/A,S268-025-TTD-K19,Katsuwonus,pelamis,No,-2.04,-170.443,PIPA,,S268,S268-025-TTD,16-Jul-16,2241,29.3,19.25,35.26,5000,108,1401.91,1,1401.91,206,0.146942386,93,risen
S268-025-TTD-K2,268-G178,,K. pelamis,N/A,N/A,S268-025-TTD-K2,Katsuwonus,pelamis,No,-2.04,-170.443,PIPA,,S268,S268-025-TTD,16-Jul-16,2241,29.3,19.25,35.26,5000,108,1401.91,1,1401.91,206,0.146942386,93,risen
S268-025-TTD-K20,268-G193,,K. pelamis,N/A,N/A,S268-025-TTD-K20,Katsuwonus,pelamis,No,-2.04,-170.443,PIPA,,S268,S268-025-TTD,16-Jul-16,2241,29.3,19.25,35.26,5000,108,1401.91,1,1401.91,206,0.146942386,93,risen
S268-025-TTD-K21,268-G194,,K. pelamis,N/A,N/A,S268-025-TTD-K21,Katsuwonus,pelamis,Yes,-2.04,-170.443,PIPA,,S268,S268-025-TTD,16-Jul-16,2241,29.3,19.25,35.26,5000,108,1401.91,1,1401.91,206,0.146942386,93,risen
S268-025-TTD-K3,268-G10,GC_45,K. pelamis,5.9572,5.727111111,S268-025-TTD-K3,Katsuwonus,pelamis,Yes,-2.04,-170.443,PIPA,,S268,S268-025-TTD,16-Jul-16,2241,29.3,19.25,35.26,5000,108,1401.91,1,1401.91,206,0.146942386,93,risen
S268-025-TTD-K4,268-G4,GC_46,K. pelamis,6.3719,6.648666667,S268-025-TTD-K4,Katsuwonus,pelamis,Yes,-2.04,-170.443,PIPA,,S268,S268-025-TTD,16-Jul-16,2241,29.3,19.25,35.26,5000,108,1401.91,1,1401.91,206,0.146942386,93,risen
S268-025-TTD-K5,268-G179,GC_47,K. pelamis,5.8404,5.467555556,S268-025-TTD-K5,Katsuwonus,pelamis,Yes,-2.04,-170.443,PIPA,,S268,S268-025-TTD,16-Jul-16,2241,29.3,19.25,35.26,5000,108,1401.91,1,1401.91,206,0.146942386,93,risen
S268-025-TTD-K6,268-G180,,K. pelamis,4.9891,3.575777778,S268-025-TTD-K6,Katsuwonus,pelamis,No,-2.04,-170.443,PIPA,,S268,S268-025-TTD,16-Jul-16,2241,29.3,19.25,35.26,5000,108,1401.91,1,1401.91,206,0.146942386,93,risen
S268-025-TTD-K7,268-G3,,K. pelamis,6.4336,6.785777778,S268-025-TTD-K7,Katsuwonus,pelamis,No,-2.04,-170.443,PIPA,,S268,S268-025-TTD,16-Jul-16,2241,29.3,19.25,35.26,5000,108,1401.91,1,1401.91,206,0.146942386,93,risen
S268-025-TTD-K8,268-G181,,K. pelamis,6.1224,6.094222222,S268-025-TTD-K8,Katsuwonus,pelamis,No,-2.04,-170.443,PIPA,,S268,S268-025-TTD,16-Jul-16,2241,29.3,19.25,35.26,5000,108,1401.91,1,1401.91,206,0.146942386,93,risen
S268-025-TTD-K9,268-G182,GC_48,K. pelamis,6.3121,6.515777778,S268-025-TTD-K9,Katsuwonus,pelamis,Yes,-2.04,-170.443,PIPA,,S268,S268-025-TTD,16-Jul-16,2241,29.3,19.25,35.26,5000,108,1401.91,1,1401.91,206,0.146942386,93,risen
S268-025-TTS-K1,268-G169,GC_38,K. pelamis,N/A,N/A,S268-025-TTS-K1,Katsuwonus,pelamis,Yes,-2.057,-170.437,PIPA,,S268,S268-025-TTS,16-Jul-16,2315,29.3,19.25,35.26,5000,49.8,655.058,1,655.058,265,0.40454433,93,risen
S268-025-TTS-K10,268-G177,,K. pelamis,6.3193,6.531777778,S268-025-TTS-K10,Katsuwonus,pelamis,No,-2.057,-170.437,PIPA,,S268,S268-025-TTS,16-Jul-16,2315,29.3,19.25,35.26,5000,49.8,655.058,1,655.058,265,0.40454433,93,risen
S268-025-TTS-K11,,,K. pelamis,4.0079,1.395333333,S268-025-TTS-K11,Katsuwonus,pelamis,No,-2.057,-170.437,PIPA,,S268,S268-025-TTS,16-Jul-16,2315,29.3,19.25,35.26,5000,49.8,655.058,1,655.058,265,0.40454433,93,risen
S268-025-TTS-K2,268-G170,,K. pelamis,N/A,N/A,S268-025-TTS-K2,Katsuwonus,pelamis,No,-2.057,-170.437,PIPA,,S268,S268-025-TTS,16-Jul-16,2315,29.3,19.25,35.26,5000,49.8,655.058,1,655.058,265,0.40454433,93,risen
S268-025-TTS-K3,268-G171,GC_39,K. pelamis,N/A,N/A,S268-025-TTS-K3,Katsuwonus,pelamis,Yes,-2.057,-170.437,PIPA,,S268,S268-025-TTS,16-Jul-16,2315,29.3,19.25,35.26,5000,49.8,655.058,1,655.058,265,0.40454433,93,risen
S268-025-TTS-K4,268-G172,GC_40,K. pelamis,6.1673,6.194,S268-025-TTS-K4,Katsuwonus,pelamis,Yes,-2.057,-170.437,PIPA,,S268,S268-025-TTS,16-Jul-16,2315,29.3,19.25,35.26,5000,49.8,655.058,1,655.058,265,0.40454433,93,risen
S268-025-TTS-K5,268-G173,,K. pelamis,5.9483,5.707333333,S268-025-TTS-K5,Katsuwonus,pelamis,No,-2.057,-170.437,PIPA,,S268,S268-025-TTS,16-Jul-16,2315,29.3,19.25,35.26,5000,49.8,655.058,1,655.058,265,0.40454433,93,risen
S268-025-TTS-K6,268-G174,GC_41,K. pelamis,N/A,N/A,S268-025-TTS-K6,Katsuwonus,pelamis,Yes,-2.057,-170.437,PIPA,,S268,S268-025-TTS,16-Jul-16,2315,29.3,19.25,35.26,5000,49.8,655.058,1,655.058,265,0.40454433,93,risen
S268-025-TTS-K7,,,K. pelamis,N/A,N/A,S268-025-TTS-K7,Katsuwonus,pelamis,Yes,-2.057,-170.437,PIPA,,S268,S268-025-TTS,16-Jul-16,2315,29.3,19.25,35.26,5000,49.8,655.058,1,655.058,265,0.40454433,93,risen
S268-025-TTS-K8,268-G175,GC_42,K. pelamis,5.8703,5.534,S268-025-TTS-K8,Katsuwonus,pelamis,Yes,-2.057,-170.437,PIPA,,S268,S268-025-TTS,16-Jul-16,2315,29.3,19.25,35.26,5000,49.8,655.058,1,655.058,265,0.40454433,93,risen
S268-025-TTS-K9,268-G176,GC_43,K. pelamis,5.3594,4.398666667,S268-025-TTS-K9,Katsuwonus,pelamis,Yes,-2.057,-170.437,PIPA,,S268,S268-025-TTS,16-Jul-16,2315,29.3,19.25,35.26,5000,49.8,655.058,1,655.058,265,0.40454433,93,risen
S268-025-TTS-T1,268-G251,,Thunnus,4.5,3.756756757,S268-025-TTS-T1,Thunnus,albacares,Yes,-2.057,-170.437,PIPA,,S268,S268-025-TTS,16-Jul-16,2315,29.3,19.25,35.26,5000,49.8,655.058,1,655.058,265,0.40454433,93,risen
S268-025-TTS-T2,268-G20,,Thunnus,N/A,N/A,S268-025-TTS-T2,Thunnus,,,-2.057,-170.437,PIPA,,S268,S268-025-TTS,16-Jul-16,2315,29.3,19.25,35.26,5000,49.8,655.058,1,655.058,265,0.40454433,93,risen
S268-026-TTD-K1,268-G7,GC_56,K. pelamis,9.6095,13.84333333,S268-026-TTD-K1,Katsuwonus,pelamis,Yes,-2.497,-170.862,PIPA,,S268,S268-026-TTD,17-Jul-16,1045,30,3.92,35.1,5300,79.7,1184.279,1,1184.279,64,0.05404132,93,set
S268-026-TTS-K1,268-G214,,K. pelamis,N/A,N/A,S268-026-TTS-K1,Katsuwonus,pelamis,No,-2.502,-170.848,PIPA,,S268,S268-026-TTS,17-Jul-16,1117,30,3.92,35.1,5175,48,743.355,1,743.355,106,0.142596741,93,set
S268-026-TTS-T1,268-G21,,K. pelamis,N/A,N/A,S268-026-TTS-T1,Katsuwonus,pelamis,No,-2.502,-170.848,PIPA,,S268,S268-026-TTS,17-Jul-16,1117,30,3.92,35.1,5175,48,743.355,1,743.355,106,0.142596741,93,set
S268-026-TTS-T2,268-G252,,Thunnus,3.7271,1.667837838,S268-026-TTS-T2,Thunnus,obesus,No,-2.502,-170.848,PIPA,,S268,S268-026-TTS,17-Jul-16,1117,30,3.92,35.1,5175,48,743.355,1,743.355,106,0.142596741,93,set
S268-027-NT-K1,268-G145,,K. pelamis,4.4004,2.267555556,S268-027-NT-K1,Katsuwonus,pelamis,No,-2.948,-170.507,PIPA,,S268,S268-027-NT,17-Jul-16,2357,29.6,13.43,35.12,5122,0,1112.6,0.5,556.3,58,0.104260291,93,risen
S268-027-NT-K10,,,K. pelamis,4.928,3.44,S268-027-NT-K10,Katsuwonus,pelamis,No,-2.948,-170.507,PIPA,,S268,S268-027-NT,17-Jul-16,2357,29.6,13.43,35.12,5122,0,1112.6,0.5,556.3,58,0.104260291,93,risen
S268-027-NT-K11,,GC_34,K. pelamis,N/A,N/A,S268-027-NT-K11,Katsuwonus,pelamis,Yes,-2.948,-170.507,PIPA,,S268,S268-027-NT,17-Jul-16,2357,29.6,13.43,35.12,5122,0,1112.6,0.5,556.3,58,0.104260291,93,risen
S268-027-NT-K12,268-G154,,K. pelamis,N/A,N/A,S268-027-NT-K12,Katsuwonus,pelamis,No,-2.948,-170.507,PIPA,,S268,S268-027-NT,17-Jul-16,2357,29.6,13.43,35.12,5122,0,1112.6,0.5,556.3,58,0.104260291,93,risen
S268-027-NT-K13,268-G155,,K. pelamis,N/A,N/A,S268-027-NT-K13,Katsuwonus,pelamis,No,-2.948,-170.507,PIPA,,S268,S268-027-NT,17-Jul-16,2357,29.6,13.43,35.12,5122,0,1112.6,0.5,556.3,58,0.104260291,93,risen
S268-027-NT-K14,268-G156,,K. pelamis,N/A,N/A,S268-027-NT-K14,Katsuwonus,pelamis,No,-2.948,-170.507,PIPA,,S268,S268-027-NT,17-Jul-16,2357,29.6,13.43,35.12,5122,0,1112.6,0.5,556.3,58,0.104260291,93,risen
S268-027-NT-K2,268-G146,GC_31,K. pelamis,4.9071,3.393555556,S268-027-NT-K2,Katsuwonus,pelamis,Yes,-2.948,-170.507,PIPA,,S268,S268-027-NT,17-Jul-16,2357,29.6,13.43,35.12,5122,0,1112.6,0.5,556.3,58,0.104260291,93,risen
S268-027-NT-K3,268-G147,,K. pelamis,4.6029,2.717555556,S268-027-NT-K3,Katsuwonus,pelamis,No,-2.948,-170.507,PIPA,,S268,S268-027-NT,17-Jul-16,2357,29.6,13.43,35.12,5122,0,1112.6,0.5,556.3,58,0.104260291,93,risen
S268-027-NT-K4,268-G148,GC_32,K. pelamis,N/A,N/A,S268-027-NT-K4,Katsuwonus,pelamis,Yes,-2.948,-170.507,PIPA,,S268,S268-027-NT,17-Jul-16,2357,29.6,13.43,35.12,5122,0,1112.6,0.5,556.3,58,0.104260291,93,risen
S268-027-NT-K5,268-G149,,K. pelamis,N/A,N/A,S268-027-NT-K5,Katsuwonus,pelamis,No,-2.948,-170.507,PIPA,,S268,S268-027-NT,17-Jul-16,2357,29.6,13.43,35.12,5122,0,1112.6,0.5,556.3,58,0.104260291,93,risen
S268-027-NT-K6,268-G150,,K. pelamis,N/A,N/A,S268-027-NT-K6,Katsuwonus,pelamis,No,-2.948,-170.507,PIPA,,S268,S268-027-NT,17-Jul-16,2357,29.6,13.43,35.12,5122,0,1112.6,0.5,556.3,58,0.104260291,93,risen
S268-027-NT-K7,268-G151,GC_33,K. pelamis,5.3458,4.368444444,S268-027-NT-K7,Katsuwonus,pelamis,Yes,-2.948,-170.507,PIPA,,S268,S268-027-NT,17-Jul-16,2357,29.6,13.43,35.12,5122,0,1112.6,0.5,556.3,58,0.104260291,93,risen
S268-027-NT-K8,268-G152,,K. pelamis,N/A,N/A,S268-027-NT-K8,Katsuwonus,pelamis,No,-2.948,-170.507,PIPA,,S268,S268-027-NT,17-Jul-16,2357,29.6,13.43,35.12,5122,0,1112.6,0.5,556.3,58,0.104260291,93,risen
S268-027-NT-K9,268-G153,,K. pelamis,N/A,N/A,S268-027-NT-K9,Katsuwonus,pelamis,No,-2.948,-170.507,PIPA,,S268,S268-027-NT,17-Jul-16,2357,29.6,13.43,35.12,5122,0,1112.6,0.5,556.3,58,0.104260291,93,risen
S268-027-TTD-K1,268-G89,GC_16,K. pelamis,N/A,N/A,S268-027-TTD-K1,Katsuwonus,pelamis,Yes,-2.918,-170.52,PIPA,,S268,S268-027-TTD,17-Jul-16,2235,29.6,13.43,35.12,5122,95,1581.761,1,1581.761,156,0.098624255,93,risen
S268-027-TTD-K10,268-G98,,K. pelamis,4.1992,1.820444444,S268-027-TTD-K10,Katsuwonus,pelamis,No,-2.918,-170.52,PIPA,,S268,S268-027-TTD,17-Jul-16,2235,29.6,13.43,35.12,5122,95,1581.761,1,1581.761,156,0.098624255,93,risen
S268-027-TTD-K11,,,K. pelamis,4.6979,2.928666667,S268-027-TTD-K11,Katsuwonus,pelamis,No,-2.918,-170.52,PIPA,,S268,S268-027-TTD,17-Jul-16,2235,29.6,13.43,35.12,5122,95,1581.761,1,1581.761,156,0.098624255,93,risen
S268-027-TTD-K12,268-G99,,K. pelamis,4.7442,3.031555556,S268-027-TTD-K12,Katsuwonus,pelamis,No,-2.918,-170.52,PIPA,,S268,S268-027-TTD,17-Jul-16,2235,29.6,13.43,35.12,5122,95,1581.761,1,1581.761,156,0.098624255,93,risen
S268-027-TTD-K13,,GC_20,K. pelamis,5.1758,3.990666667,S268-027-TTD-K13,Katsuwonus,pelamis,Yes,-2.918,-170.52,PIPA,,S268,S268-027-TTD,17-Jul-16,2235,29.6,13.43,35.12,5122,95,1581.761,1,1581.761,156,0.098624255,93,risen
S268-027-TTD-K14,268-G100,,K. pelamis,N/A,N/A,S268-027-TTD-K14,Katsuwonus,pelamis,No,-2.918,-170.52,PIPA,,S268,S268-027-TTD,17-Jul-16,2235,29.6,13.43,35.12,5122,95,1581.761,1,1581.761,156,0.098624255,93,risen
S268-027-TTD-K15,268-G101,GC_21,K. pelamis,4.7639,3.075333333,S268-027-TTD-K15,Katsuwonus,pelamis,Yes,-2.918,-170.52,PIPA,,S268,S268-027-TTD,17-Jul-16,2235,29.6,13.43,35.12,5122,95,1581.761,1,1581.761,156,0.098624255,93,risen
S268-027-TTD-K16,268-G102,GC_22,K. pelamis,5.6425,5.027777778,S268-027-TTD-K16,Katsuwonus,pelamis,Yes,-2.918,-170.52,PIPA,,S268,S268-027-TTD,17-Jul-16,2235,29.6,13.43,35.12,5122,95,1581.761,1,1581.761,156,0.098624255,93,risen
S268-027-TTD-K17,268-G103,,K. pelamis,4.9166,3.414666667,S268-027-TTD-K17,Katsuwonus,pelamis,No,-2.918,-170.52,PIPA,,S268,S268-027-TTD,17-Jul-16,2235,29.6,13.43,35.12,5122,95,1581.761,1,1581.761,156,0.098624255,93,risen
S268-027-TTD-K18,268-G104,,K. pelamis,5.5634,4.852,S268-027-TTD-K18,Katsuwonus,pelamis,No,-2.918,-170.52,PIPA,,S268,S268-027-TTD,17-Jul-16,2235,29.6,13.43,35.12,5122,95,1581.761,1,1581.761,156,0.098624255,93,risen
S268-027-TTD-K19,268-G105,,K. pelamis,5.4278,4.550666667,S268-027-TTD-K19,Katsuwonus,pelamis,No,-2.918,-170.52,PIPA,,S268,S268-027-TTD,17-Jul-16,2235,29.6,13.43,35.12,5122,95,1581.761,1,1581.761,156,0.098624255,93,risen
S268-027-TTD-K2,268-G90,GC_17,K. pelamis,N/A,N/A,S268-027-TTD-K2,Katsuwonus,pelamis,Yes,-2.918,-170.52,PIPA,,S268,S268-027-TTD,17-Jul-16,2235,29.6,13.43,35.12,5122,95,1581.761,1,1581.761,156,0.098624255,93,risen
S268-027-TTD-K20,268-G106,,K. pelamis,4.298,2.04,S268-027-TTD-K20,Katsuwonus,pelamis,No,-2.918,-170.52,PIPA,,S268,S268-027-TTD,17-Jul-16,2235,29.6,13.43,35.12,5122,95,1581.761,1,1581.761,156,0.098624255,93,risen
S268-027-TTD-K21,268-G107,,K. pelamis,5.1537,3.941555556,S268-027-TTD-K21,Katsuwonus,pelamis,No,-2.918,-170.52,PIPA,,S268,S268-027-TTD,17-Jul-16,2235,29.6,13.43,35.12,5122,95,1581.761,1,1581.761,156,0.098624255,93,risen
S268-027-TTD-K22,268-G108,,K. pelamis,4.848,3.262222222,S268-027-TTD-K22,Katsuwonus,pelamis,No,-2.918,-170.52,PIPA,,S268,S268-027-TTD,17-Jul-16,2235,29.6,13.43,35.12,5122,95,1581.761,1,1581.761,156,0.098624255,93,risen
S268-027-TTD-K23,,,K. pelamis,4.02,1.422222222,S268-027-TTD-K23,Katsuwonus,pelamis,No,-2.918,-170.52,PIPA,,S268,S268-027-TTD,17-Jul-16,2235,29.6,13.43,35.12,5122,95,1581.761,1,1581.761,156,0.098624255,93,risen
S268-027-TTD-K24,268-G109,,K. pelamis,4.3975,2.261111111,S268-027-TTD-K24,Katsuwonus,pelamis,No,-2.918,-170.52,PIPA,,S268,S268-027-TTD,17-Jul-16,2235,29.6,13.43,35.12,5122,95,1581.761,1,1581.761,156,0.098624255,93,risen
S268-027-TTD-K25,268-G110,,K. pelamis,4.574,2.653333333,S268-027-TTD-K25,Katsuwonus,pelamis,No,-2.918,-170.52,PIPA,,S268,S268-027-TTD,17-Jul-16,2235,29.6,13.43,35.12,5122,95,1581.761,1,1581.761,156,0.098624255,93,risen
S268-027-TTD-K26,268-G111,,K. pelamis,4.5784,2.663111111,S268-027-TTD-K26,Katsuwonus,pelamis,No,-2.918,-170.52,PIPA,,S268,S268-027-TTD,17-Jul-16,2235,29.6,13.43,35.12,5122,95,1581.761,1,1581.761,156,0.098624255,93,risen
S268-027-TTD-K27,268-G112,,K. pelamis,4.9101,3.400222222,S268-027-TTD-K27,Katsuwonus,pelamis,No,-2.918,-170.52,PIPA,,S268,S268-027-TTD,17-Jul-16,2235,29.6,13.43,35.12,5122,95,1581.761,1,1581.761,156,0.098624255,93,risen
S268-027-TTD-K28,268-G113,,K. pelamis,4.795,3.144444444,S268-027-TTD-K28,Katsuwonus,pelamis,No,-2.918,-170.52,PIPA,,S268,S268-027-TTD,17-Jul-16,2235,29.6,13.43,35.12,5122,95,1581.761,1,1581.761,156,0.098624255,93,risen
S268-027-TTD-K29,268-G114,,K. pelamis,3.9234,1.207555556,S268-027-TTD-K29,Katsuwonus,pelamis,No,-2.918,-170.52,PIPA,,S268,S268-027-TTD,17-Jul-16,2235,29.6,13.43,35.12,5122,95,1581.761,1,1581.761,156,0.098624255,93,risen
S268-027-TTD-K3,268-G91,,K. pelamis,N/A,N/A,S268-027-TTD-K3,Katsuwonus,pelamis,No,-2.918,-170.52,PIPA,,S268,S268-027-TTD,17-Jul-16,2235,29.6,13.43,35.12,5122,95,1581.761,1,1581.761,156,0.098624255,93,risen
S268-027-TTD-K30,268-G115,,K. pelamis,4.3298,2.110666667,S268-027-TTD-K30,Katsuwonus,pelamis,No,-2.918,-170.52,PIPA,,S268,S268-027-TTD,17-Jul-16,2235,29.6,13.43,35.12,5122,95,1581.761,1,1581.761,156,0.098624255,93,risen
S268-027-TTD-K31,268-G116,,K. pelamis,4.3737,2.208222222,S268-027-TTD-K31,Katsuwonus,pelamis,No,-2.918,-170.52,PIPA,,S268,S268-027-TTD,17-Jul-16,2235,29.6,13.43,35.12,5122,95,1581.761,1,1581.761,156,0.098624255,93,risen
S268-027-TTD-K32,268-G117,GC_23,K. pelamis,N/A,N/A,S268-027-TTD-K32,Katsuwonus,pelamis,Yes,-2.918,-170.52,PIPA,,S268,S268-027-TTD,17-Jul-16,2235,29.6,13.43,35.12,5122,95,1581.761,1,1581.761,156,0.098624255,93,risen
S268-027-TTD-K33,268-G118,,K. pelamis,4.1458,1.701777778,S268-027-TTD-K33,Katsuwonus,pelamis,No,-2.918,-170.52,PIPA,,S268,S268-027-TTD,17-Jul-16,2235,29.6,13.43,35.12,5122,95,1581.761,1,1581.761,156,0.098624255,93,risen
S268-027-TTD-K34,268-G119,,K. pelamis,5.1692,3.976,S268-027-TTD-K34,Katsuwonus,pelamis,No,-2.918,-170.52,PIPA,,S268,S268-027-TTD,17-Jul-16,2235,29.6,13.43,35.12,5122,95,1581.761,1,1581.761,156,0.098624255,93,risen
S268-027-TTD-K35,268-G120,,K. pelamis,4.4346,2.343555556,S268-027-TTD-K35,Katsuwonus,pelamis,No,-2.918,-170.52,PIPA,,S268,S268-027-TTD,17-Jul-16,2235,29.6,13.43,35.12,5122,95,1581.761,1,1581.761,156,0.098624255,93,risen
S268-027-TTD-K36,268-G121,,K. pelamis,5.3385,4.352222222,S268-027-TTD-K36,Katsuwonus,pelamis,No,-2.918,-170.52,PIPA,,S268,S268-027-TTD,17-Jul-16,2235,29.6,13.43,35.12,5122,95,1581.761,1,1581.761,156,0.098624255,93,risen
S268-027-TTD-K37,268-G122,GC_24,K. pelamis,N/A,N/A,S268-027-TTD-K37,Katsuwonus,pelamis,Yes,-2.918,-170.52,PIPA,,S268,S268-027-TTD,17-Jul-16,2235,29.6,13.43,35.12,5122,95,1581.761,1,1581.761,156,0.098624255,93,risen
S268-027-TTD-K38,268-G123,,K. pelamis,4.328,2.106666667,S268-027-TTD-K38,Katsuwonus,pelamis,No,-2.918,-170.52,PIPA,,S268,S268-027-TTD,17-Jul-16,2235,29.6,13.43,35.12,5122,95,1581.761,1,1581.761,156,0.098624255,93,risen
S268-027-TTD-K39,268-G124,,K. pelamis,4.8583,3.285111111,S268-027-TTD-K39,Katsuwonus,pelamis,No,-2.918,-170.52,PIPA,,S268,S268-027-TTD,17-Jul-16,2235,29.6,13.43,35.12,5122,95,1581.761,1,1581.761,156,0.098624255,93,risen
S268-027-TTD-K4,268-G92,,K. pelamis,4.815,3.188888889,S268-027-TTD-K4,Katsuwonus,pelamis,No,-2.918,-170.52,PIPA,,S268,S268-027-TTD,17-Jul-16,2235,29.6,13.43,35.12,5122,95,1581.761,1,1581.761,156,0.098624255,93,risen
S268-027-TTD-K40,,GC_25,K. pelamis,3.7939,0.919777778,S268-027-TTD-K40,Katsuwonus,pelamis,Yes,-2.918,-170.52,PIPA,,S268,S268-027-TTD,17-Jul-16,2235,29.6,13.43,35.12,5122,95,1581.761,1,1581.761,156,0.098624255,93,risen
S268-027-TTD-K41,268-G125,,K. pelamis,4.6873,2.905111111,S268-027-TTD-K41,Katsuwonus,pelamis,No,-2.918,-170.52,PIPA,,S268,S268-027-TTD,17-Jul-16,2235,29.6,13.43,35.12,5122,95,1581.761,1,1581.761,156,0.098624255,93,risen
S268-027-TTD-K42,268-G126,GC_26,K. pelamis,4.6949,2.922,S268-027-TTD-K42,Katsuwonus,pelamis,Yes,-2.918,-170.52,PIPA,,S268,S268-027-TTD,17-Jul-16,2235,29.6,13.43,35.12,5122,95,1581.761,1,1581.761,156,0.098624255,93,risen
S268-027-TTD-K43,268-G127,,K. pelamis,4.954,3.497777778,S268-027-TTD-K43,Katsuwonus,pelamis,No,-2.918,-170.52,PIPA,,S268,S268-027-TTD,17-Jul-16,2235,29.6,13.43,35.12,5122,95,1581.761,1,1581.761,156,0.098624255,93,risen
S268-027-TTD-K44,,,K. pelamis,N/A,N/A,S268-027-TTD-K44,Katsuwonus,pelamis,Yes,-2.918,-170.52,PIPA,,S268,S268-027-TTD,17-Jul-16,2235,29.6,13.43,35.12,5122,95,1581.761,1,1581.761,156,0.098624255,93,risen
S268-027-TTD-K45,268-G128,,K. pelamis,5.1355,3.901111111,S268-027-TTD-K45,Katsuwonus,pelamis,No,-2.918,-170.52,PIPA,,S268,S268-027-TTD,17-Jul-16,2235,29.6,13.43,35.12,5122,95,1581.761,1,1581.761,156,0.098624255,93,risen
S268-027-TTD-K46,268-G129,,K. pelamis,4.3419,2.137555556,S268-027-TTD-K46,Katsuwonus,pelamis,No,-2.918,-170.52,PIPA,,S268,S268-027-TTD,17-Jul-16,2235,29.6,13.43,35.12,5122,95,1581.761,1,1581.761,156,0.098624255,93,risen
S268-027-TTD-K47,268-G130,,K. pelamis,4.7793,3.109555556,S268-027-TTD-K47,Katsuwonus,pelamis,No,-2.918,-170.52,PIPA,,S268,S268-027-TTD,17-Jul-16,2235,29.6,13.43,35.12,5122,95,1581.761,1,1581.761,156,0.098624255,93,risen
S268-027-TTD-K48,,,K. pelamis,N/A,N/A,S268-027-TTD-K48,Katsuwonus,pelamis,No,-2.918,-170.52,PIPA,,S268,S268-027-TTD,17-Jul-16,2235,29.6,13.43,35.12,5122,95,1581.761,1,1581.761,156,0.098624255,93,risen
S268-027-TTD-K49,268-G131,,K. pelamis,3.8566,1.059111111,S268-027-TTD-K49,Katsuwonus,pelamis,No,-2.918,-170.52,PIPA,,S268,S268-027-TTD,17-Jul-16,2235,29.6,13.43,35.12,5122,95,1581.761,1,1581.761,156,0.098624255,93,risen
S268-027-TTD-K5,268-G93,GC_18,K. pelamis,5.1097,3.843777778,S268-027-TTD-K5,Katsuwonus,pelamis,Yes,-2.918,-170.52,PIPA,,S268,S268-027-TTD,17-Jul-16,2235,29.6,13.43,35.12,5122,95,1581.761,1,1581.761,156,0.098624255,93,risen
S268-027-TTD-K50,268-G132,GC_27,K. pelamis,N/A,N/A,S268-027-TTD-K50,Katsuwonus,pelamis,Yes,-2.918,-170.52,PIPA,,S268,S268-027-TTD,17-Jul-16,2235,29.6,13.43,35.12,5122,95,1581.761,1,1581.761,156,0.098624255,93,risen
S268-027-TTD-K51,268-G133,,K. pelamis,3.7209,0.757555556,S268-027-TTD-K51,Katsuwonus,pelamis,No,-2.918,-170.52,PIPA,,S268,S268-027-TTD,17-Jul-16,2235,29.6,13.43,35.12,5122,95,1581.761,1,1581.761,156,0.098624255,93,risen
S268-027-TTD-K52,268-G134,,K. pelamis,3.8567,1.059333333,S268-027-TTD-K52,Katsuwonus,pelamis,No,-2.918,-170.52,PIPA,,S268,S268-027-TTD,17-Jul-16,2235,29.6,13.43,35.12,5122,95,1581.761,1,1581.761,156,0.098624255,93,risen
S268-027-TTD-K53,268-G135,GC_28,K. pelamis,N/A,N/A,S268-027-TTD-K53,Katsuwonus,pelamis,Yes,-2.918,-170.52,PIPA,,S268,S268-027-TTD,17-Jul-16,2235,29.6,13.43,35.12,5122,95,1581.761,1,1581.761,156,0.098624255,93,risen
S268-027-TTD-K54,268-G136,GC_29,K. pelamis,4.9261,3.435777778,S268-027-TTD-K54,Katsuwonus,pelamis,Yes,-2.918,-170.52,PIPA,,S268,S268-027-TTD,17-Jul-16,2235,29.6,13.43,35.12,5122,95,1581.761,1,1581.761,156,0.098624255,93,risen
S268-027-TTD-K55,268-G137,,K. pelamis,4.4923,2.471777778,S268-027-TTD-K55,Katsuwonus,pelamis,No,-2.918,-170.52,PIPA,,S268,S268-027-TTD,17-Jul-16,2235,29.6,13.43,35.12,5122,95,1581.761,1,1581.761,156,0.098624255,93,risen
S268-027-TTD-K56,,,K. pelamis,3.9642,1.298222222,S268-027-TTD-K56,Katsuwonus,pelamis,No,-2.918,-170.52,PIPA,,S268,S268-027-TTD,17-Jul-16,2235,29.6,13.43,35.12,5122,95,1581.761,1,1581.761,156,0.098624255,93,risen
S268-027-TTD-K57,268-G138,,K. pelamis,4.8411,3.246888889,S268-027-TTD-K57,Katsuwonus,pelamis,No,-2.918,-170.52,PIPA,,S268,S268-027-TTD,17-Jul-16,2235,29.6,13.43,35.12,5122,95,1581.761,1,1581.761,156,0.098624255,93,risen
S268-027-TTD-K58,268-G139,,K. pelamis,4.8718,3.315111111,S268-027-TTD-K58,Katsuwonus,pelamis,No,-2.918,-170.52,PIPA,,S268,S268-027-TTD,17-Jul-16,2235,29.6,13.43,35.12,5122,95,1581.761,1,1581.761,156,0.098624255,93,risen
S268-027-TTD-K59,,,K. pelamis,3.9575,1.283333333,S268-027-TTD-K59,Katsuwonus,pelamis,No,-2.918,-170.52,PIPA,,S268,S268-027-TTD,17-Jul-16,2235,29.6,13.43,35.12,5122,95,1581.761,1,1581.761,156,0.098624255,93,risen
S268-027-TTD-K6,268-G94,,K. pelamis,4.3401,2.133555556,S268-027-TTD-K6,Katsuwonus,pelamis,No,-2.918,-170.52,PIPA,,S268,S268-027-TTD,17-Jul-16,2235,29.6,13.43,35.12,5122,95,1581.761,1,1581.761,156,0.098624255,93,risen
S268-027-TTD-K60,268-G140,,K. pelamis,4.6229,2.762,S268-027-TTD-K60,Katsuwonus,pelamis,No,-2.918,-170.52,PIPA,,S268,S268-027-TTD,17-Jul-16,2235,29.6,13.43,35.12,5122,95,1581.761,1,1581.761,156,0.098624255,93,risen
S268-027-TTD-K61,268-G141,GC_30,K. pelamis,4.7489,3.042,S268-027-TTD-K61,Katsuwonus,pelamis,Yes,-2.918,-170.52,PIPA,,S268,S268-027-TTD,17-Jul-16,2235,29.6,13.43,35.12,5122,95,1581.761,1,1581.761,156,0.098624255,93,risen
S268-027-TTD-K62,268-G142,,K. pelamis,4.6416,2.803555556,S268-027-TTD-K62,Katsuwonus,pelamis,No,-2.918,-170.52,PIPA,,S268,S268-027-TTD,17-Jul-16,2235,29.6,13.43,35.12,5122,95,1581.761,1,1581.761,156,0.098624255,93,risen
S268-027-TTD-K63,268-G143,,K. pelamis,4.3729,2.206444444,S268-027-TTD-K63,Katsuwonus,pelamis,No,-2.918,-170.52,PIPA,,S268,S268-027-TTD,17-Jul-16,2235,29.6,13.43,35.12,5122,95,1581.761,1,1581.761,156,0.098624255,93,risen
S268-027-TTD-K64,268-G144,,K. pelamis,4.8418,3.248444444,S268-027-TTD-K64,Katsuwonus,pelamis,No,-2.918,-170.52,PIPA,,S268,S268-027-TTD,17-Jul-16,2235,29.6,13.43,35.12,5122,95,1581.761,1,1581.761,156,0.098624255,93,risen
S268-027-TTD-K7,268-G95,,K. pelamis,4.8528,3.272888889,S268-027-TTD-K7,Katsuwonus,pelamis,No,-2.918,-170.52,PIPA,,S268,S268-027-TTD,17-Jul-16,2235,29.6,13.43,35.12,5122,95,1581.761,1,1581.761,156,0.098624255,93,risen
S268-027-TTD-K8,268-G96,,K. pelamis,5.6824,5.116444444,S268-027-TTD-K8,Katsuwonus,pelamis,No,-2.918,-170.52,PIPA,,S268,S268-027-TTD,17-Jul-16,2235,29.6,13.43,35.12,5122,95,1581.761,1,1581.761,156,0.098624255,93,risen
S268-027-TTD-K9,268-G97,GC_19,K. pelamis,N/A,N/A,S268-027-TTD-K9,Katsuwonus,pelamis,Yes,-2.918,-170.52,PIPA,,S268,S268-027-TTD,17-Jul-16,2235,29.6,13.43,35.12,5122,95,1581.761,1,1581.761,156,0.098624255,93,risen
S268-027-TTD-T1,268-G22,,Thunnus,7.5112,11.89513514,S268-027-TTD-T1,Thunnus,,No,-2.918,-170.52,PIPA,,S268,S268-027-TTD,17-Jul-16,2235,29.6,13.43,35.12,5122,95,1581.761,1,1581.761,156,0.098624255,93,risen
S268-027-TTD-T2,268-G253,,Thunnus,5.2489,5.780810811,S268-027-TTD-T2,Thunnus,,No,-2.918,-170.52,PIPA,,S268,S268-027-TTD,17-Jul-16,2235,29.6,13.43,35.12,5122,95,1581.761,1,1581.761,156,0.098624255,93,risen
S268-027-TTS-K1,268-G31,,K. pelamis,N/A,N/A,S268-027-TTS-K1,Katsuwonus,pelamis,No,-2.932,-170.512,PIPA,,S268,S268-027-TTS,17-Jul-16,2309,29.6,13.43,35.12,5157,36.3,881.02,1,881.02,137,0.155501578,93,risen
S268-027-TTS-K10,268-G38,,K. pelamis,4.6969,2.926444444,S268-027-TTS-K10,Katsuwonus,pelamis,No,-2.932,-170.512,PIPA,,S268,S268-027-TTS,17-Jul-16,2309,29.6,13.43,35.12,5157,36.3,881.02,1,881.02,137,0.155501578,93,risen
S268-027-TTS-K100,,,K. pelamis,N/A,N/A,S268-027-TTS-K100,Katsuwonus,pelamis,No,-2.932,-170.512,PIPA,,S268,S268-027-TTS,17-Jul-16,2309,29.6,13.43,35.12,5157,36.3,881.02,1,881.02,137,0.155501578,93,risen
S268-027-TTS-K101,,,K. pelamis,N/A,N/A,S268-027-TTS-K101,Katsuwonus,pelamis,No,-2.932,-170.512,PIPA,,S268,S268-027-TTS,17-Jul-16,2309,29.6,13.43,35.12,5157,36.3,881.02,1,881.02,137,0.155501578,93,risen
S268-027-TTS-K102,,,K. pelamis,N/A,N/A,S268-027-TTS-K102,Katsuwonus,pelamis,No,-2.932,-170.512,PIPA,,S268,S268-027-TTS,17-Jul-16,2309,29.6,13.43,35.12,5157,36.3,881.02,1,881.02,137,0.155501578,93,risen
S268-027-TTS-K103,,,K. pelamis,N/A,N/A,S268-027-TTS-K103,Katsuwonus,pelamis,No,-2.932,-170.512,PIPA,,S268,S268-027-TTS,17-Jul-16,2309,29.6,13.43,35.12,5157,36.3,881.02,1,881.02,137,0.155501578,93,risen
S268-027-TTS-K104,,,K. pelamis,N/A,N/A,S268-027-TTS-K104,Katsuwonus,pelamis,No,-2.932,-170.512,PIPA,,S268,S268-027-TTS,17-Jul-16,2309,29.6,13.43,35.12,5157,36.3,881.02,1,881.02,137,0.155501578,93,risen
S268-027-TTS-K11,268-G39,,K. pelamis,4.9359,3.457555556,S268-027-TTS-K11,Katsuwonus,pelamis,No,-2.932,-170.512,PIPA,,S268,S268-027-TTS,17-Jul-16,2309,29.6,13.43,35.12,5157,36.3,881.02,1,881.02,137,0.155501578,93,risen
S268-027-TTS-K12,268-G40,,K. pelamis,4.7716,3.092444444,S268-027-TTS-K12,Katsuwonus,pelamis,No,-2.932,-170.512,PIPA,,S268,S268-027-TTS,17-Jul-16,2309,29.6,13.43,35.12,5157,36.3,881.02,1,881.02,137,0.155501578,93,risen
S268-027-TTS-K13,268-G41,,K. pelamis,4.9217,3.426,S268-027-TTS-K13,Katsuwonus,pelamis,No,-2.932,-170.512,PIPA,,S268,S268-027-TTS,17-Jul-16,2309,29.6,13.43,35.12,5157,36.3,881.02,1,881.02,137,0.155501578,93,risen
S268-027-TTS-K14,268-G42,,K. pelamis,6.3031,6.495777778,S268-027-TTS-K14,Katsuwonus,pelamis,No,-2.932,-170.512,PIPA,,S268,S268-027-TTS,17-Jul-16,2309,29.6,13.43,35.12,5157,36.3,881.02,1,881.02,137,0.155501578,93,risen
S268-027-TTS-K15,268-G43,GC_8,K. pelamis,5.0027,3.606,S268-027-TTS-K15,Katsuwonus,pelamis,Yes,-2.932,-170.512,PIPA,,S268,S268-027-TTS,17-Jul-16,2309,29.6,13.43,35.12,5157,36.3,881.02,1,881.02,137,0.155501578,93,risen
S268-027-TTS-K16,,,K. pelamis,4.4886,2.463555556,S268-027-TTS-K16,Katsuwonus,pelamis,No,-2.932,-170.512,PIPA,,S268,S268-027-TTS,17-Jul-16,2309,29.6,13.43,35.12,5157,36.3,881.02,1,881.02,137,0.155501578,93,risen
S268-027-TTS-K17,268-G44,,K. pelamis,4.4423,2.360666667,S268-027-TTS-K17,Katsuwonus,pelamis,No,-2.932,-170.512,PIPA,,S268,S268-027-TTS,17-Jul-16,2309,29.6,13.43,35.12,5157,36.3,881.02,1,881.02,137,0.155501578,93,risen
S268-027-TTS-K18,268-G45,,K. pelamis,4.2388,1.908444444,S268-027-TTS-K18,Katsuwonus,pelamis,No,-2.932,-170.512,PIPA,,S268,S268-027-TTS,17-Jul-16,2309,29.6,13.43,35.12,5157,36.3,881.02,1,881.02,137,0.155501578,93,risen
S268-027-TTS-K19,268-G46,,K. pelamis,5.0363,3.680666667,S268-027-TTS-K19,Katsuwonus,pelamis,No,-2.932,-170.512,PIPA,,S268,S268-027-TTS,17-Jul-16,2309,29.6,13.43,35.12,5157,36.3,881.02,1,881.02,137,0.155501578,93,risen
S268-027-TTS-K2,268-G32,,K. pelamis,N/A,N/A,S268-027-TTS-K2,Katsuwonus,pelamis,No,-2.932,-170.512,PIPA,,S268,S268-027-TTS,17-Jul-16,2309,29.6,13.43,35.12,5157,36.3,881.02,1,881.02,137,0.155501578,93,risen
S268-027-TTS-K20,,,K. pelamis,4.8905,3.356666667,S268-027-TTS-K20,Katsuwonus,pelamis,No,-2.932,-170.512,PIPA,,S268,S268-027-TTS,17-Jul-16,2309,29.6,13.43,35.12,5157,36.3,881.02,1,881.02,137,0.155501578,93,risen
S268-027-TTS-K21,268-G47,,K. pelamis,5.0315,3.67,S268-027-TTS-K21,Katsuwonus,pelamis,No,-2.932,-170.512,PIPA,,S268,S268-027-TTS,17-Jul-16,2309,29.6,13.43,35.12,5157,36.3,881.02,1,881.02,137,0.155501578,93,risen
S268-027-TTS-K22,268-G48,,K. pelamis,5.001,3.602222222,S268-027-TTS-K22,Katsuwonus,pelamis,No,-2.932,-170.512,PIPA,,S268,S268-027-TTS,17-Jul-16,2309,29.6,13.43,35.12,5157,36.3,881.02,1,881.02,137,0.155501578,93,risen
S268-027-TTS-K23,,,K. pelamis,3.8456,1.034666667,S268-027-TTS-K23,Katsuwonus,pelamis,No,-2.932,-170.512,PIPA,,S268,S268-027-TTS,17-Jul-16,2309,29.6,13.43,35.12,5157,36.3,881.02,1,881.02,137,0.155501578,93,risen
S268-027-TTS-K24,268-G49,,K. pelamis,5.8047,5.388222222,S268-027-TTS-K24,Katsuwonus,pelamis,No,-2.932,-170.512,PIPA,,S268,S268-027-TTS,17-Jul-16,2309,29.6,13.43,35.12,5157,36.3,881.02,1,881.02,137,0.155501578,93,risen
S268-027-TTS-K25,,,K. pelamis,4.3879,2.239777778,S268-027-TTS-K25,Katsuwonus,pelamis,No,-2.932,-170.512,PIPA,,S268,S268-027-TTS,17-Jul-16,2309,29.6,13.43,35.12,5157,36.3,881.02,1,881.02,137,0.155501578,93,risen
S268-027-TTS-K26,,,K. pelamis,5.2472,4.149333333,S268-027-TTS-K26,Katsuwonus,pelamis,No,-2.932,-170.512,PIPA,,S268,S268-027-TTS,17-Jul-16,2309,29.6,13.43,35.12,5157,36.3,881.02,1,881.02,137,0.155501578,93,risen
S268-027-TTS-K27,268-G50,,K. pelamis,N/A,N/A,S268-027-TTS-K27,Katsuwonus,pelamis,No,-2.932,-170.512,PIPA,,S268,S268-027-TTS,17-Jul-16,2309,29.6,13.43,35.12,5157,36.3,881.02,1,881.02,137,0.155501578,93,risen
S268-027-TTS-K28,,,K. pelamis,5.0187,3.641555556,S268-027-TTS-K28,Katsuwonus,pelamis,No,-2.932,-170.512,PIPA,,S268,S268-027-TTS,17-Jul-16,2309,29.6,13.43,35.12,5157,36.3,881.02,1,881.02,137,0.155501578,93,risen
S268-027-TTS-K29,268-G51,,K. pelamis,N/A,N/A,S268-027-TTS-K29,Katsuwonus,pelamis,No,-2.932,-170.512,PIPA,,S268,S268-027-TTS,17-Jul-16,2309,29.6,13.43,35.12,5157,36.3,881.02,1,881.02,137,0.155501578,93,risen
S268-027-TTS-K3,268-G33,,K. pelamis,N/A,N/A,S268-027-TTS-K3,Katsuwonus,pelamis,No,-2.932,-170.512,PIPA,,S268,S268-027-TTS,17-Jul-16,2309,29.6,13.43,35.12,5157,36.3,881.02,1,881.02,137,0.155501578,93,risen
S268-027-TTS-K30,,GC_9,K. pelamis,5.0276,3.661333333,S268-027-TTS-K30,Katsuwonus,pelamis,Yes,-2.932,-170.512,PIPA,,S268,S268-027-TTS,17-Jul-16,2309,29.6,13.43,35.12,5157,36.3,881.02,1,881.02,137,0.155501578,93,risen
S268-027-TTS-K31,,,K. pelamis,4.9374,3.460888889,S268-027-TTS-K31,Katsuwonus,pelamis,No,-2.932,-170.512,PIPA,,S268,S268-027-TTS,17-Jul-16,2309,29.6,13.43,35.12,5157,36.3,881.02,1,881.02,137,0.155501578,93,risen
S268-027-TTS-K32,268-G52,,K. pelamis,6.1055,6.056666667,S268-027-TTS-K32,Katsuwonus,pelamis,No,-2.932,-170.512,PIPA,,S268,S268-027-TTS,17-Jul-16,2309,29.6,13.43,35.12,5157,36.3,881.02,1,881.02,137,0.155501578,93,risen
S268-027-TTS-K33,268-G53,,K. pelamis,4.9134,3.407555556,S268-027-TTS-K33,Katsuwonus,pelamis,No,-2.932,-170.512,PIPA,,S268,S268-027-TTS,17-Jul-16,2309,29.6,13.43,35.12,5157,36.3,881.02,1,881.02,137,0.155501578,93,risen
S268-027-TTS-K34,,,K. pelamis,4.4226,2.316888889,S268-027-TTS-K34,Katsuwonus,pelamis,No,-2.932,-170.512,PIPA,,S268,S268-027-TTS,17-Jul-16,2309,29.6,13.43,35.12,5157,36.3,881.02,1,881.02,137,0.155501578,93,risen
S268-027-TTS-K35,,,K. pelamis,4.9281,3.440222222,S268-027-TTS-K35,Katsuwonus,pelamis,No,-2.932,-170.512,PIPA,,S268,S268-027-TTS,17-Jul-16,2309,29.6,13.43,35.12,5157,36.3,881.02,1,881.02,137,0.155501578,93,risen
S268-027-TTS-K36,268-G54,,K. pelamis,N/A,N/A,S268-027-TTS-K36,Katsuwonus,pelamis,No,-2.932,-170.512,PIPA,,S268,S268-027-TTS,17-Jul-16,2309,29.6,13.43,35.12,5157,36.3,881.02,1,881.02,137,0.155501578,93,risen
S268-027-TTS-K37,,,K. pelamis,4.6393,2.798444444,S268-027-TTS-K37,Katsuwonus,pelamis,No,-2.932,-170.512,PIPA,,S268,S268-027-TTS,17-Jul-16,2309,29.6,13.43,35.12,5157,36.3,881.02,1,881.02,137,0.155501578,93,risen
S268-027-TTS-K38,,,K. pelamis,4.6432,2.807111111,S268-027-TTS-K38,Katsuwonus,pelamis,No,-2.932,-170.512,PIPA,,S268,S268-027-TTS,17-Jul-16,2309,29.6,13.43,35.12,5157,36.3,881.02,1,881.02,137,0.155501578,93,risen
S268-027-TTS-K39,,,K. pelamis,N/A,N/A,S268-027-TTS-K39,Katsuwonus,pelamis,No,-2.932,-170.512,PIPA,,S268,S268-027-TTS,17-Jul-16,2309,29.6,13.43,35.12,5157,36.3,881.02,1,881.02,137,0.155501578,93,risen
S268-027-TTS-K4,,,K. pelamis,N/A,N/A,S268-027-TTS-K4,Katsuwonus,pelamis,No,-2.932,-170.512,PIPA,,S268,S268-027-TTS,17-Jul-16,2309,29.6,13.43,35.12,5157,36.3,881.02,1,881.02,137,0.155501578,93,risen
S268-027-TTS-K40,,,K. pelamis,N/A,N/A,S268-027-TTS-K40,Katsuwonus,pelamis,No,-2.932,-170.512,PIPA,,S268,S268-027-TTS,17-Jul-16,2309,29.6,13.43,35.12,5157,36.3,881.02,1,881.02,137,0.155501578,93,risen
S268-027-TTS-K41,,,K. pelamis,N/A,N/A,S268-027-TTS-K41,Katsuwonus,pelamis,No,-2.932,-170.512,PIPA,,S268,S268-027-TTS,17-Jul-16,2309,29.6,13.43,35.12,5157,36.3,881.02,1,881.02,137,0.155501578,93,risen
S268-027-TTS-K42,,,K. pelamis,N/A,N/A,S268-027-TTS-K42,Katsuwonus,pelamis,No,-2.932,-170.512,PIPA,,S268,S268-027-TTS,17-Jul-16,2309,29.6,13.43,35.12,5157,36.3,881.02,1,881.02,137,0.155501578,93,risen
S268-027-TTS-K43,,GC_10,K. pelamis,N/A,N/A,S268-027-TTS-K43,Katsuwonus,pelamis,Yes,-2.932,-170.512,PIPA,,S268,S268-027-TTS,17-Jul-16,2309,29.6,13.43,35.12,5157,36.3,881.02,1,881.02,137,0.155501578,93,risen
S268-027-TTS-K44,,,K. pelamis,N/A,N/A,S268-027-TTS-K44,Katsuwonus,pelamis,No,-2.932,-170.512,PIPA,,S268,S268-027-TTS,17-Jul-16,2309,29.6,13.43,35.12,5157,36.3,881.02,1,881.02,137,0.155501578,93,risen
S268-027-TTS-K45,268-G55,,K. pelamis,N/A,N/A,S268-027-TTS-K45,Katsuwonus,pelamis,No,-2.932,-170.512,PIPA,,S268,S268-027-TTS,17-Jul-16,2309,29.6,13.43,35.12,5157,36.3,881.02,1,881.02,137,0.155501578,93,risen
S268-027-TTS-K46,268-G56,,K. pelamis,N/A,N/A,S268-027-TTS-K46,Katsuwonus,pelamis,No,-2.932,-170.512,PIPA,,S268,S268-027-TTS,17-Jul-16,2309,29.6,13.43,35.12,5157,36.3,881.02,1,881.02,137,0.155501578,93,risen
S268-027-TTS-K47,268-G57,,K. pelamis,N/A,N/A,S268-027-TTS-K47,Katsuwonus,pelamis,No,-2.932,-170.512,PIPA,,S268,S268-027-TTS,17-Jul-16,2309,29.6,13.43,35.12,5157,36.3,881.02,1,881.02,137,0.155501578,93,risen
S268-027-TTS-K48,,,K. pelamis,N/A,N/A,S268-027-TTS-K48,Katsuwonus,pelamis,No,-2.932,-170.512,PIPA,,S268,S268-027-TTS,17-Jul-16,2309,29.6,13.43,35.12,5157,36.3,881.02,1,881.02,137,0.155501578,93,risen
S268-027-TTS-K49,,,K. pelamis,N/A,N/A,S268-027-TTS-K49,Katsuwonus,pelamis,No,-2.932,-170.512,PIPA,,S268,S268-027-TTS,17-Jul-16,2309,29.6,13.43,35.12,5157,36.3,881.02,1,881.02,137,0.155501578,93,risen
S268-027-TTS-K5,268-G34,,K. pelamis,4.9923,3.582888889,S268-027-TTS-K5,Katsuwonus,pelamis,No,-2.932,-170.512,PIPA,,S268,S268-027-TTS,17-Jul-16,2309,29.6,13.43,35.12,5157,36.3,881.02,1,881.02,137,0.155501578,93,risen
S268-027-TTS-K50,,,K. pelamis,N/A,N/A,S268-027-TTS-K50,Katsuwonus,pelamis,No,-2.932,-170.512,PIPA,,S268,S268-027-TTS,17-Jul-16,2309,29.6,13.43,35.12,5157,36.3,881.02,1,881.02,137,0.155501578,93,risen
S268-027-TTS-K51,,GC_11,K. pelamis,N/A,N/A,S268-027-TTS-K51,Katsuwonus,pelamis,Yes,-2.932,-170.512,PIPA,,S268,S268-027-TTS,17-Jul-16,2309,29.6,13.43,35.12,5157,36.3,881.02,1,881.02,137,0.155501578,93,risen
S268-027-TTS-K52,268-G58,,K. pelamis,N/A,N/A,S268-027-TTS-K52,Katsuwonus,pelamis,No,-2.932,-170.512,PIPA,,S268,S268-027-TTS,17-Jul-16,2309,29.6,13.43,35.12,5157,36.3,881.02,1,881.02,137,0.155501578,93,risen
S268-027-TTS-K53,268-G59,,K. pelamis,N/A,N/A,S268-027-TTS-K53,Katsuwonus,pelamis,No,-2.932,-170.512,PIPA,,S268,S268-027-TTS,17-Jul-16,2309,29.6,13.43,35.12,5157,36.3,881.02,1,881.02,137,0.155501578,93,risen
S268-027-TTS-K54,268-G60,,K. pelamis,N/A,N/A,S268-027-TTS-K54,Katsuwonus,pelamis,No,-2.932,-170.512,PIPA,,S268,S268-027-TTS,17-Jul-16,2309,29.6,13.43,35.12,5157,36.3,881.02,1,881.02,137,0.155501578,93,risen
S268-027-TTS-K55,,,K. pelamis,N/A,N/A,S268-027-TTS-K55,Katsuwonus,pelamis,No,-2.932,-170.512,PIPA,,S268,S268-027-TTS,17-Jul-16,2309,29.6,13.43,35.12,5157,36.3,881.02,1,881.02,137,0.155501578,93,risen
S268-027-TTS-K56,268-G61,,K. pelamis,N/A,N/A,S268-027-TTS-K56,Katsuwonus,pelamis,No,-2.932,-170.512,PIPA,,S268,S268-027-TTS,17-Jul-16,2309,29.6,13.43,35.12,5157,36.3,881.02,1,881.02,137,0.155501578,93,risen
S268-027-TTS-K57,,GC_12,K. pelamis,N/A,N/A,S268-027-TTS-K57,Katsuwonus,pelamis,Yes,-2.932,-170.512,PIPA,,S268,S268-027-TTS,17-Jul-16,2309,29.6,13.43,35.12,5157,36.3,881.02,1,881.02,137,0.155501578,93,risen
S268-027-TTS-K58,268-G62,,K. pelamis,N/A,N/A,S268-027-TTS-K58,Katsuwonus,pelamis,No,-2.932,-170.512,PIPA,,S268,S268-027-TTS,17-Jul-16,2309,29.6,13.43,35.12,5157,36.3,881.02,1,881.02,137,0.155501578,93,risen
S268-027-TTS-K59,268-G63,,K. pelamis,N/A,N/A,S268-027-TTS-K59,Katsuwonus,pelamis,No,-2.932,-170.512,PIPA,,S268,S268-027-TTS,17-Jul-16,2309,29.6,13.43,35.12,5157,36.3,881.02,1,881.02,137,0.155501578,93,risen
S268-027-TTS-K6,268-G35,GC_6,K. pelamis,5.0629,3.739777778,S268-027-TTS-K6,Katsuwonus,pelamis,Yes,-2.932,-170.512,PIPA,,S268,S268-027-TTS,17-Jul-16,2309,29.6,13.43,35.12,5157,36.3,881.02,1,881.02,137,0.155501578,93,risen
S268-027-TTS-K60,,,K. pelamis,4.1896,1.799111111,S268-027-TTS-K60,Katsuwonus,pelamis,No,-2.932,-170.512,PIPA,,S268,S268-027-TTS,17-Jul-16,2309,29.6,13.43,35.12,5157,36.3,881.02,1,881.02,137,0.155501578,93,risen
S268-027-TTS-K61,268-G64,GC_13,K. pelamis,N/A,N/A,S268-027-TTS-K61,Katsuwonus,pelamis,Yes,-2.932,-170.512,PIPA,,S268,S268-027-TTS,17-Jul-16,2309,29.6,13.43,35.12,5157,36.3,881.02,1,881.02,137,0.155501578,93,risen
S268-027-TTS-K62,268-G65,,K. pelamis,N/A,N/A,S268-027-TTS-K62,Katsuwonus,pelamis,No,-2.932,-170.512,PIPA,,S268,S268-027-TTS,17-Jul-16,2309,29.6,13.43,35.12,5157,36.3,881.02,1,881.02,137,0.155501578,93,risen
S268-027-TTS-K63,268-G66,,K. pelamis,N/A,N/A,S268-027-TTS-K63,Katsuwonus,pelamis,No,-2.932,-170.512,PIPA,,S268,S268-027-TTS,17-Jul-16,2309,29.6,13.43,35.12,5157,36.3,881.02,1,881.02,137,0.155501578,93,risen
S268-027-TTS-K64,268-G67,,K. pelamis,N/A,N/A,S268-027-TTS-K64,Katsuwonus,pelamis,No,-2.932,-170.512,PIPA,,S268,S268-027-TTS,17-Jul-16,2309,29.6,13.43,35.12,5157,36.3,881.02,1,881.02,137,0.155501578,93,risen
S268-027-TTS-K65,268-G68,,K. pelamis,N/A,N/A,S268-027-TTS-K65,Katsuwonus,pelamis,No,-2.932,-170.512,PIPA,,S268,S268-027-TTS,17-Jul-16,2309,29.6,13.43,35.12,5157,36.3,881.02,1,881.02,137,0.155501578,93,risen
S268-027-TTS-K66,,,K. pelamis,N/A,N/A,S268-027-TTS-K66,Katsuwonus,pelamis,Yes,-2.932,-170.512,PIPA,,S268,S268-027-TTS,17-Jul-16,2309,29.6,13.43,35.12,5157,36.3,881.02,1,881.02,137,0.155501578,93,risen
S268-027-TTS-K67,268-G69,,K. pelamis,N/A,N/A,S268-027-TTS-K67,Katsuwonus,pelamis,No,-2.932,-170.512,PIPA,,S268,S268-027-TTS,17-Jul-16,2309,29.6,13.43,35.12,5157,36.3,881.02,1,881.02,137,0.155501578,93,risen
S268-027-TTS-K68,268-G70,,K. pelamis,4.5488,2.597333333,S268-027-TTS-K68,Katsuwonus,pelamis,No,-2.932,-170.512,PIPA,,S268,S268-027-TTS,17-Jul-16,2309,29.6,13.43,35.12,5157,36.3,881.02,1,881.02,137,0.155501578,93,risen
S268-027-TTS-K69,,,K. pelamis,4.4451,2.366888889,S268-027-TTS-K69,Katsuwonus,pelamis,No,-2.932,-170.512,PIPA,,S268,S268-027-TTS,17-Jul-16,2309,29.6,13.43,35.12,5157,36.3,881.02,1,881.02,137,0.155501578,93,risen
S268-027-TTS-K7,,GC_7,K. pelamis,4.4226,2.316888889,S268-027-TTS-K7,Katsuwonus,pelamis,Yes,-2.932,-170.512,PIPA,,S268,S268-027-TTS,17-Jul-16,2309,29.6,13.43,35.12,5157,36.3,881.02,1,881.02,137,0.155501578,93,risen
S268-027-TTS-K70,268-G71,,K. pelamis,4.4354,2.345333333,S268-027-TTS-K70,Katsuwonus,pelamis,No,-2.932,-170.512,PIPA,,S268,S268-027-TTS,17-Jul-16,2309,29.6,13.43,35.12,5157,36.3,881.02,1,881.02,137,0.155501578,93,risen
S268-027-TTS-K71,268-G72,,K. pelamis,N/A,N/A,S268-027-TTS-K71,Katsuwonus,pelamis,No,-2.932,-170.512,PIPA,,S268,S268-027-TTS,17-Jul-16,2309,29.6,13.43,35.12,5157,36.3,881.02,1,881.02,137,0.155501578,93,risen
S268-027-TTS-K72,268-G73,,K. pelamis,5.3688,4.419555556,S268-027-TTS-K72,Katsuwonus,pelamis,No,-2.932,-170.512,PIPA,,S268,S268-027-TTS,17-Jul-16,2309,29.6,13.43,35.12,5157,36.3,881.02,1,881.02,137,0.155501578,93,risen
S268-027-TTS-K73,268-G74,,K. pelamis,3.9165,1.192222222,S268-027-TTS-K73,Katsuwonus,pelamis,No,-2.932,-170.512,PIPA,,S268,S268-027-TTS,17-Jul-16,2309,29.6,13.43,35.12,5157,36.3,881.02,1,881.02,137,0.155501578,93,risen
S268-027-TTS-K74,268-G75,,K. pelamis,4.2129,1.850888889,S268-027-TTS-K74,Katsuwonus,pelamis,No,-2.932,-170.512,PIPA,,S268,S268-027-TTS,17-Jul-16,2309,29.6,13.43,35.12,5157,36.3,881.02,1,881.02,137,0.155501578,93,risen
S268-027-TTS-K75,268-G76,,K. pelamis,3.92,1.2,S268-027-TTS-K75,Katsuwonus,pelamis,No,-2.932,-170.512,PIPA,,S268,S268-027-TTS,17-Jul-16,2309,29.6,13.43,35.12,5157,36.3,881.02,1,881.02,137,0.155501578,93,risen
S268-027-TTS-K76,268-G77,,K. pelamis,4.9161,3.413555556,S268-027-TTS-K76,Katsuwonus,pelamis,No,-2.932,-170.512,PIPA,,S268,S268-027-TTS,17-Jul-16,2309,29.6,13.43,35.12,5157,36.3,881.02,1,881.02,137,0.155501578,93,risen
S268-027-TTS-K77,268-G78,,K. pelamis,4.4448,2.366222222,S268-027-TTS-K77,Katsuwonus,pelamis,No,-2.932,-170.512,PIPA,,S268,S268-027-TTS,17-Jul-16,2309,29.6,13.43,35.12,5157,36.3,881.02,1,881.02,137,0.155501578,93,risen
S268-027-TTS-K78,268-G79,,K. pelamis,4.4431,2.362444444,S268-027-TTS-K78,Katsuwonus,pelamis,No,-2.932,-170.512,PIPA,,S268,S268-027-TTS,17-Jul-16,2309,29.6,13.43,35.12,5157,36.3,881.02,1,881.02,137,0.155501578,93,risen
S268-027-TTS-K79,268-G80,,K. pelamis,4.0519,1.493111111,S268-027-TTS-K79,Katsuwonus,pelamis,No,-2.932,-170.512,PIPA,,S268,S268-027-TTS,17-Jul-16,2309,29.6,13.43,35.12,5157,36.3,881.02,1,881.02,137,0.155501578,93,risen
S268-027-TTS-K8,268-G36,,K. pelamis,4.5596,2.621333333,S268-027-TTS-K8,Katsuwonus,pelamis,No,-2.932,-170.512,PIPA,,S268,S268-027-TTS,17-Jul-16,2309,29.6,13.43,35.12,5157,36.3,881.02,1,881.02,137,0.155501578,93,risen
S268-027-TTS-K80,268-G81,,K. pelamis,4.1056,1.612444444,S268-027-TTS-K80,Katsuwonus,pelamis,No,-2.932,-170.512,PIPA,,S268,S268-027-TTS,17-Jul-16,2309,29.6,13.43,35.12,5157,36.3,881.02,1,881.02,137,0.155501578,93,risen
S268-027-TTS-K81,268-G82,,K. pelamis,4.2593,1.954,S268-027-TTS-K81,Katsuwonus,pelamis,No,-2.932,-170.512,PIPA,,S268,S268-027-TTS,17-Jul-16,2309,29.6,13.43,35.12,5157,36.3,881.02,1,881.02,137,0.155501578,93,risen
S268-027-TTS-K82,,,K. pelamis,4.4707,2.423777778,S268-027-TTS-K82,Katsuwonus,pelamis,No,-2.932,-170.512,PIPA,,S268,S268-027-TTS,17-Jul-16,2309,29.6,13.43,35.12,5157,36.3,881.02,1,881.02,137,0.155501578,93,risen
S268-027-TTS-K83,268-G83,,K. pelamis,3.7656,0.856888889,S268-027-TTS-K83,Katsuwonus,pelamis,No,-2.932,-170.512,PIPA,,S268,S268-027-TTS,17-Jul-16,2309,29.6,13.43,35.12,5157,36.3,881.02,1,881.02,137,0.155501578,93,risen
S268-027-TTS-K84,268-G84,,K. pelamis,4.2576,1.950222222,S268-027-TTS-K84,Katsuwonus,pelamis,No,-2.932,-170.512,PIPA,,S268,S268-027-TTS,17-Jul-16,2309,29.6,13.43,35.12,5157,36.3,881.02,1,881.02,137,0.155501578,93,risen
S268-027-TTS-K85,268-G85,,K. pelamis,4.7087,2.952666667,S268-027-TTS-K85,Katsuwonus,pelamis,No,-2.932,-170.512,PIPA,,S268,S268-027-TTS,17-Jul-16,2309,29.6,13.43,35.12,5157,36.3,881.02,1,881.02,137,0.155501578,93,risen
S268-027-TTS-K86,268-G86,GC_14,K. pelamis,5.535,4.788888889,S268-027-TTS-K86,Katsuwonus,pelamis,Yes,-2.932,-170.512,PIPA,,S268,S268-027-TTS,17-Jul-16,2309,29.6,13.43,35.12,5157,36.3,881.02,1,881.02,137,0.155501578,93,risen
S268-027-TTS-K87,,,K. pelamis,N/A,N/A,S268-027-TTS-K87,Katsuwonus,pelamis,Yes,-2.932,-170.512,PIPA,,S268,S268-027-TTS,17-Jul-16,2309,29.6,13.43,35.12,5157,36.3,881.02,1,881.02,137,0.155501578,93,risen
S268-027-TTS-K88,,,K. pelamis,3.9623,1.294,S268-027-TTS-K88,Katsuwonus,pelamis,No,-2.932,-170.512,PIPA,,S268,S268-027-TTS,17-Jul-16,2309,29.6,13.43,35.12,5157,36.3,881.02,1,881.02,137,0.155501578,93,risen
S268-027-TTS-K89,268-G87,,K. pelamis,3.6499,0.599777778,S268-027-TTS-K89,Katsuwonus,pelamis,No,-2.932,-170.512,PIPA,,S268,S268-027-TTS,17-Jul-16,2309,29.6,13.43,35.12,5157,36.3,881.02,1,881.02,137,0.155501578,93,risen
S268-027-TTS-K9,268-G37,,K. pelamis,5.2917,4.248222222,S268-027-TTS-K9,Katsuwonus,pelamis,No,-2.932,-170.512,PIPA,,S268,S268-027-TTS,17-Jul-16,2309,29.6,13.43,35.12,5157,36.3,881.02,1,881.02,137,0.155501578,93,risen
S268-027-TTS-K90,268-G88,,K. pelamis,3.8278,0.995111111,S268-027-TTS-K90,Katsuwonus,pelamis,No,-2.932,-170.512,PIPA,,S268,S268-027-TTS,17-Jul-16,2309,29.6,13.43,35.12,5157,36.3,881.02,1,881.02,137,0.155501578,93,risen
S268-027-TTS-K91,,,K. pelamis,3.5213,0.314,S268-027-TTS-K91,Katsuwonus,pelamis,No,-2.932,-170.512,PIPA,,S268,S268-027-TTS,17-Jul-16,2309,29.6,13.43,35.12,5157,36.3,881.02,1,881.02,137,0.155501578,93,risen
S268-027-TTS-K92,,,K. pelamis,4.0106,1.401333333,S268-027-TTS-K92,Katsuwonus,pelamis,No,-2.932,-170.512,PIPA,,S268,S268-027-TTS,17-Jul-16,2309,29.6,13.43,35.12,5157,36.3,881.02,1,881.02,137,0.155501578,93,risen
S268-027-TTS-K93,,GC_15,K. pelamis,4.6789,2.886444444,S268-027-TTS-K93,Katsuwonus,pelamis,Yes,-2.932,-170.512,PIPA,,S268,S268-027-TTS,17-Jul-16,2309,29.6,13.43,35.12,5157,36.3,881.02,1,881.02,137,0.155501578,93,risen
S268-027-TTS-K94,,,K. pelamis,N/A,N/A,S268-027-TTS-K94,Katsuwonus,pelamis,No,-2.932,-170.512,PIPA,,S268,S268-027-TTS,17-Jul-16,2309,29.6,13.43,35.12,5157,36.3,881.02,1,881.02,137,0.155501578,93,risen
S268-027-TTS-K95,,,K. pelamis,N/A,N/A,S268-027-TTS-K95,Katsuwonus,pelamis,No,-2.932,-170.512,PIPA,,S268,S268-027-TTS,17-Jul-16,2309,29.6,13.43,35.12,5157,36.3,881.02,1,881.02,137,0.155501578,93,risen
S268-027-TTS-K96,,,K. pelamis,3.6025,0.494444444,S268-027-TTS-K96,Katsuwonus,pelamis,No,-2.932,-170.512,PIPA,,S268,S268-027-TTS,17-Jul-16,2309,29.6,13.43,35.12,5157,36.3,881.02,1,881.02,137,0.155501578,93,risen
S268-027-TTS-K97,,,K. pelamis,3.4644,0.187555556,S268-027-TTS-K97,Katsuwonus,pelamis,Yes,-2.932,-170.512,PIPA,,S268,S268-027-TTS,17-Jul-16,2309,29.6,13.43,35.12,5157,36.3,881.02,1,881.02,137,0.155501578,93,risen
S268-027-TTS-K98,,,K. pelamis,4.2852,2.011555556,S268-027-TTS-K98,Katsuwonus,pelamis,No,-2.932,-170.512,PIPA,,S268,S268-027-TTS,17-Jul-16,2309,29.6,13.43,35.12,5157,36.3,881.02,1,881.02,137,0.155501578,93,risen
S268-027-TTS-K99,,,K. pelamis,N/A,N/A,S268-027-TTS-K99,Katsuwonus,pelamis,Yes,-2.932,-170.512,PIPA,,S268,S268-027-TTS,17-Jul-16,2309,29.6,13.43,35.12,5157,36.3,881.02,1,881.02,137,0.155501578,93,risen
S268-028-TTD-K1,268-G215,GC_57,K. pelamis,8.1,10.48888889,S268-028-TTD-K1,Katsuwonus,pelamis,Yes,-3.107,-171.122,PIPA,,S268,S268-028-TTD,18-Jul-16,1137,29.7,3.85,34.91,1034,91.6,1606.753,1,1606.753,63,0.039209511,98,set
S268-028-TTD-K2,268-G216,GC_58,K. pelamis,7.201,8.491111111,S268-028-TTD-K2,Katsuwonus,pelamis,Yes (1 possible amphipod fell out already),-3.107,-171.122,PIPA,,S268,S268-028-TTD,18-Jul-16,1137,29.7,3.85,34.91,1034,91.6,1606.753,1,1606.753,63,0.039209511,98,set
S268-028-TTD-T1,,GC_69,Thunnus,N/A,N/A,S268-028-TTD-T1,Thunnus,,Yes,-3.107,-171.122,PIPA,,S268,S268-028-TTD,18-Jul-16,1137,29.7,3.85,34.91,1034,91.6,1606.753,1,1606.753,63,0.039209511,98,set
S268-028-TTS-T1,268-G254,,Thunnus,N/A,N/A,S268-028-TTS-T1,Thunnus,,No,-3.107,-171.14,PIPA,,S268,S268-028-TTS,18-Jul-16,1211,29.7,3.85,34.91,1033,38.7,1051.633,1,1051.633,176,0.167358765,98,set
S268-029-TTS-K1,,,K. pelamis,N/A,N/A,S268-029-TTS-K1,Katsuwonus,pelamis,No,-3.02,-171.375,PIPA,,S268,S268-029-TTS,18-Jul-16,2340,29.4,10.07,34.87,1132,47.5,1366.079,1,1366.079,190,0.139084196,98,risen
S268-031-TTD-T1,268-G255,GC_71,Thunnus,5.4134,6.225405405,S268-031-TTD-T1,Thunnus,,Yes,-2.835,-171.75,PIPA,,S268,S268-031-TTD,23-Jul-16,1749,29.7,8.87,35.1,1720,96.9,1609.396,1,1609.396,78,0.048465387,86,set
S268-031-TTS-K1,,,K. pelamis,5.479,4.664444444,S268-031-TTS-K1,Katsuwonus,pelamis,No,-2.852,-171.728,PIPA,,S268,S268-031-TTS,23-Jul-16,1827,29.7,8.87,35.1,1118,40.2,1323.92,1,1323.92,111,0.083841924,86,set
S268-031-TTS-K2,,,K. pelamis,N/A,N/A,S268-031-TTS-K2,Katsuwonus,pelamis,No,-2.852,-171.728,PIPA,,S268,S268-031-TTS,23-Jul-16,1827,29.7,8.87,35.1,1118,40.2,1323.92,1,1323.92,111,0.083841924,86,set
S268-031-TTS-T1,268-G256,,Thunnus,N/A,N/A,S268-031-TTS-T1,Thunnus,,No,-2.852,-171.728,PIPA,,S268,S268-031-TTS,23-Jul-16,1827,29.7,8.87,35.1,1118,40.2,1323.92,1,1323.92,111,0.083841924,86,set
S268-032-TTD-K1,268-G223,,K. pelamis,N/A,N/A,S268-032-TTD-K1,Katsuwonus,pelamis,No,-3.492,-171.053,PIPA,,S268,S268-032-TTD,24-Jul-16,1054,29.6,5.1,35.13,5407,96,1500.433,1,1500.433,112,0.074645119,77,set
S268-032-TTD-K2,,,K. pelamis,4.1559,1.724222222,S268-032-TTD-K2,Katsuwonus,pelamis,No,-3.492,-171.053,PIPA,,S268,S268-032-TTD,24-Jul-16,1054,29.6,5.1,35.13,5407,96,1500.433,1,1500.433,112,0.074645119,77,set
S268-032-TTD-K3,,,K. pelamis,N/A,N/A,S268-032-TTD-K3,Katsuwonus,pelamis,No,-3.492,-171.053,PIPA,,S268,S268-032-TTD,24-Jul-16,1054,29.6,5.1,35.13,5407,96,1500.433,1,1500.433,112,0.074645119,77,set
S268-032-TTD-U1,,,Thunnus,N/A,N/A,S268-032-TTD-U1,Thunnus,,No,-3.492,-171.053,PIPA,,S268,S268-032-TTD,24-Jul-16,1054,29.6,5.1,35.13,5407,96,1500.433,1,1500.433,112,0.074645119,77,set
S268-032-TTS-K1,,,K. pelamis,N/A,N/A,S268-032-TTS-K1,Katsuwonus,pelamis,No,-3.508,-172.063,PIPA,,S268,S268-032-TTS,24-Jul-16,1127,29.6,5.1,35.13,5594,51,2622.901,1,2622.901,142,0.054138528,77,set
S268-032-TTS-K10,,,K. pelamis,4.3905,2.245555556,S268-032-TTS-K10,Katsuwonus,pelamis,No,-3.508,-172.063,PIPA,,S268,S268-032-TTS,24-Jul-16,1127,29.6,5.1,35.13,5594,51,2622.901,1,2622.901,142,0.054138528,77,set
S268-032-TTS-K11,268-G221,,K. pelamis,3.7468,0.815111111,S268-032-TTS-K11,Katsuwonus,pelamis,No,-3.508,-172.063,PIPA,,S268,S268-032-TTS,24-Jul-16,1127,29.6,5.1,35.13,5594,51,2622.901,1,2622.901,142,0.054138528,77,set
S268-032-TTS-K12,,,K. pelamis,3.5708,0.424,S268-032-TTS-K12,Katsuwonus,pelamis,No,-3.508,-172.063,PIPA,,S268,S268-032-TTS,24-Jul-16,1127,29.6,5.1,35.13,5594,51,2622.901,1,2622.901,142,0.054138528,77,set
S268-032-TTS-K13,,,K. pelamis,3.5947,0.477111111,S268-032-TTS-K13,Katsuwonus,pelamis,Yes,-3.508,-172.063,PIPA,,S268,S268-032-TTS,24-Jul-16,1127,29.6,5.1,35.13,5594,51,2622.901,1,2622.901,142,0.054138528,77,set
S268-032-TTS-K14,268-G222,,K. pelamis,3.7606,0.845777778,S268-032-TTS-K14,Katsuwonus,pelamis,No,-3.508,-172.063,PIPA,,S268,S268-032-TTS,24-Jul-16,1127,29.6,5.1,35.13,5594,51,2622.901,1,2622.901,142,0.054138528,77,set
S268-032-TTS-K2,,,K. pelamis,N/A,N/A,S268-032-TTS-K2,Katsuwonus,pelamis,No,-3.508,-172.063,PIPA,,S268,S268-032-TTS,24-Jul-16,1127,29.6,5.1,35.13,5594,51,2622.901,1,2622.901,142,0.054138528,77,set
S268-032-TTS-K3,,,K. pelamis,N/A,N/A,S268-032-TTS-K3,Katsuwonus,pelamis,No,-3.508,-172.063,PIPA,,S268,S268-032-TTS,24-Jul-16,1127,29.6,5.1,35.13,5594,51,2622.901,1,2622.901,142,0.054138528,77,set
S268-032-TTS-K4,268-G217,,K. pelamis,N/A,N/A,S268-032-TTS-K4,Katsuwonus,pelamis,No,-3.508,-172.063,PIPA,,S268,S268-032-TTS,24-Jul-16,1127,29.6,5.1,35.13,5594,51,2622.901,1,2622.901,142,0.054138528,77,set
S268-032-TTS-K5,268-G218,,K. pelamis,N/A,N/A,S268-032-TTS-K5,Katsuwonus,pelamis,No,-3.508,-172.063,PIPA,,S268,S268-032-TTS,24-Jul-16,1127,29.6,5.1,35.13,5594,51,2622.901,1,2622.901,142,0.054138528,77,set
S268-032-TTS-K6,,,K. pelamis,N/A,N/A,S268-032-TTS-K6,Katsuwonus,pelamis,No,-3.508,-172.063,PIPA,,S268,S268-032-TTS,24-Jul-16,1127,29.6,5.1,35.13,5594,51,2622.901,1,2622.901,142,0.054138528,77,set
S268-032-TTS-K7,268-G219,,K. pelamis,4.2219,1.870888889,S268-032-TTS-K7,Katsuwonus,pelamis,No,-3.508,-172.063,PIPA,,S268,S268-032-TTS,24-Jul-16,1127,29.6,5.1,35.13,5594,51,2622.901,1,2622.901,142,0.054138528,77,set
S268-032-TTS-K8,268-G220,,K. pelamis,3.7711,0.869111111,S268-032-TTS-K8,Katsuwonus,pelamis,No,-3.508,-172.063,PIPA,,S268,S268-032-TTS,24-Jul-16,1127,29.6,5.1,35.13,5594,51,2622.901,1,2622.901,142,0.054138528,77,set
S268-032-TTS-K9,,,K. pelamis,N/A,N/A,S268-032-TTS-K9,Katsuwonus,pelamis,Yes,-3.508,-172.063,PIPA,,S268,S268-032-TTS,24-Jul-16,1127,29.6,5.1,35.13,5594,51,2622.901,1,2622.901,142,0.054138528,77,set
S268-032-TTS-T1,268-G257,,Thunnus,N/A,N/A,S268-032-TTS-T1,Thunnus,,No,-3.508,-172.063,PIPA,,S268,S268-032-TTS,24-Jul-16,1127,29.6,5.1,35.13,5594,51,2622.901,1,2622.901,142,0.054138528,77,set
S268-032-TTS-T2,268-G258,,Thunnus,N/A,N/A,S268-032-TTS-T2,Thunnus,,No,-3.508,-172.063,PIPA,,S268,S268-032-TTS,24-Jul-16,1127,29.6,5.1,35.13,5594,51,2622.901,1,2622.901,142,0.054138528,77,set
S268-032-TTS-T3,268-G259,,Thunnus,N/A,N/A,S268-032-TTS-T3,Thunnus,,No,-3.508,-172.063,PIPA,,S268,S268-032-TTS,24-Jul-16,1127,29.6,5.1,35.13,5594,51,2622.901,1,2622.901,142,0.054138528,77,set
S268-032-TTS-T4,268-G260,,Thunnus,N/A,N/A,S268-032-TTS-T4,Thunnus,,No,-3.508,-172.063,PIPA,,S268,S268-032-TTS,24-Jul-16,1127,29.6,5.1,35.13,5594,51,2622.901,1,2622.901,142,0.054138528,77,set
S268-033-NT-K1,268-G224,,K. pelamis,N/A,N/A,S268-033-NT-K1,Katsuwonus,pelamis,No,-4.203,-172.298,PIPA,,S268,S268-033-NT,24-Jul-16,13,29.6,14.31,35.11,5489,0,2993.7,0.5,1496.85,13,0.008684905,67,risen
S268-033-TTD-K1,268-G228,,K. pelamis,N/A,N/A,S268-033-TTD-K1,Katsuwonus,pelamis,No,-4.158,-172.288,PIPA,,S268,S268-033-TTD,24-Jul-16,2256,29.6,14.31,35.11,5489,99.7,1492.236,1,1492.236,106,0.07103434,67,risen
S268-033-TTD-K10,268-G237,,K. pelamis,N/A,N/A,S268-033-TTD-K10,Katsuwonus,pelamis,No,-4.158,-172.288,PIPA,,S268,S268-033-TTD,24-Jul-16,2256,29.6,14.31,35.11,5489,99.7,1492.236,1,1492.236,106,0.07103434,67,risen
S268-033-TTD-K11,268-G238,,K. pelamis,N/A,N/A,S268-033-TTD-K11,Katsuwonus,pelamis,No,-4.158,-172.288,PIPA,,S268,S268-033-TTD,24-Jul-16,2256,29.6,14.31,35.11,5489,99.7,1492.236,1,1492.236,106,0.07103434,67,risen
S268-033-TTD-K12,268-G239,GC_65,K. pelamis,4.9752,3.544888889,S268-033-TTD-K12,Katsuwonus,pelamis,Yes,-4.158,-172.288,PIPA,,S268,S268-033-TTD,24-Jul-16,2256,29.6,14.31,35.11,5489,99.7,1492.236,1,1492.236,106,0.07103434,67,risen
S268-033-TTD-K13,268-G240,,K. pelamis,N/A,N/A,S268-033-TTD-K13,Katsuwonus,pelamis,No,-4.158,-172.288,PIPA,,S268,S268-033-TTD,24-Jul-16,2256,29.6,14.31,35.11,5489,99.7,1492.236,1,1492.236,106,0.07103434,67,risen
S268-033-TTD-K14,,,K. pelamis,4.511,2.513333333,S268-033-TTD-K14,Katsuwonus,pelamis,No,-4.158,-172.288,PIPA,,S268,S268-033-TTD,24-Jul-16,2256,29.6,14.31,35.11,5489,99.7,1492.236,1,1492.236,106,0.07103434,67,risen
S268-033-TTD-K15,,,K. pelamis,N/A,N/A,S268-033-TTD-K15,Katsuwonus,pelamis,No,-4.158,-172.288,PIPA,,S268,S268-033-TTD,24-Jul-16,2256,29.6,14.31,35.11,5489,99.7,1492.236,1,1492.236,106,0.07103434,67,risen
S268-033-TTD-K16,,,K. pelamis,4.7867,3.126,S268-033-TTD-K16,Katsuwonus,pelamis,No,-4.158,-172.288,PIPA,,S268,S268-033-TTD,24-Jul-16,2256,29.6,14.31,35.11,5489,99.7,1492.236,1,1492.236,106,0.07103434,67,risen
S268-033-TTD-K17,268-G241,,K. pelamis,6.3468,6.592888889,S268-033-TTD-K17,Katsuwonus,pelamis,No,-4.158,-172.288,PIPA,,S268,S268-033-TTD,24-Jul-16,2256,29.6,14.31,35.11,5489,99.7,1492.236,1,1492.236,106,0.07103434,67,risen
S268-033-TTD-K18,268-G242,,K. pelamis,5.96,5.733333333,S268-033-TTD-K18,Katsuwonus,pelamis,No,-4.158,-172.288,PIPA,,S268,S268-033-TTD,24-Jul-16,2256,29.6,14.31,35.11,5489,99.7,1492.236,1,1492.236,106,0.07103434,67,risen
S268-033-TTD-K19,268-G9,GC_66,K. pelamis,6.8516,7.714666667,S268-033-TTD-K19,Katsuwonus,pelamis,Yes,-4.158,-172.288,PIPA,,S268,S268-033-TTD,24-Jul-16,2256,29.6,14.31,35.11,5489,99.7,1492.236,1,1492.236,106,0.07103434,67,risen
S268-033-TTD-K2,268-G229,,K. pelamis,N/A,N/A,S268-033-TTD-K2,Katsuwonus,pelamis,No,-4.158,-172.288,PIPA,,S268,S268-033-TTD,24-Jul-16,2256,29.6,14.31,35.11,5489,99.7,1492.236,1,1492.236,106,0.07103434,67,risen
S268-033-TTD-K20,268-G243,,K. pelamis,5.5852,4.900444444,S268-033-TTD-K20,Katsuwonus,pelamis,No,-4.158,-172.288,PIPA,,S268,S268-033-TTD,24-Jul-16,2256,29.6,14.31,35.11,5489,99.7,1492.236,1,1492.236,106,0.07103434,67,risen
S268-033-TTD-K21,268-G244,,K. pelamis,3.6887,0.686,S268-033-TTD-K21,Katsuwonus,pelamis,No,-4.158,-172.288,PIPA,,S268,S268-033-TTD,24-Jul-16,2256,29.6,14.31,35.11,5489,99.7,1492.236,1,1492.236,106,0.07103434,67,risen
S268-033-TTD-K22,268-G245,GC_67,K. pelamis,4.0405,1.467777778,S268-033-TTD-K22,Katsuwonus,pelamis,Yes,-4.158,-172.288,PIPA,,S268,S268-033-TTD,24-Jul-16,2256,29.6,14.31,35.11,5489,99.7,1492.236,1,1492.236,106,0.07103434,67,risen
S268-033-TTD-K3,268-G230,GC_60,K. pelamis,N/A,N/A,S268-033-TTD-K3,Katsuwonus,pelamis,Yes,-4.158,-172.288,PIPA,,S268,S268-033-TTD,24-Jul-16,2256,29.6,14.31,35.11,5489,99.7,1492.236,1,1492.236,106,0.07103434,67,risen
S268-033-TTD-K4,268-G231,GC_61,K. pelamis,N/A,N/A,S268-033-TTD-K4,Katsuwonus,pelamis,Yes,-4.158,-172.288,PIPA,,S268,S268-033-TTD,24-Jul-16,2256,29.6,14.31,35.11,5489,99.7,1492.236,1,1492.236,106,0.07103434,67,risen
S268-033-TTD-K5,268-G232,GC_62,K. pelamis,6.5593,7.065111111,S268-033-TTD-K5,Katsuwonus,pelamis,Yes,-4.158,-172.288,PIPA,,S268,S268-033-TTD,24-Jul-16,2256,29.6,14.31,35.11,5489,99.7,1492.236,1,1492.236,106,0.07103434,67,risen
S268-033-TTD-K6,268-G233,,K. pelamis,5.7,5.155555556,S268-033-TTD-K6,Katsuwonus,pelamis,No,-4.158,-172.288,PIPA,,S268,S268-033-TTD,24-Jul-16,2256,29.6,14.31,35.11,5489,99.7,1492.236,1,1492.236,106,0.07103434,67,risen
S268-033-TTD-K7,268-G234,,K. pelamis,5.857,5.504444444,S268-033-TTD-K7,Katsuwonus,pelamis,No,-4.158,-172.288,PIPA,,S268,S268-033-TTD,24-Jul-16,2256,29.6,14.31,35.11,5489,99.7,1492.236,1,1492.236,106,0.07103434,67,risen
S268-033-TTD-K8,268-G235,GC_63,K. pelamis,6.0023,5.827333333,S268-033-TTD-K8,Katsuwonus,pelamis,Yes,-4.158,-172.288,PIPA,,S268,S268-033-TTD,24-Jul-16,2256,29.6,14.31,35.11,5489,99.7,1492.236,1,1492.236,106,0.07103434,67,risen
S268-033-TTD-K9,268-G236,GC_64,K. pelamis,6.1405,6.134444444,S268-033-TTD-K9,Katsuwonus,pelamis,Yes,-4.158,-172.288,PIPA,,S268,S268-033-TTD,24-Jul-16,2256,29.6,14.31,35.11,5489,99.7,1492.236,1,1492.236,106,0.07103434,67,risen
S268-033-TTD-T1,268-G261,GC_72,Thunnus,5.2,5.648648649,S268-033-TTD-T1,Thunnus,obesus,Yes,-4.158,-172.288,PIPA,,S268,S268-033-TTD,24-Jul-16,2256,29.6,14.31,35.11,5489,99.7,1492.236,1,1492.236,106,0.07103434,67,risen
S268-033-TTS-K1,268-G225,GC_59,K. pelamis,N/A,N/A,S268-033-TTS-K1,Katsuwonus,pelamis,Yes,-4.178,-172.293,PIPA,,S268,S268-033-TTS,24-Jul-16,2331,29.6,14.31,35.11,5504,64,989.021,1,989.021,119,0.120321004,67,risen
S268-033-TTS-K2,268-G226,,K. pelamis,N/A,N/A,S268-033-TTS-K2,Katsuwonus,pelamis,No,-4.178,-172.293,PIPA,,S268,S268-033-TTS,24-Jul-16,2331,29.6,14.31,35.11,5504,64,989.021,1,989.021,119,0.120321004,67,risen
S268-033-TTS-K3,268-G227,,K. pelamis,N/A,N/A,S268-033-TTS-K3,Katsuwonus,pelamis,No,-4.178,-172.293,PIPA,,S268,S268-033-TTS,24-Jul-16,2331,29.6,14.31,35.11,5504,64,989.021,1,989.021,119,0.120321004,67,risen
S268-033-TTS-K4,,,K. pelamis,3.8742,1.098222222,S268-033-TTS-K4,Katsuwonus,pelamis,No,-4.178,-172.293,PIPA,,S268,S268-033-TTS,24-Jul-16,2331,29.6,14.31,35.11,5504,64,989.021,1,989.021,119,0.120321004,67,risen
S268-033-TTS-K5,,,K. pelamis,4.2106,1.845777778,S268-033-TTS-K5,Katsuwonus,pelamis,No,-4.178,-172.293,PIPA,,S268,S268-033-TTS,24-Jul-16,2331,29.6,14.31,35.11,5504,64,989.021,1,989.021,119,0.120321004,67,risen
S268-034-TTD-T1,268-G262,GC_73,Thunnus,4.4166,3.531351351,S268-034-TTD-T1,Thunnus,,Yes,-4.553,-172.272,PIPA,,S268,S268-034-TTD,25-Jul-16,1523,29.7,5.87,35.14,2242,92.4,1859.281,1,1859.281,90,0.048405808,67,set
S268-037-TTD-T1,268-G263,,Thunnus,N/A,N/A,S268-037-TTD-T1,Thunnus,,No,-3.518,-173.555,PIPA,,S268,S268-037-TTD,29-Jul-16,1052,29.7,4.62,35.16,5822,99,1888.544,1,1888.544,99,0.052421336,22,risen
S268-037-TTD-T2,268-G264,,Thunnus,N/A,N/A,S268-037-TTD-T2,Thunnus,,No,-3.518,-173.555,PIPA,,S268,S268-037-TTD,29-Jul-16,1052,29.7,4.62,35.16,5822,99,1888.544,1,1888.544,99,0.052421336,22,risen
S268-037-TTS-K1,268-G246,,K. pelamis,N/A,N/A,S268-037-TTS-K1,Katsuwonus,pelamis,No,-3.538,-173.647,PIPA,,S268,S268-037-TTS,29-Jul-16,1128,29.7,4.62,35.16,5444,35.1,1552.472,1,1552.472,35,0.02254469,22,risen
S268-037-TTS-T1,268-G23,,Thunnus,N/A,N/A,S268-037-TTS-T1,Thunnus,obesus,No,-3.538,-173.647,PIPA,,S268,S268-037-TTS,29-Jul-16,1128,29.7,4.62,35.16,5444,35.1,1552.472,1,1552.472,35,0.02254469,22,risen
S268-037-TTS-T2,268-G24,,Thunnus,N/A,N/A,S268-037-TTS-T2,Thunnus,obesus,No,-3.538,-173.647,PIPA,,S268,S268-037-TTS,29-Jul-16,1128,29.7,4.62,35.16,5444,35.1,1552.472,1,1552.472,35,0.02254469,22,risen
S268-037-TTS-T3,268-G25,,Thunnus,N/A,N/A,S268-037-TTS-T3,Thunnus,obesus,No,-3.538,-173.647,PIPA,,S268,S268-037-TTS,29-Jul-16,1128,29.7,4.62,35.16,5444,35.1,1552.472,1,1552.472,35,0.02254469,22,risen
S268-037-TTS-T4,268-G265,GC_74,Thunnus,3.3882,0.751891892,S268-037-TTS-T4,Thunnus,,Yes,-3.538,-173.647,PIPA,,S268,S268-037-TTS,29-Jul-16,1128,29.7,4.62,35.16,5444,35.1,1552.472,1,1552.472,35,0.02254469,22,risen
S268-038-NT-K1,268-G247,,K. pelamis,5.3875,4.461111111,S268-038-NT-K1,Katsuwonus,pelamis,No,-3.028,-173.928,PIPA,,S268,S268-038-NT,29-Jul-16,2358,29.7,9.72,35.1,5531,0,1939.5,0.5,969.75,47.5,0.048981696,22,set
S268-038-TTD-K1,268-G248,GC_68,K. pelamis,N/A,N/A,S268-038-TTD-K1,Katsuwonus,pelamis,Yes,-2.975,-173.95,PIPA,,S268,S268-038-TTD,29-Jul-16,2239,29.7,9.72,35.1,5531,89,1751.146,1,1751.146,141,0.0805187,22,set
S268-038-TTD-T1,268-G26,,Thunnus,5.56,6.621621622,S268-038-TTD-T1,Thunnus,,,-2.975,-173.95,PIPA,,S268,S268-038-TTD,29-Jul-16,2239,29.7,9.72,35.1,5531,89,1751.146,1,1751.146,141,0.0805187,22,set
S268-039-TTS-T1,268-G266,,Thunnus,5.6,6.72972973,S268-039-TTS-T1,Thunnus,obesus,No,-2.547,-174.337,PIPA,,S268,S268-039-TTS,30-Jul-16,1107,29.9,3.99,35.15,3095,37.1,1060.604,1,1060.604,212,0.199886103,14,risen
S268-040-NT-T1,268-G27,,Thunnus,N/A,N/A,S268-040-NT-T1,Thunnus,,,-1.993,-174.672,PIPA,,S268,S268-040-NT,31-Jul-16,8,29.7,14.37,35.14,3774,0,1438.3,0.5,719.15,51,0.070917055,7,set
S268-040-TTD-T1,268-G267,,Thunnus,N/A,N/A,S268-040-TTD-T1,Thunnus,,No,-1.948,-174.652,PIPA,,S268,S268-040-TTD,30-Jul-16,2242,29.7,14.37,35.14,3774,82.5,1787.885,1,1787.885,151,0.084457334,7,set
S268-040-TTS-T1,268-G28,,Thunnus,6.6,9.432432432,S268-040-TTS-T1,Thunnus,obesus,No,-1.963,-174.662,PIPA,,S268,S268-040-TTS,30-Jul-16,2314,29.7,14.37,35.14,3514,40.8,1447.167,1,1447.167,215,0.14856613,7,set
S268-040-TTS-U1,268-G268,,Thunnus,4.7477,4.426216216,S268-040-TTS-U1,Thunnus,,No,-1.963,-174.662,PIPA,,S268,S268-040-TTS,30-Jul-16,2314,29.7,14.37,35.14,3514,40.8,1447.167,1,1447.167,215,0.14856613,7,set
S268-041-TTD-T1,268-G29,,Thunnus,N/A,N/A,S268-041-TTD-T1,Thunnus,obesus,No,-1.567,-174.808,PIPA,,S268,S268-041-TTD,31-Jul-16,1049,29.8,5.25,35.17,3300,97.9,1443.028,1,1443.028,59,0.040886248,7,risen
S268-042-TTD-T1,268-G30,,Thunnus,N/A,N/A,S268-042-TTD-T1,Thunnus,obesus,No,-1.917,-175.04,PIPA,,S268,S268-042-TTD,31-Jul-16,2244,29.7,14.69,35.18,4975,98.1,1575.701,1,1575.701,103,0.065367732,2,set
S268-042-TTS-T1,,,Thunnus,N/A,N/A,S268-042-TTS-T1,Thunnus,,No,-1.6,-175.052,PIPA,,S268,S268-042-TTS-Shallow,31-Jul-16,2319,29.7,14.69,35.18,5115,42.9,1165.001,1,1165.001,154,0.132188728,2,set
S268-045-TTS-T1,268-G269,,Thunnus,N/A,N/A,S268-045-TTS-T1,Thunnus,,No,-3.612,-174.738,PIPA,,S268,S268-045-TTS,2-Aug-16,1128,29.6,5.07,35.13,5386,33.9,1379.669,1,1379.669,97,0.070306719,0,risen
S268-047-TTS-K1,,,K. pelamis,N/A,N/A,S268-047-TTS-K1,Katsuwonus,pelamis,No,-4.73,-174.615,PIPA,,S268,S268-047-TTS,4-Aug-16,2115,29.7,12.66,35.04,2281,39.2,1320.235,1,1320.235,124,0.093922673,7,set
S268-048-TTD-U1,268-G271,,Thunnus,N/A,N/A,S268-048-TTD-U1,Thunnus,,No,-5.822,-174.57,PIPA,,S268,S268-048-TTD,5-Aug-16,1046,29.8,4.71,34.99,5810,95.1,1511.941,1,1511.941,54,0.035715679,7,risen
S268-048-TTS-T1,268-G270,,Thunnus,N/A,N/A,S268-048-TTS-T1,Thunnus,,No,-5.847,-174.58,PIPA,,S268,S268-048-TTS,5-Aug-16,1120,29.8,4.71,34.99,5059,45,1696.732,1,1696.732,59,0.034772728,7,risen
S268-049-TTD-T1,268-G272,,Thunnus,N/A,N/A,S268-049-TTD-T1,Thunnus,,No,-6.127,-174.295,PIPA,,S268,S268-049-TTD,5-Aug-16,2245,29.7,12.2,35,5377,95.3,1557.091,1,1557.091,95,0.061011206,7,set
S268-049-TTD-U1,268-G273,,Thunnus,4.4057,3.501891892,S268-049-TTD-U1,Thunnus,albacares,Yes,-6.127,-174.295,PIPA,,S268,S268-049-TTD,5-Aug-16,2245,29.7,12.2,35,5377,95.3,1557.091,1,1557.091,95,0.061011206,7,set
S268-049-TTS-K1,268-G249,,K. pelamis,N/A,N/A,S268-049-TTS-K1,Katsuwonus,pelamis,No,-6.148,-174.3,PIPA,,S268,S268-049-TTS,5-Aug-16,2320,29.7,12.2,35,5777,47.5,1257.837,1,1257.837,97.5,0.077514018,7,set
S268-050-TTD-T1,268-G274,,Thunnus,N/A,N/A,S268-050-TTD-T1,Thunnus,,No,-6.402,-173.705,PIPA,,S268,S268-050-TTD,6-Aug-16,1328,29.8,4.35,35.04,4555,77,1715.475,1,1715.475,80,0.046634314,14,risen
S268-050-TTS-T1,268-G275,,Thunnus,N/A,N/A,S268-050-TTS-T1,Thunnus,obesus,No,-6.422,-173.703,PIPA,,S268,S268-050-TTS,6-Aug-16,1402,29.8,4.35,35.04,4556,51,1567.664,1,1567.664,88,0.056134478,14,risen
S274-009-TTD-K1,274-G18,,K. pelamis,4.187,1.793333333,S274-009-TTD-K1,Katsuwonus,pelamis,No,-6.278,-169.312,SEC,SEC,S274,S274-009-TTD,15-Jul-17,1113,29.8,4.55,35.4,5654,96,1078.066,1,1078.066,44,0.040813828,64,set
S274-009-TTD-K2,,,K. pelamis,3.2283,0,S274-009-TTD-K2,Katsuwonus,pelamis,No,-6.278,-169.312,SEC,SEC,S274,S274-009-TTD,15-Jul-17,1113,29.8,4.55,35.4,5654,96,1078.066,1,1078.066,44,0.040813828,64,set
S274-009-TTD-K3,274-G19,,K. pelamis,3.7857,0.901555556,S274-009-TTD-K3,Katsuwonus,pelamis,No,-6.278,-169.312,SEC,SEC,S274,S274-009-TTD,15-Jul-17,1113,29.8,4.55,35.4,5654,96,1078.066,1,1078.066,44,0.040813828,64,set
S274-009-TTD-K4,,,K. pelamis,3.2027,0,S274-009-TTD-K4,Katsuwonus,pelamis,No,-6.278,-169.312,SEC,SEC,S274,S274-009-TTD,15-Jul-17,1113,29.8,4.55,35.4,5654,96,1078.066,1,1078.066,44,0.040813828,64,set
S274-009-TTD-K5,,,K. pelamis,2.7103,0,S274-009-TTD-K5,Katsuwonus,pelamis,No,-6.278,-169.312,SEC,SEC,S274,S274-009-TTD,15-Jul-17,1113,29.8,4.55,35.4,5654,96,1078.066,1,1078.066,44,0.040813828,64,set
S274-009-TTD-K6,,,K. pelamis,2.8331,0,S274-009-TTD-K6,Katsuwonus,pelamis,No,-6.278,-169.312,SEC,SEC,S274,S274-009-TTD,15-Jul-17,1113,29.8,4.55,35.4,5654,96,1078.066,1,1078.066,44,0.040813828,64,set
S274-009-TTD-K7,,,K. pelamis,2.8148,0,S274-009-TTD-K7,Katsuwonus,pelamis,No,-6.278,-169.312,SEC,SEC,S274,S274-009-TTD,15-Jul-17,1113,29.8,4.55,35.4,5654,96,1078.066,1,1078.066,44,0.040813828,64,set
S274-011-TTS-K1,274-G20,,K. pelamis,6.2014,6.269777778,S274-011-TTS-K1,Katsuwonus,pelamis,No,-4.757,-169.182,SEC,SEC,S274,S274-011-TTS,16-Jul-17,1106,29.5,8.74,35.43,5064,38,798.57,1,798.57,58,0.072629826,54,set
S274-011-TTS-K2,,,K. pelamis,6.2806,6.445777778,S274-011-TTS-K2,Katsuwonus,pelamis,No,-4.757,-169.182,SEC,SEC,S274,S274-011-TTS,16-Jul-17,1106,29.5,8.74,35.43,5064,38,798.57,1,798.57,58,0.072629826,54,set
S274-011-TTS-T1,274-G87,,Thunnus,4.1858,2.907567568,S274-011-TTS-T1,Thunnus,,No,-4.757,-169.182,SEC,SEC,S274,S274-011-TTS,16-Jul-17,1106,29.5,8.74,35.43,5064,38,798.57,1,798.57,58,0.072629826,54,set
S274-013-TTD-K1,274-G3,GC_81,K. pelamis,7.721,9.646666667,S274-013-TTD-K1,Katsuwonus,pelamis,No,-3.775,-169.79,PIPA,,S274,S274-013-TTD,17-Jul-17,1116,29.4,9.02,35.46,5438,75,1529.777,1,1529.777,112,0.073213285,42,risen
S274-013-TTD-K2,274-G21,,K. pelamis,4.4963,2.480666667,S274-013-TTD-K2,Katsuwonus,pelamis,No,-3.775,-169.79,PIPA,,S274,S274-013-TTD,17-Jul-17,1116,29.4,9.02,35.46,5438,75,1529.777,1,1529.777,112,0.073213285,42,risen
S274-013-TTD-T1,274-G89,,Thunnus,N/A,N/A,S274-013-TTD-T1,Thunnus,obesus,No,-3.775,-169.79,PIPA,,S274,S274-013-TTD,17-Jul-17,1116,29.4,9.02,35.46,5438,75,1529.777,1,1529.777,112,0.073213285,42,risen
S274-013-TTS-T1,274-G88,,Thunnus,4.9395,4.944594595,S274-013-TTS-T1,Thunnus,,No,-3.79,-169.803,PIPA,,S274,S274-013-TTS,17-Jul-17,1145,29.4,7.54,35.45,5438,45,864,1,864,117,0.135416667,42,risen
S274-014-TTD-T1,274-G12,,Thunnus,7.4309,11.67810811,S274-014-TTD-T1,Thunnus,obesus,No,-3.205,-170.212,PIPA,,S274,S274-014-TTD,17-Jul-17,2327,29.2,15.8,35.45,5431,94,2058.437,1,2058.437,110,0.053438604,31,set
S274-015-TTD-K1,274-G22,GC_82,K. pelamis,5.6108,4.957333333,S274-015-TTD-K1,Katsuwonus,pelamis,Yes,-3.123,-171.142,Enderbury,,S274,S274-015-TTD,18-Jul-17,1135,29.5,15.06,35.47,2225,113,1079.988,1,1079.988,78,0.072223025,31,risen
S274-015-TTD-K2,274-G23,GC_83,K. pelamis,4.6372,2.793777778,S274-015-TTD-K2,Katsuwonus,pelamis,Yes,-3.123,-171.142,Enderbury,,S274,S274-015-TTD,18-Jul-17,1135,29.5,15.06,35.47,2225,113,1079.988,1,1079.988,78,0.072223025,31,risen
S274-015-TTD-K3,,,K. pelamis,2.8969,0,S274-015-TTD-K3,Katsuwonus,pelamis,Yes,-3.123,-171.142,Enderbury,,S274,S274-015-TTD,18-Jul-17,1135,29.5,15.06,35.47,2225,113,1079.988,1,1079.988,78,0.072223025,31,risen
S274-016-TTD-K1,274-G24,,K. pelamis,6.0751,5.989111111,S274-016-TTD-K1,Katsuwonus,pelamis,No,-3.01,-171.39,PIPA,,S274,S274-016-TTD,18-Jul-17,2242,29.3,16.23,35.48,1900,78,1253.885,1,1253.885,230,0.1834299,31,set
S274-016-TTD-K2,274-G25,,K. pelamis,4.0594,1.509777778,S274-016-TTD-K2,Katsuwonus,pelamis,No,-3.01,-171.39,PIPA,,S274,S274-016-TTD,18-Jul-17,2242,29.3,16.23,35.48,1900,78,1253.885,1,1253.885,230,0.1834299,31,set
S274-016-TTD-K3,274-G26,,K. pelamis,4.4908,2.468444444,S274-016-TTD-K3,Katsuwonus,pelamis,No,-3.01,-171.39,PIPA,,S274,S274-016-TTD,18-Jul-17,2242,29.3,16.23,35.48,1900,78,1253.885,1,1253.885,230,0.1834299,31,set
S274-016-TTD-K4,274-G27,,K. pelamis,5.1127,3.850444444,S274-016-TTD-K4,Katsuwonus,pelamis,No,-3.01,-171.39,PIPA,,S274,S274-016-TTD,18-Jul-17,2242,29.3,16.23,35.48,1900,78,1253.885,1,1253.885,230,0.1834299,31,set
S274-016-TTD-K5,,,K. pelamis,N/A,N/A,S274-016-TTD-K5,Katsuwonus,pelamis,No,-3.01,-171.39,PIPA,,S274,S274-016-TTD,18-Jul-17,2242,29.3,16.23,35.48,1900,78,1253.885,1,1253.885,230,0.1834299,31,set
S274-016-TTD-K6,274-G1,GC_84,K. pelamis,7.0344,8.120888889,S274-016-TTD-K6,Katsuwonus,pelamis,Yes,-3.01,-171.39,PIPA,,S274,S274-016-TTD,18-Jul-17,2242,29.3,16.23,35.48,1900,78,1253.885,1,1253.885,230,0.1834299,31,set
S274-017-TTD-K1,274-G28,,K. pelamis,N/A,N/A,S274-017-TTD-K1,Katsuwonus,pelamis,No,-2.828,-171.747,Kanton,,S274,S274-017-TTD,23-Jul-17,1553,29.3,9.58,35.5,1683,111,762.819,1,762.819,57,0.074722837,0,risen
S274-017-TTS-U1,274-G90,,K. pelamis,N/A,N/A,S274-017-TTS-U1,Katsuwonus,pelamis,No,-2.833,-171.747,Kanton,,S274,S274-017-TTS,23-Jul-17,1615,29.2,9.52,35.48,1589,58,751.925,1,751.925,113,0.150280946,0,risen
S274-019-TTS-K1,274-G9,GC_85,K. pelamis,6.6675,7.305555556,S274-019-TTS-K1,Katsuwonus,pelamis,Yes,-4.087,-171.98,PIPA,,S274,S274-019-TTS,24-Jul-17,1120,29.4,6.83,35.47,5619,40,1410.428,1,1410.428,38,0.026942176,2,risen
S274-020-NT-K1,274-G29,,K. pelamis,N/A,N/A,S274-020-NT-K1,Katsuwonus,pelamis,No,-4.293,-172.03,Orona,,S274,S274-020-NT,25-Jul-17,9,29.5,13.68,35.49,5553,0,2500,0.5,1250,51,0.0408,6,set
S274-022-TTS-K1,274-G30,,K. pelamis,4.3527,2.161555556,S274-022-TTS-K1,Katsuwonus,pelamis,No,-4.405,-172.338,Orona,,S274,S274-022-TTS,27-Jul-17,1101,29.6,7.1,35.48,3020,34,1441.266,1,1441.266,58,0.040242398,20,risen
S274-022-TTS-K2,274-G31,,K. pelamis,N/A,N/A,S274-022-TTS-K2,Katsuwonus,pelamis,No,-4.405,-172.338,Orona,,S274,S274-022-TTS,27-Jul-17,1101,29.6,7.1,35.48,3020,34,1441.266,1,1441.266,58,0.040242398,20,risen
S274-022-TTS-K3,274-G32,,K. pelamis,5.5946,4.921333333,S274-022-TTS-K3,Katsuwonus,pelamis,No,-4.405,-172.338,Orona,,S274,S274-022-TTS,27-Jul-17,1101,29.6,7.1,35.48,3020,34,1441.266,1,1441.266,58,0.040242398,20,risen
S274-022-TTS-K4,274-G33,,K. pelamis,6.7335,7.452222222,S274-022-TTS-K4,Katsuwonus,pelamis,No,-4.405,-172.338,Orona,,S274,S274-022-TTS,27-Jul-17,1101,29.6,7.1,35.48,3020,34,1441.266,1,1441.266,58,0.040242398,20,risen
S274-023-NT-K1,274-G35,,K. pelamis,3.8005,0.934444444,S274-023-NT-K1,Katsuwonus,pelamis,No,-4.062,-173.038,PIPA,,S274,S274-023-NT,28-Jul-17,5,29.5,15.89,35.47,5003,0,1959.9,0.5,979.95,15,0.015306903,20,set
S274-023-NT-K2,274-G36,,K. pelamis,4.137,1.682222222,S274-023-NT-K2,Katsuwonus,pelamis,No,-4.062,-173.038,PIPA,,S274,S274-023-NT,28-Jul-17,5,29.5,15.89,35.47,5003,0,1959.9,0.5,979.95,15,0.015306903,20,set
S274-023-TTD-K1,274-G34,,K. pelamis,4.7673,3.082888889,S274-023-TTD-K1,Katsuwonus,pelamis,No,-4.025,-173.03,PIPA,,S274,S274-023-TTD,27-Jul-17,2258,29.5,16.75,35.48,5003,86,1348.617,1,1348.617,118,0.087497043,20,set
S274-024-TTD-K1,,GC_80,K. pelamis,N/A,N/A,S274-024-TTD-K1,Katsuwonus,pelamis,Yes,-3.458,-173.6,PIPA,,S274,S274-024-TTD,28-Jul-17,1113,29.5,10.11,35.45,5517,65,1505.72,1,1505.72,84,0.055787265,29,risen
S274-024-TTD-K2,274-G37,,K. pelamis,N/A,N/A,S274-024-TTD-K2,Katsuwonus,pelamis,Yes,-3.458,-173.6,PIPA,,S274,S274-024-TTD,28-Jul-17,1113,29.5,10.11,35.45,5517,65,1505.72,1,1505.72,84,0.055787265,29,risen
S274-024-TTS-K1,,,K. pelamis,2.5923,0,S274-024-TTS-K1,Katsuwonus,pelamis,No,-3.468,-173.607,PIPA,,S274,S274-024-TTS,28-Jul-17,1140,29.5,9.4,35.45,5527,31,1527.427,1,1527.427,100,0.065469577,29,risen
S274-025-NT-K1,,,K. pelamis,N/A,N/A,S274-025-NT-K1,Katsuwonus,pelamis,No,-2.658,-174.015,PIPA,,S274,S274-025-NT,29-Jul-17,7,29.5,18.83,35.48,N/A,0,1929.4,0.5,964.7,23,0.023841609,39,set
S274-025-NT-K2,,,K. pelamis,N/A,N/A,S274-025-NT-K2,Katsuwonus,pelamis,No,-2.658,-174.015,PIPA,,S274,S274-025-NT,29-Jul-17,7,29.5,18.83,35.48,N/A,0,1929.4,0.5,964.7,23,0.023841609,39,set
S274-025-NT-K3,,,K. pelamis,N/A,N/A,S274-025-NT-K3,Katsuwonus,pelamis,No,-2.658,-174.015,PIPA,,S274,S274-025-NT,29-Jul-17,7,29.5,18.83,35.48,N/A,0,1929.4,0.5,964.7,23,0.023841609,39,set
S274-026-TTD-K1,274-G38,GC_90,K. pelamis,6.5721,7.093555556,S274-026-TTD-K1,Katsuwonus,pelamis,Yes,-2.152,-174.383,Winslow,,S274,S274-026-TTD,29-Jul-17,1111,29.3,5.96,35.5,5457,81,1257.303,1,1257.303,59,0.04692584,39,risen
S274-026-TTS-K1,274-G5,GC_86,K. pelamis,7.5591,9.286888889,S274-026-TTS-K1,Katsuwonus,pelamis,Yes,-2.163,-174.393,Winslow,,S274,S274-026-TTS,29-Jul-17,1136,29.3,5.38,35.5,5459,36,1274.204,1,1274.204,101,0.079265173,39,risen
S274-026-TTS-K2,274-G6,GC_87,K. pelamis,8.5954,11.58977778,S274-026-TTS-K2,Katsuwonus,pelamis,Yes,-2.163,-174.393,Winslow,,S274,S274-026-TTS,29-Jul-17,1136,29.3,5.38,35.5,5459,36,1274.204,1,1274.204,101,0.079265173,39,risen
S274-026-TTS-K3,274-G7,GC_88,K. pelamis,6.3118,6.515111111,S274-026-TTS-K3,Katsuwonus,pelamis,Yes,-2.163,-174.393,Winslow,,S274,S274-026-TTS,29-Jul-17,1136,29.3,5.38,35.5,5459,36,1274.204,1,1274.204,101,0.079265173,39,risen
S274-026-TTS-K4,274-G8,GC_89,K. pelamis,7.0928,8.250666667,S274-026-TTS-K4,Katsuwonus,pelamis,Yes,-2.163,-174.393,Winslow,,S274,S274-026-TTS,29-Jul-17,1136,29.3,5.38,35.5,5459,36,1274.204,1,1274.204,101,0.079265173,39,risen
S274-027-TTD-K1,274-G42,,K. pelamis,4.2529,1.939777778,S274-027-TTD-K1,Katsuwonus,pelamis,No,-1.815,-174.672,Winslow,,S274,S274-027-TTD,29-Jul-17,2238,29.3,15.9,35.47,1740,87,1156.137,1,1156.137,141,0.121957865,39,risen
S274-027-TTS-K1,274-G39,,K. pelamis,7.2409,8.579777778,S274-027-TTS-K1,Katsuwonus,pelamis,No,-1.832,-174.677,Winslow,,S274,S274-027-TTS,29-Jul-17,2307,29.3,15.7,35.47,2330,44,905.504,1,905.504,187,0.206514825,39,risen
S274-027-TTS-K2,274-G40,GC_79,K. pelamis,N/A,N/A,S274-027-TTS-K2,Katsuwonus,pelamis,Yes,-1.832,-174.677,Winslow,,S274,S274-027-TTS,29-Jul-17,2307,29.3,15.7,35.47,2330,44,905.504,1,905.504,187,0.206514825,39,risen
S274-027-TTS-K3,274-G41,,K. pelamis,N/A,N/A,S274-027-TTS-K3,Katsuwonus,pelamis,Yes ,-1.832,-174.677,Winslow,,S274,S274-027-TTS,29-Jul-17,2307,29.3,15.7,35.47,2330,44,905.504,1,905.504,187,0.206514825,39,risen
S274-028-TTS-K1,274-G43,GC_91,K. pelamis,N/A,N/A,S274-028-TTS-K1,Katsuwonus,pelamis,Yes,-2.44,-174.8,Winslow,,S274,S274-028-TTS,30-Jul-17,1131,29.4,6.04,35.5,5005,43,1092.431,1,1092.431,47.6,0.043572546,49,risen
S274-028-TTS-T1,274-G13,,Thunnus,4.8844,4.795675676,S274-028-TTS-T1,Thunnus,albacares,No,-2.44,-174.8,Winslow,,S274,S274-028-TTS,30-Jul-17,1131,29.4,6.04,35.5,5005,43,1092.431,1,1092.431,47.6,0.043572546,49,risen
S274-029-TTD-K1,274-G53,GC_92,K. pelamis,N/A,N/A,S274-029-TTD-K1,Katsuwonus,pelamis,Yes,-2.97,-174.915,PIPA,,S274,S274-029-TTD,30-Jul-17,2246,29.4,17.56,35.49,5521,71,1411.682,1,1411.682,140,0.099172477,49,risen
S274-029-TTD-K10,274-G62,,K. pelamis,4.2222,1.871555556,S274-029-TTD-K10,Katsuwonus,pelamis,No,-2.97,-174.915,PIPA,,S274,S274-029-TTD,30-Jul-17,2246,29.4,17.56,35.49,5521,71,1411.682,1,1411.682,140,0.099172477,49,risen
S274-029-TTD-K11,274-G63,,K. pelamis,4.3179,2.084222222,S274-029-TTD-K11,Katsuwonus,pelamis,No,-2.97,-174.915,PIPA,,S274,S274-029-TTD,30-Jul-17,2246,29.4,17.56,35.49,5521,71,1411.682,1,1411.682,140,0.099172477,49,risen
S274-029-TTD-K12,274-G64,,K. pelamis,N/A,N/A,S274-029-TTD-K12,Katsuwonus,pelamis,No,-2.97,-174.915,PIPA,,S274,S274-029-TTD,30-Jul-17,2246,29.4,17.56,35.49,5521,71,1411.682,1,1411.682,140,0.099172477,49,risen
S274-029-TTD-K13,274-G65,,K. pelamis,N/A,N/A,S274-029-TTD-K13,Katsuwonus,pelamis,No,-2.97,-174.915,PIPA,,S274,S274-029-TTD,30-Jul-17,2246,29.4,17.56,35.49,5521,71,1411.682,1,1411.682,140,0.099172477,49,risen
S274-029-TTD-K14,274-G66,,K. pelamis,4.8863,3.347333333,S274-029-TTD-K14,Katsuwonus,pelamis,No,-2.97,-174.915,PIPA,,S274,S274-029-TTD,30-Jul-17,2246,29.4,17.56,35.49,5521,71,1411.682,1,1411.682,140,0.099172477,49,risen
S274-029-TTD-K2,274-G54,,K. pelamis,4.1166,1.636888889,S274-029-TTD-K2,Katsuwonus,pelamis,No,-2.97,-174.915,PIPA,,S274,S274-029-TTD,30-Jul-17,2246,29.4,17.56,35.49,5521,71,1411.682,1,1411.682,140,0.099172477,49,risen
S274-029-TTD-K3,274-G55,GC_93,K. pelamis,6.1276,6.105777778,S274-029-TTD-K3,Katsuwonus,pelamis,Yes,-2.97,-174.915,PIPA,,S274,S274-029-TTD,30-Jul-17,2246,29.4,17.56,35.49,5521,71,1411.682,1,1411.682,140,0.099172477,49,risen
S274-029-TTD-K4,274-G56,,K. pelamis,5.0253,3.656222222,S274-029-TTD-K4,Katsuwonus,pelamis,No,-2.97,-174.915,PIPA,,S274,S274-029-TTD,30-Jul-17,2246,29.4,17.56,35.49,5521,71,1411.682,1,1411.682,140,0.099172477,49,risen
S274-029-TTD-K5,274-G57,,K. pelamis,4.5657,2.634888889,S274-029-TTD-K5,Katsuwonus,pelamis,No,-2.97,-174.915,PIPA,,S274,S274-029-TTD,30-Jul-17,2246,29.4,17.56,35.49,5521,71,1411.682,1,1411.682,140,0.099172477,49,risen
S274-029-TTD-K6,274-G58,,K. pelamis,5.6659,5.079777778,S274-029-TTD-K6,Katsuwonus,pelamis,No,-2.97,-174.915,PIPA,,S274,S274-029-TTD,30-Jul-17,2246,29.4,17.56,35.49,5521,71,1411.682,1,1411.682,140,0.099172477,49,risen
S274-029-TTD-K7,274-G59,,K. pelamis,5.7743,5.320666667,S274-029-TTD-K7,Katsuwonus,pelamis,No,-2.97,-174.915,PIPA,,S274,S274-029-TTD,30-Jul-17,2246,29.4,17.56,35.49,5521,71,1411.682,1,1411.682,140,0.099172477,49,risen
S274-029-TTD-K8,274-G60,,K. pelamis,4.5074,2.505333333,S274-029-TTD-K8,Katsuwonus,pelamis,No,-2.97,-174.915,PIPA,,S274,S274-029-TTD,30-Jul-17,2246,29.4,17.56,35.49,5521,71,1411.682,1,1411.682,140,0.099172477,49,risen
S274-029-TTD-K9,274-G61,,K. pelamis,4.695,2.922222222,S274-029-TTD-K9,Katsuwonus,pelamis,No,-2.97,-174.915,PIPA,,S274,S274-029-TTD,30-Jul-17,2246,29.4,17.56,35.49,5521,71,1411.682,1,1411.682,140,0.099172477,49,risen
S274-029-TTD-U1,274-G17,,Thunnus,4.37,3.405405405,S274-029-TTD-U1,Thunnus,,No,-2.97,-174.915,PIPA,,S274,S274-029-TTD,30-Jul-17,2246,29.4,17.56,35.49,5521,71,1411.682,1,1411.682,140,0.099172477,49,risen
S274-029-TTS-K1,274-G44,,K. pelamis,N/A,N/A,S274-029-TTS-K1,Katsuwonus,pelamis,No,-2.983,-174.93,PIPA,,S274,S274-029-TTS,30-Jul-17,2311,29.4,17,35.49,5605,42,1017.484,1,1017.484,164.7,0.161869867,49,risen
S274-029-TTS-K2,274-G45,,K. pelamis,N/A,N/A,S274-029-TTS-K2,Katsuwonus,pelamis,No,-2.983,-174.93,PIPA,,S274,S274-029-TTS,30-Jul-17,2311,29.4,17,35.49,5605,42,1017.484,1,1017.484,164.7,0.161869867,49,risen
S274-029-TTS-K3,274-G46,,K. pelamis,4.1844,1.787555556,S274-029-TTS-K3,Katsuwonus,pelamis,No,-2.983,-174.93,PIPA,,S274,S274-029-TTS,30-Jul-17,2311,29.4,17,35.49,5605,42,1017.484,1,1017.484,164.7,0.161869867,49,risen
S274-029-TTS-K4,274-G47,,K. pelamis,5.0624,3.738666667,S274-029-TTS-K4,Katsuwonus,pelamis,No,-2.983,-174.93,PIPA,,S274,S274-029-TTS,30-Jul-17,2311,29.4,17,35.49,5605,42,1017.484,1,1017.484,164.7,0.161869867,49,risen
S274-029-TTS-K5,274-G48,,K. pelamis,4.4815,2.447777778,S274-029-TTS-K5,Katsuwonus,pelamis,No,-2.983,-174.93,PIPA,,S274,S274-029-TTS,30-Jul-17,2311,29.4,17,35.49,5605,42,1017.484,1,1017.484,164.7,0.161869867,49,risen
S274-029-TTS-K6,274-G49,,K. pelamis,N/A,N/A,S274-029-TTS-K6,Katsuwonus,pelamis,No,-2.983,-174.93,PIPA,,S274,S274-029-TTS,30-Jul-17,2311,29.4,17,35.49,5605,42,1017.484,1,1017.484,164.7,0.161869867,49,risen
S274-029-TTS-K7,274-G50,,K. pelamis,N/A,N/A,S274-029-TTS-K7,Katsuwonus,pelamis,No,-2.983,-174.93,PIPA,,S274,S274-029-TTS,30-Jul-17,2311,29.4,17,35.49,5605,42,1017.484,1,1017.484,164.7,0.161869867,49,risen
S274-029-TTS-K8,274-G51,,K. pelamis,N/A,N/A,S274-029-TTS-K8,Katsuwonus,pelamis,No,-2.983,-174.93,PIPA,,S274,S274-029-TTS,30-Jul-17,2311,29.4,17,35.49,5605,42,1017.484,1,1017.484,164.7,0.161869867,49,risen
S274-029-TTS-K9,274-G52,,K. pelamis,N/A,N/A,S274-029-TTS-K9,Katsuwonus,pelamis,Yes,-2.983,-174.93,PIPA,,S274,S274-029-TTS,30-Jul-17,2311,29.4,17,35.49,5605,42,1017.484,1,1017.484,164.7,0.161869867,49,risen
S274-029-TTS-T1,274-G91,,Thunnus,N/A,N/A,S274-029-TTS-T1,Thunnus,,No,-2.983,-174.93,PIPA,,S274,S274-029-TTS,30-Jul-17,2311,29.4,17,35.49,5605,42,1017.484,1,1017.484,164.7,0.161869867,49,risen
S274-030-TTD-K1,274-G67,GC_94,K. pelamis,5.3253,4.322888889,S274-030-TTD-K1,Katsuwonus,pelamis,Yes,-3.778,-174.635,PIPA,,S274,S274-030-TTD,31-Jul-17,1108,29.5,6.48,35.45,5172,70,1463.4,1,1463.4,68,0.046467131,58,risen
S274-030-TTD-K2,274-G68,,K. pelamis,4.6307,2.779333333,S274-030-TTD-K2,Katsuwonus,pelamis,No,-3.778,-174.635,PIPA,,S274,S274-030-TTD,31-Jul-17,1108,29.5,6.48,35.45,5172,70,1463.4,1,1463.4,68,0.046467131,58,risen
S274-030-TTD-K3,274-G69,GC_95,K. pelamis,4.3616,2.181333333,S274-030-TTD-K3,Katsuwonus,pelamis,Yes,-3.778,-174.635,PIPA,,S274,S274-030-TTD,31-Jul-17,1108,29.5,6.48,35.45,5172,70,1463.4,1,1463.4,68,0.046467131,58,risen
S274-030-TTS-K1,274-G70,,K. pelamis,5.3275,4.327777778,S274-030-TTS-K1,Katsuwonus,pelamis,No,-3.793,-174.643,PIPA,,S274,S274-030-TTS,31-Jul-17,1132,29.5,6.34,35.45,5172,28,1369.069,1,1369.069,119,0.086920382,58,risen
S274-030-TTS-K2,274-G71,GC_96,K. pelamis,5.2279,4.106444444,S274-030-TTS-K2,Katsuwonus,pelamis,Yes,-3.793,-174.643,PIPA,,S274,S274-030-TTS,31-Jul-17,1132,29.5,6.34,35.45,5172,28,1369.069,1,1369.069,119,0.086920382,58,risen
S274-030-TTS-K3,274-G72,,K. pelamis,4.6557,2.834888889,S274-030-TTS-K3,Katsuwonus,pelamis,No,-3.793,-174.643,PIPA,,S274,S274-030-TTS,31-Jul-17,1132,29.5,6.34,35.45,5172,28,1369.069,1,1369.069,119,0.086920382,58,risen
S274-030-TTS-K4,274-G73,,K. pelamis,4.8439,3.253111111,S274-030-TTS-K4,Katsuwonus,pelamis,No,-3.793,-174.643,PIPA,,S274,S274-030-TTS,31-Jul-17,1132,29.5,6.34,35.45,5172,28,1369.069,1,1369.069,119,0.086920382,58,risen
S274-030-TTS-K5,274-G74,,K. pelamis,4.4988,2.486222222,S274-030-TTS-K5,Katsuwonus,pelamis,No,-3.793,-174.643,PIPA,,S274,S274-030-TTS,31-Jul-17,1132,29.5,6.34,35.45,5172,28,1369.069,1,1369.069,119,0.086920382,58,risen
S274-030-TTS-T1,274-G14,,Thunnus,5.9402,7.649189189,S274-030-TTS-T1,Thunnus,albacares,No,-3.793,-174.643,PIPA,,S274,S274-030-TTS,31-Jul-17,1132,29.5,6.34,35.45,5172,28,1369.069,1,1369.069,119,0.086920382,58,risen
S274-030-TTS-T2,274-G92,,Auxis,N/A,N/A,S274-030-TTS-T2,Auxis,thazard,No,-3.793,-174.643,PIPA,,S274,S274-030-TTS,31-Jul-17,1132,29.5,6.34,35.45,5172,28,1369.069,1,1369.069,119,0.086920382,58,risen
S274-031-TTD-K1,274-G76,,K. pelamis,3.8948,1.144,S274-031-TTD-K1,Katsuwonus,pelamis,No,-4.648,-174.422,Nikumaroro,,S274,S274-031-TTD,31-Jul-17,2324,29.7,14.46,35.45,3624,65,1547.132,1,1547.132,76,0.049123152,68,risen
S274-031-TTD-U1,274-G77,,Auxis,N/A,N/A,S274-031-TTD-U1,Auxis,thazard,No,-4.648,-174.422,Nikumaroro,,S274,S274-031-TTD,31-Jul-17,2324,29.7,14.46,35.45,3624,65,1547.132,1,1547.132,76,0.049123152,68,risen
S274-031-TTD-U2,274-G78,,Auxis,N/A,N/A,S274-031-TTD-U2,Auxis,thazard,No,-4.648,-174.422,Nikumaroro,,S274,S274-031-TTD,31-Jul-17,2324,29.7,14.46,35.45,3624,65,1547.132,1,1547.132,76,0.049123152,68,risen
S274-031-TTD-U3,274-G79,,Auxis,N/A,N/A,S274-031-TTD-U3,Auxis,thazard,No,-4.648,-174.422,Nikumaroro,,S274,S274-031-TTD,31-Jul-17,2324,29.7,14.46,35.45,3624,65,1547.132,1,1547.132,76,0.049123152,68,risen
S274-031-TTS-K1,274-G75,,K. pelamis,5.2815,4.225555556,S274-031-TTS-K1,Katsuwonus,pelamis,No,-4.663,-174.428,Nikumaroro,,S274,S274-031-TTS,31-Jul-17,2348,29.7,14.76,35.45,3624,38,1240.535,1,1240.535,201,0.162026867,68,risen
S274-032-TTD-K1,,,K. pelamis,N/A,N/A,S274-032-TTD-K1,Katsuwonus,pelamis,No,-4.658,-174.575,Nikumaroro,,S274,S274-032-TTD,1-Aug-17,1052,29.8,6.34,35.47,1829,74,1357.562,1,1357.562,62,0.045670106,68,set
S274-032-TTS-K1,274-G80,GC_97,K. pelamis,5.7889,5.353111111,S274-032-TTS-K1,Katsuwonus,pelamis,Yes,-4.668,-174.58,Nikumaroro,,S274,S274-032-TTS,1-Aug-17,1117,29.7,6.18,35.49,2119,43,1012.437,1,1012.437,60,0.059262947,68,set
S274-032-TTS-K2,274-G81,,K. pelamis,3.8432,1.029333333,S274-032-TTS-K2,Katsuwonus,pelamis,No,-4.668,-174.58,Nikumaroro,,S274,S274-032-TTS,1-Aug-17,1117,29.7,6.18,35.49,2119,43,1012.437,1,1012.437,60,0.059262947,68,set
S274-032-TTS-K3,274-G82,,K. pelamis,4.5966,2.703555556,S274-032-TTS-K3,Katsuwonus,pelamis,No,-4.668,-174.58,Nikumaroro,,S274,S274-032-TTS,1-Aug-17,1117,29.7,6.18,35.49,2119,43,1012.437,1,1012.437,60,0.059262947,68,set
S274-032-TTS-K4,,,K. pelamis,3.8917,1.137111111,S274-032-TTS-K4,Katsuwonus,pelamis,No,-4.668,-174.58,Nikumaroro,,S274,S274-032-TTS,1-Aug-17,1117,29.7,6.18,35.49,2119,43,1012.437,1,1012.437,60,0.059262947,68,set
S274-032-TTS-K5,,,K. pelamis,3.0766,0,S274-032-TTS-K5,Katsuwonus,pelamis,No,-4.668,-174.58,Nikumaroro,,S274,S274-032-TTS,1-Aug-17,1117,29.7,6.18,35.49,2119,43,1012.437,1,1012.437,60,0.059262947,68,set
S274-032-TTS-K6,,,K. pelamis,2.9488,0,S274-032-TTS-K6,Katsuwonus,pelamis,No,-4.668,-174.58,Nikumaroro,,S274,S274-032-TTS,1-Aug-17,1117,29.7,6.18,35.49,2119,43,1012.437,1,1012.437,60,0.059262947,68,set
S274-032-TTS-T1,274-G15,,Thunnus,3.6383,1.427837838,S274-032-TTS-T1,Thunnus,albacares,No,-4.668,-174.58,Nikumaroro,,S274,S274-032-TTS,1-Aug-17,1117,29.7,6.18,35.49,2119,43,1012.437,1,1012.437,60,0.059262947,68,set
S274-033-TTS-K1,274-G83,,K. pelamis,3.527,0.326666667,S274-033-TTS-K1,Katsuwonus,pelamis,No,-5.223,-174.257,PIPA,,S274,S274-033-TTS,3-Aug-17,2323,29.8,16.83,36.45,5366,35,1276.207,1,1276.207,101,0.079140766,90,risen
S274-033-TTS-K2,274-G84,,K. pelamis,4.1303,1.667333333,S274-033-TTS-K2,Katsuwonus,pelamis,No,-5.223,-174.257,PIPA,,S274,S274-033-TTS,3-Aug-17,2323,29.8,16.83,36.45,5366,35,1276.207,1,1276.207,101,0.079140766,90,risen
S274-033-TTS-U1,274-G93,,K. pelamis,N/A,N/A,S274-033-TTS-U1,Katsuwonus,pelamis,No,-5.223,-174.257,PIPA,,S274,S274-033-TTS,3-Aug-17,2323,29.8,16.83,36.45,5366,35,1276.207,1,1276.207,101,0.079140766,90,risen
S274-034-TTD-K1,274-G4,GC_98,K. pelamis,5.9104,5.623111111,S274-034-TTD-K1,Katsuwonus,pelamis,Yes,-5.095,-173.837,PIPA,,S274,S274-034-TTD,4-Aug-17,1125,29.8,9.43,35.43,5903,70,1427.836,1,1427.836,58,0.040620912,90,set
S274-034-TTD-K2,274-G85,,K. pelamis,N/A,N/A,S274-034-TTD-K2,Katsuwonus,pelamis,No,-5.095,-173.837,PIPA,,S274,S274-034-TTD,4-Aug-17,1125,29.8,9.43,35.43,5903,70,1427.836,1,1427.836,58,0.040620912,90,set
S274-034-TTD-K3,274-G86,GC_99,K. pelamis,3.8169,0.970888889,S274-034-TTD-K3,Katsuwonus,pelamis,Yes,-5.095,-173.837,PIPA,,S274,S274-034-TTD,4-Aug-17,1125,29.8,9.43,35.43,5903,70,1427.836,1,1427.836,58,0.040620912,90,set
S274-045-NT-T1,274-G16,,Thunnus,4.753,4.440540541,S274-045-NT-T1,Thunnus,albacares,No,-11.973,-170.49,SPSG,,S274,S274-045-NT,9-Aug-17,629,29.3,6.24,35.42,5032,0,1864.6,0.5,932.3,1.4,0.001501663,97,risen
S274-029-TTD-T1,,,Katsuwonus,4.2,1.822222222,S274-029-TTD-T1,Katsuwonus,pelamis,No,-2.97,-174.915,PIPA,,S274,S274-029-TTD,30-Jul-17,2246,29.4,17.56,35.49,5521,71,1411.682,1,1411.682,140,0.099172477,49,risen
S274-029-TTD-T2,,,Katsuwonus,5,3.6,S274-029-TTD-T2,Katsuwonus,pelamis,Yes,-2.97,-174.915,PIPA,,S274,S274-029-TTD,30-Jul-17,2246,29.4,17.56,35.49,5521,71,1411.682,1,1411.682,140,0.099172477,49,risen
S274-029-TTD-T3,,,Katsuwonus,4,1.377777778,S274-029-TTD-T3,Katsuwonus,pelamis,Yes,-2.97,-174.915,PIPA,,S274,S274-029-TTD,30-Jul-17,2246,29.4,17.56,35.49,5521,71,1411.682,1,1411.682,140,0.099172477,49,risen
S274-029-TTD-T4,,,Katsuwonus,3,0,S274-029-TTD-T4,Katsuwonus,pelamis,No,-2.97,-174.915,PIPA,,S274,S274-029-TTD,30-Jul-17,2246,29.4,17.56,35.49,5521,71,1411.682,1,1411.682,140,0.099172477,49,risen
S281-005-TTD-T103,281-G114,,K. pelamis,4.6,2.711111111,T103,Katsuwonus,pelamis,No,14.28,-161.563,,,S281,S281-005-TTD,9-Jul-18,2236,27.9,3.6,34.35,5701,112,2574.841,1,2574.841,68.5,0.026603584,18,set
S281-005-TTD-T104,281-G115,,K. pelamis,3.6,0.488888889,T104,Katsuwonus,pelamis,No,14.28,-161.563,,,S281,S281-005-TTD,9-Jul-18,2236,27.9,3.6,34.35,5701,112,2574.841,1,2574.841,68.5,0.026603584,18,set
S281-005-TTD-T105,281-G116,GC_107,K. pelamis,4.8,3.155555556,T105,Katsuwonus,pelamis,Yes,14.28,-161.563,,,S281,S281-005-TTD,9-Jul-18,2236,27.9,3.6,34.35,5701,112,2574.841,1,2574.841,68.5,0.026603584,18,set
S281-005-TTD-T106,281-G117,GC_108,K. pelamis,4.9,3.377777778,T106,Katsuwonus,pelamis,Yes,14.28,-161.563,,,S281,S281-005-TTD,9-Jul-18,2236,27.9,3.6,34.35,5701,112,2574.841,1,2574.841,68.5,0.026603584,18,set
S281-008-NT-T114,281-G34,,Thunnus,4.63,4.108108108,T114,Thunnus,albacares,No,7.692,-165.177,,,S281,S281-008-NT,12-Jul-18,2354,28.8,3.26,33.82,5022,0,2110.6,0.5,1055.3,18,0.017056761,2,set
S281-010-TTD-T108,,,Thunnus,N/A,N/A,T108,Thunnus,,No,6.04,-165.798,,,S281,S281-010-TTD,13-Jul-18,2316,29.6,6.06,34.4,4568,104,1503.611,1,1503.611,82,0.054535382,0,set
S281-012-TTD-T168,281-G37,,Thunnus,4.94,4.945945946,T168,Thunnus,,,4.57,-166.705,,,S281,S281-012-TTD,14-Jul-18,2234,29.3,17.41,34.96,5602,104,1911.8,1,1911.8,263,0.137566691,3,set
S281-012-TTD-T169,,,Thunnus,4.63,4.108108108,T169,Thunnus,,No,4.57,-166.705,,,S281,S281-012-TTD,14-Jul-18,2234,29.3,17.41,34.96,5602,104,1911.8,1,1911.8,263,0.137566691,3,set
S281-012-TTS-T001,281-G57,,Thunnus ,4.3,3.216216216,T001,Thunnus,,No,4.575,-166.722,,,S281,S281-012-TTS,14-Jul-18,2310,29.2,17.19,34.96,5587,41,1694.195,1,1694.195,195,0.115098911,3,set
S281-014-TTD-T112,281-G120,,Thunnus,N/A,N/A,T112,Thunnus,,1 mysid,2.66,-168.352,,,S281,S281-014-TTD,15-Jul-18,2251,29.2,16.18,34.97,5426,120,2089.729,1,2089.729,181,0.086614102,16,set
S281-014-TTD-T113,281-G121,,Thunnus,4.6,4.027027027,T113,Thunnus,albacares,No,2.66,-168.352,,,S281,S281-014-TTD,15-Jul-18,2251,29.2,16.18,34.97,5426,120,2089.729,1,2089.729,181,0.086614102,16,set
S281-017-TTS-T146,281-G142,GC_113,K. pelamis,4.1,1.6,T146,Katsuwonus,pelamis,Yes,-0.043,-169.633,,,S281,S281-017-TTS,17-Jul-18,854,28.6,29.7,35.38,5461,51,1517.254,1,1517.254,216,0.142362452,26,risen
S281-018-TTD-T003,281-G59,GC_101,Thunnus,5.2,5.648648649,T003,Thunnus,albacares,Yes,-1.073,-169.598,,,S281,S281-018-TTD,17-Jul-18,2134,28.7,26.97,35.42,5631,,2382.254,1,2382.254,220,0.092349514,26,risen
S281-018-TTD-T004,281-G60,GC_102,K. pelamis,5,3.6,T004,Katsuwonus,pelamis,Yes,-1.073,-169.598,,,S281,S281-018-TTD,17-Jul-18,2134,28.7,26.97,35.42,5631,,2382.254,1,2382.254,220,0.092349514,26,risen
S281-018-TTD-T098,P6,GC_106,K. pelamis,6.9,7.822222222,T098,Katsuwonus,pelamis,Yes,-1.073,-169.598,,,S281,S281-018-TTD,17-Jul-18,2134,28.7,26.97,35.42,5631,,2382.254,1,2382.254,220,0.092349514,26,risen
S281-018-TTD-T099,281-G111,,K. pelamis,4.5,2.488888889,T099,Katsuwonus,pelamis,No,-1.073,-169.598,,,S281,S281-018-TTD,17-Jul-18,2134,28.7,26.97,35.42,5631,,2382.254,1,2382.254,220,0.092349514,26,risen
S281-018-TTD-T100,281-G112,,K. pelamis,5,3.6,T100,Katsuwonus,pelamis,No,-1.073,-169.598,,,S281,S281-018-TTD,17-Jul-18,2134,28.7,26.97,35.42,5631,,2382.254,1,2382.254,220,0.092349514,26,risen
S281-018-TTS-T002,281-G58,GC_100,K. pelamis,3.6,0.488888889,T002,Katsuwonus,pelamis,Yes,-1.06,-169.603,,,S281,S281-018-TTS,17-Jul-18,2053,28.7,26.93,35.42,5630,54,1898.29,1,1898.29,240,0.126429576,26,risen
S281-018-TTS-T149,281-G144,,K. pelamis,4.8,3.155555556,T149,Katsuwonus,pelamis,No,-1.06,-169.603,,,S281,S281-018-TTS,17-Jul-18,2053,28.7,26.93,35.42,5630,54,1898.29,1,1898.29,240,0.126429576,26,risen
S281-020-NT-T101,281-G113,,K. pelamis,3.7,0.711111111,T101,Katsuwonus,pelamis,No,-2.04,-170.457,,,S281,S281-020-NT,19-Jul-18,8,28.6,13.11,35.36,5198,0,2253,0.5,1126.5,40,0.035508211,47,set
S281-020-TTD-T005,281-G61,GC_103,Thunnus,5.8,7.27027027,T005,Thunnus,,Yes,-2.015,-170.427,,,S281,S281-020-TTD,18-Jul-18,2312,28.6,13.58,35.34,5198,138,1988.536,1,1988.536,150,0.075432378,47,set
S281-020-TTS-T006,281-G62,GC_104,K. pelamis,5.3,4.266666667,T006,Katsuwonus,pelamis,Yes,-2,-170.402,,,S281,S281-020-TTS,18-Jul-18,2234,28.6,15.18,35.32,5355,49,1610.197,1,1610.197,255,0.158365716,47,set
S281-021-TTS-T183,281-G169,,K. pelamis,4.1,1.6,T183,Katsuwonus,pelamis,No,-2.522,-170.75,,,S281,S281-021-TTS,19-Jul-18,1105,28.8,7.32,35.34,5456,36.6,2270.702,1,2270.702,130,0.057251018,47,set
S281-021-TTS-T184,281-G170,,K. pelamis,4.7,2.933333333,T184,Katsuwonus,pelamis,No,-2.522,-170.75,,,S281,S281-021-TTS,19-Jul-18,1105,28.8,7.32,35.34,5456,36.6,2270.702,1,2270.702,130,0.057251018,47,set
S281-021-TTS-T185,281-G171,,K. pelamis,4.2,1.822222222,T185,Katsuwonus,pelamis,No,-2.522,-170.75,,,S281,S281-021-TTS,19-Jul-18,1105,28.8,7.32,35.34,5456,36.6,2270.702,1,2270.702,130,0.057251018,47,set
S281-021-TTS-T186,,,K. pelamis,4.2,1.822222222,T186,Katsuwonus,pelamis,No,-2.522,-170.75,,,S281,S281-021-TTS,19-Jul-18,1105,28.8,7.32,35.34,5456,36.6,2270.702,1,2270.702,130,0.057251018,47,set
S281-021-TTS-T187,281-G172,,K. pelamis,5.1,3.822222222,T187,Katsuwonus,pelamis,No,-2.522,-170.75,,,S281,S281-021-TTS,19-Jul-18,1105,28.8,7.32,35.34,5456,36.6,2270.702,1,2270.702,130,0.057251018,47,set
S281-021-TTS-T188,281-G173,,K. pelamis,4.3,2.044444444,T188,Katsuwonus,pelamis,No,-2.522,-170.75,,,S281,S281-021-TTS,19-Jul-18,1105,28.8,7.32,35.34,5456,36.6,2270.702,1,2270.702,130,0.057251018,47,set
S281-021-TTS-T189,,,K. pelamis,3.8,0.933333333,T189,Katsuwonus,pelamis,Yes,-2.522,-170.75,,,S281,S281-021-TTS,19-Jul-18,1105,28.8,7.32,35.34,5456,36.6,2270.702,1,2270.702,130,0.057251018,47,set
S281-021-TTS-T190,281-G174,,K. pelamis,4.9,3.377777778,T190,Katsuwonus,pelamis,No,-2.522,-170.75,,,S281,S281-021-TTS,19-Jul-18,1105,28.8,7.32,35.34,5456,36.6,2270.702,1,2270.702,130,0.057251018,47,set
S281-021-TTS-T191,281-G175,,K. pelamis,3.9,1.155555556,T191,Katsuwonus,pelamis,No,-2.522,-170.75,,,S281,S281-021-TTS,19-Jul-18,1105,28.8,7.32,35.34,5456,36.6,2270.702,1,2270.702,130,0.057251018,47,set
S281-021-TTS-T192,281-G176,,K. pelamis,4.4,2.266666667,T192,Katsuwonus,pelamis,No,-2.522,-170.75,,,S281,S281-021-TTS,19-Jul-18,1105,28.8,7.32,35.34,5456,36.6,2270.702,1,2270.702,130,0.057251018,47,set
S281-021-TTS-T193,281-G177,,K. pelamis,4.3,2.044444444,T193,Katsuwonus,pelamis,No,-2.522,-170.75,,,S281,S281-021-TTS,19-Jul-18,1105,28.8,7.32,35.34,5456,36.6,2270.702,1,2270.702,130,0.057251018,47,set
S281-021-TTS-T194,281-G178,,K. pelamis,4,1.377777778,T194,Katsuwonus,pelamis,No,-2.522,-170.75,,,S281,S281-021-TTS,19-Jul-18,1105,28.8,7.32,35.34,5456,36.6,2270.702,1,2270.702,130,0.057251018,47,set
S281-022-TTD-T007,281-G63,,K. pelamis,3.9,1.155555556,T007,Katsuwonus,pelamis,No,-3.155,-171.165,,,S281,S281-022-TTD,19-Jul-18,2316,28.9,28.5,35.48,2787,118,2913.664,1,2913.664,200,0.068642095,57,risen
S281-023-TTS-T284,281-G235,,Thunnus,3.6,1.324324324,T284,Thunnus,,No,-2.89,-171.618,,,S281,S281-023-TTS,20-Jul-18,823,29,8.11,35.46,1237,52,2059.905,1,2059.905,105,0.050973224,57,set
S281-024-TTS-T008,281-G64,,K. pelamis,5.4,4.488888889,T008,Katsuwonus,pelamis,No,-2.83,-171.767,,,S281,S281-024-TTS,24-Jul-18,1414,29.2,5.71,35.44,2055,39,1834.023,1,1834.023,120,0.065429932,90,set
S281-024-TTS-T009,281-G65,,K. pelamis,5.6,4.933333333,T009,Katsuwonus,pelamis,No,-2.83,-171.767,,,S281,S281-024-TTS,24-Jul-18,1414,29.2,5.71,35.44,2055,39,1834.023,1,1834.023,120,0.065429932,90,set
S281-024-TTS-T010,281-G27,,Thunnus,5.18,5.594594595,T010,Thunnus,albacares,,-2.83,-171.767,,,S281,S281-024-TTS,24-Jul-18,1414,29.2,5.71,35.44,2055,39,1834.023,1,1834.023,120,0.065429932,90,set
S281-024-TTS-T011,281-G66,,K. pelamis,6.2,6.266666667,T011,Katsuwonus,pelamis,No,-2.83,-171.767,,,S281,S281-024-TTS,24-Jul-18,1414,29.2,5.71,35.44,2055,39,1834.023,1,1834.023,120,0.065429932,90,set
S281-024-TTS-T012,281-G28,,Thunnus,5.34,6.027027027,T012,Thunnus,albacares,,-2.83,-171.767,,,S281,S281-024-TTS,24-Jul-18,1414,29.2,5.71,35.44,2055,39,1834.023,1,1834.023,120,0.065429932,90,set
S281-024-TTS-T013,281-G67,,K. pelamis,6.5,6.933333333,T013,Katsuwonus,pelamis,Yes,-2.83,-171.767,,,S281,S281-024-TTS,24-Jul-18,1414,29.2,5.71,35.44,2055,39,1834.023,1,1834.023,120,0.065429932,90,set
S281-024-TTS-T014,281-G68,,K. pelamis,5.7,5.155555556,T014,Katsuwonus,pelamis,No,-2.83,-171.767,,,S281,S281-024-TTS,24-Jul-18,1414,29.2,5.71,35.44,2055,39,1834.023,1,1834.023,120,0.065429932,90,set
S281-024-TTS-T015,281-G69,,K. pelamis,5.4,4.488888889,T015,Katsuwonus,pelamis,No,-2.83,-171.767,,,S281,S281-024-TTS,24-Jul-18,1414,29.2,5.71,35.44,2055,39,1834.023,1,1834.023,120,0.065429932,90,set
S281-024-TTS-T016,281-G70,,K. pelamis,5.9,5.6,T016,Katsuwonus,pelamis,No,-2.83,-171.767,,,S281,S281-024-TTS,24-Jul-18,1414,29.2,5.71,35.44,2055,39,1834.023,1,1834.023,120,0.065429932,90,set
S281-024-TTS-T017,281-G71,,Thunnus,5.1,5.378378378,T017,Thunnus,,No,-2.83,-171.767,,,S281,S281-024-TTS,24-Jul-18,1414,29.2,5.71,35.44,2055,39,1834.023,1,1834.023,120,0.065429932,90,set
S281-024-TTS-T018,281-G72,,Thunnus,5.6,6.72972973,T018,Thunnus,,No,-2.83,-171.767,,,S281,S281-024-TTS,24-Jul-18,1414,29.2,5.71,35.44,2055,39,1834.023,1,1834.023,120,0.065429932,90,set
S281-024-TTS-T019,281-G73,,K. pelamis,6,5.822222222,T019,Katsuwonus,pelamis,No,-2.83,-171.767,,,S281,S281-024-TTS,24-Jul-18,1414,29.2,5.71,35.44,2055,39,1834.023,1,1834.023,120,0.065429932,90,set
S281-024-TTS-T020,281-G74,,Thunnus,4.2,2.945945946,T020,Thunnus,albacares,No,-2.83,-171.767,,,S281,S281-024-TTS,24-Jul-18,1414,29.2,5.71,35.44,2055,39,1834.023,1,1834.023,120,0.065429932,90,set
S281-024-TTS-T021,281-G75,,K. pelamis,5.7,5.155555556,T021,Katsuwonus,pelamis,No,-2.83,-171.767,,,S281,S281-024-TTS,24-Jul-18,1414,29.2,5.71,35.44,2055,39,1834.023,1,1834.023,120,0.065429932,90,set
S281-024-TTS-T022,281-G76,,K. pelamis,5.5,4.711111111,T022,Katsuwonus,pelamis,No,-2.83,-171.767,,,S281,S281-024-TTS,24-Jul-18,1414,29.2,5.71,35.44,2055,39,1834.023,1,1834.023,120,0.065429932,90,set
S281-024-TTS-T204,281-G182,GC_117,K. pelamis,5.3,4.266666667,T204,Katsuwonus,pelamis,Yes,-2.83,-171.767,,,S281,S281-024-TTS,24-Jul-18,1414,29.2,5.71,35.44,2055,39,1834.023,1,1834.023,120,0.065429932,90,set
S281-024-TTS-T205,281-G183,GC_118,K. pelamis,5.3,4.266666667,T205,Katsuwonus,pelamis,Yes,-2.83,-171.767,,,S281,S281-024-TTS,24-Jul-18,1414,29.2,5.71,35.44,2055,39,1834.023,1,1834.023,120,0.065429932,90,set
S281-024-TTS-T206,281-G184,GC_119,Thunnus,7.6,12.13513514,T206,Thunnus,albacares,Yes,-2.83,-171.767,,,S281,S281-024-TTS,24-Jul-18,1414,29.2,5.71,35.44,2055,39,1834.023,1,1834.023,120,0.065429932,90,set
S281-024-TTS-T207,281-G185,,K. pelamis,3.9,1.155555556,T207,Katsuwonus,pelamis,No,-2.83,-171.767,,,S281,S281-024-TTS,24-Jul-18,1414,29.2,5.71,35.44,2055,39,1834.023,1,1834.023,120,0.065429932,90,set
S281-024-TTS-T208,281-G186,,K. pelamis,4.9,3.377777778,T208,Katsuwonus,pelamis,No,-2.83,-171.767,,,S281,S281-024-TTS,24-Jul-18,1414,29.2,5.71,35.44,2055,39,1834.023,1,1834.023,120,0.065429932,90,set
S281-025b-TTD-T140,281-G137,GC_111,K. pelamis,4.1,1.6,T140,Katsuwonus,pelamis,Yes,-2.88,-171.608,,,S281,S281-025b-TTD,24-Jul-18,2307,29,17.05,35.38,550,103,1749.491,1,1749.491,135,0.077165301,95,risen
S281-025b-TTD-T141,281-G138,,Thunnus,3.9,2.135135135,T141,Thunnus,,No,-2.88,-171.608,,,S281,S281-025b-TTD,24-Jul-18,2307,29,17.05,35.38,550,103,1749.491,1,1749.491,135,0.077165301,95,risen
S281-025b-TTD-T142,281-G139,GC_112,K. pelamis,5.1,3.822222222,T142,Katsuwonus,pelamis,Yes,-2.88,-171.608,,,S281,S281-025b-TTD,24-Jul-18,2307,29,17.05,35.38,550,103,1749.491,1,1749.491,135,0.077165301,95,risen
S281-025b-TTD-T143,281-G140,,Thunnus,3.4,0.783783784,T143,Thunnus,,No,-2.88,-171.608,,,S281,S281-025b-TTD,24-Jul-18,2307,29,17.05,35.38,550,103,1749.491,1,1749.491,135,0.077165301,95,risen
S281-025b-TTD-T144,,,Thunnus,N/A,N/A,T144,Thunnus,,Yes,-2.88,-171.608,,,S281,S281-025b-TTD,24-Jul-18,2307,29,17.05,35.38,550,103,1749.491,1,1749.491,135,0.077165301,95,risen
S281-025b-TTD-T145,281-G141,,Thunnus,N/A,N/A,T145,Thunnus,albacares,No,-2.88,-171.608,,,S281,S281-025b-TTD,24-Jul-18,2307,29,17.05,35.38,550,103,1749.491,1,1749.491,135,0.077165301,95,risen
S281-025b-TTD-T286,P2,GC_136,K. pelamis,7,8.044444444,T286,Katsuwonus,pelamis,Yes,-2.88,-171.608,,,S281,S281-025b-TTD,24-Jul-18,2307,29,17.05,35.38,550,103,1749.491,1,1749.491,135,0.077165301,95,risen
S281-025b-TTS-T162,281-G154,,Thunnus,4,2.405405405,T162,Thunnus,,No,-2.88,-171.608,,,S281,S281-025b-TTS,24-Jul-18,2224,29,17.26,35.38,526,38,1952.384,1,1952.384,140,0.071707205,95,risen
S281-025b-TTS-T163,281-G155,,Thunnus,4.2,2.945945946,T163,Thunnus,,No,-2.88,-171.608,,,S281,S281-025b-TTS,24-Jul-18,2224,29,17.26,35.38,526,38,1952.384,1,1952.384,140,0.071707205,95,risen
S281-025b-TTS-T164,281-G156,,Thunnus,3.7,1.594594595,T164,Thunnus,,No,-2.88,-171.608,,,S281,S281-025b-TTS,24-Jul-18,2224,29,17.26,35.38,526,38,1952.384,1,1952.384,140,0.071707205,95,risen
S281-025b-TTS-T165,281-G157,,Thunnus,4,2.405405405,T165,Thunnus,,No,-2.88,-171.608,,,S281,S281-025b-TTS,24-Jul-18,2224,29,17.26,35.38,526,38,1952.384,1,1952.384,140,0.071707205,95,risen
S281-025b-TTS-T166,281-G158,,K. pelamis,4.1,1.6,T166,Katsuwonus,pelamis,No,-2.88,-171.608,,,S281,S281-025b-TTS,24-Jul-18,2224,29,17.26,35.38,526,38,1952.384,1,1952.384,140,0.071707205,95,risen
S281-025b-TTS-T167,281-G159,,Thunnus,4,2.405405405,T167,Thunnus,,No,-2.88,-171.608,,,S281,S281-025b-TTS,24-Jul-18,2224,29,17.26,35.38,526,38,1952.384,1,1952.384,140,0.071707205,95,risen
S281-026-TTS-T172,281-G161,,K. pelamis,4.6,2.711111111,T172,Katsuwonus,pelamis,No,-3.627,-171.805,,,S281,S281-026-TTS,25-Jul-18,1156,29,6.01,35.38,4868,38,2707.327,1,2707.327,120,0.044324162,95,set
S281-026-TTS-T173,281-G162,,Thunnus,4.4,3.486486486,T173,Thunnus,,No,-3.627,-171.805,,,S281,S281-026-TTS,25-Jul-18,1156,29,6.01,35.38,4868,38,2707.327,1,2707.327,120,0.044324162,95,set
S281-026-TTS-T174,281-G163,,Thunnus,4.5,3.756756757,T174,Thunnus,,No,-3.627,-171.805,,,S281,S281-026-TTS,25-Jul-18,1156,29,6.01,35.38,4868,38,2707.327,1,2707.327,120,0.044324162,95,set
S281-026-TTS-T175,281-G40,,Thunnus,5.19,5.621621622,T175,Thunnus,,No,-3.627,-171.805,,,S281,S281-026-TTS,25-Jul-18,1156,29,6.01,35.38,4868,38,2707.327,1,2707.327,120,0.044324162,95,set
S281-026-TTS-T176,281-G41,,Thunnus,5.31,5.945945946,T176,Thunnus,,No,-3.627,-171.805,,,S281,S281-026-TTS,25-Jul-18,1156,29,6.01,35.38,4868,38,2707.327,1,2707.327,120,0.044324162,95,set
S281-026-TTS-T177,281-G164,,Thunnus,5.5,6.459459459,T177,Thunnus,,No,-3.627,-171.805,,,S281,S281-026-TTS,25-Jul-18,1156,29,6.01,35.38,4868,38,2707.327,1,2707.327,120,0.044324162,95,set
S281-026-TTS-T178,281-G42,,Thunnus,4.57,3.945945946,T178,Thunnus,albacares,No,-3.627,-171.805,,,S281,S281-026-TTS,25-Jul-18,1156,29,6.01,35.38,4868,38,2707.327,1,2707.327,120,0.044324162,95,set
S281-026-TTS-T179,281-G165,,K. pelamis,4.6,2.711111111,T179,Katsuwonus,pelamis,No,-3.627,-171.805,,,S281,S281-026-TTS,25-Jul-18,1156,29,6.01,35.38,4868,38,2707.327,1,2707.327,120,0.044324162,95,set
S281-026-TTS-T180,281-G166,,Thunnus,4,2.405405405,T180,Thunnus,,No,-3.627,-171.805,,,S281,S281-026-TTS,25-Jul-18,1156,29,6.01,35.38,4868,38,2707.327,1,2707.327,120,0.044324162,95,set
S281-026-TTS-T181,281-G167,,Thunnus,4.6,4.027027027,T181,Thunnus,,No,-3.627,-171.805,,,S281,S281-026-TTS,25-Jul-18,1156,29,6.01,35.38,4868,38,2707.327,1,2707.327,120,0.044324162,95,set
S281-026-TTS-T182,281-G168,,Thunnus,4.5,3.756756757,T182,Thunnus,,No,-3.627,-171.805,,,S281,S281-026-TTS,25-Jul-18,1156,29,6.01,35.38,4868,38,2707.327,1,2707.327,120,0.044324162,95,set
S281-026-TTS-T292,281-G242,GC_141,K. pelamis,5.3,4.266666667,T292,Katsuwonus,pelamis,Yes,-3.627,-171.805,,,S281,S281-026-TTS,25-Jul-18,1156,29,6.01,35.38,4868,38,2707.327,1,2707.327,120,0.044324162,95,set
S281-026-TTS-T293,281-G10,GC_142,K. pelamis,5.7,5.155555556,T293,Katsuwonus,pelamis,Yes,-3.627,-171.805,,,S281,S281-026-TTS,25-Jul-18,1156,29,6.01,35.38,4868,38,2707.327,1,2707.327,120,0.044324162,95,set
S281-026-TTS-T294,281-G243,,Thunnus,3.7,1.594594595,T294,Thunnus,,No,-3.627,-171.805,,,S281,S281-026-TTS,25-Jul-18,1156,29,6.01,35.38,4868,38,2707.327,1,2707.327,120,0.044324162,95,set
S281-026-TTS-T295,281-G244,GC_143,K. pelamis,5.7,5.155555556,T295,Katsuwonus,pelamis,Yes,-3.627,-171.805,,,S281,S281-026-TTS,25-Jul-18,1156,29,6.01,35.38,4868,38,2707.327,1,2707.327,120,0.044324162,95,set
S281-026-TTS-T296,281-G245,GC_144,Thunnus,5.1,5.378378378,T296,Thunnus,albacares,Yes,-3.627,-171.805,,,S281,S281-026-TTS,25-Jul-18,1156,29,6.01,35.38,4868,38,2707.327,1,2707.327,120,0.044324162,95,set
S281-026-TTS-T297,281-G246,GC_145,K. pelamis,5.6,4.933333333,T297,Katsuwonus,pelamis,Yes,-3.627,-171.805,,,S281,S281-026-TTS,25-Jul-18,1156,29,6.01,35.38,4868,38,2707.327,1,2707.327,120,0.044324162,95,set
S281-026-TTS-T298,281-G1,GC_146,K. pelamis,6.5,6.933333333,T298,Katsuwonus,pelamis,Yes,-3.627,-171.805,,,S281,S281-026-TTS,25-Jul-18,1156,29,6.01,35.38,4868,38,2707.327,1,2707.327,120,0.044324162,95,set
S281-026-TTS-T299,281-G16,GC_147,Thunnus,5.2,5.648648649,T299,Thunnus,,Yes,-3.627,-171.805,,,S281,S281-026-TTS,25-Jul-18,1156,29,6.01,35.38,4868,38,2707.327,1,2707.327,120,0.044324162,95,set
S281-026-TTS-T300,P4,GC_148,K. pelamis,7.3,8.711111111,T300,Katsuwonus,pelamis,Yes,-3.627,-171.805,,,S281,S281-026-TTS,25-Jul-18,1156,29,6.01,35.38,4868,38,2707.327,1,2707.327,120,0.044324162,95,set
S281-026-TTS-T301,281-G55,,Thunnus,5.52,6.513513514,T301,Thunnus,albacares,No,-3.627,-171.805,,,S281,S281-026-TTS,25-Jul-18,1156,29,6.01,35.38,4868,38,2707.327,1,2707.327,120,0.044324162,95,set
S281-026-TTS-T302,281-G247,GC_149,K. pelamis,5.6,4.933333333,T302,Katsuwonus,pelamis,Yes,-3.627,-171.805,,,S281,S281-026-TTS,25-Jul-18,1156,29,6.01,35.38,4868,38,2707.327,1,2707.327,120,0.044324162,95,set
S281-026-TTS-T303,281-G56,,Thunnus,4.74,4.405405405,T303,Thunnus,albacares,No,-3.627,-171.805,,,S281,S281-026-TTS,25-Jul-18,1156,29,6.01,35.38,4868,38,2707.327,1,2707.327,120,0.044324162,95,set
S281-026-TTS-T304,281-G248,GC_150,Thunnus,5.4,6.189189189,T304,Thunnus,albacares,Yes,-3.627,-171.805,,,S281,S281-026-TTS,25-Jul-18,1156,29,6.01,35.38,4868,38,2707.327,1,2707.327,120,0.044324162,95,set
S281-026-TTS-T305,281-G26,,Thunnus,4.6,4.027027027,T305,Thunnus,albacares,No,-3.627,-171.805,,,S281,S281-026-TTS,25-Jul-18,1156,29,6.01,35.38,4868,38,2707.327,1,2707.327,120,0.044324162,95,set
S281-026-TTS-T306,,,Thunnus,3.7,1.594594595,T306,Thunnus,,No,-3.627,-171.805,,,S281,S281-026-TTS,25-Jul-18,1156,29,6.01,35.38,4868,38,2707.327,1,2707.327,120,0.044324162,95,set
S281-026-TTS-T307,281-G25,,Thunnus,4.47,3.675675676,T307,Thunnus,albacares,No,-3.627,-171.805,,,S281,S281-026-TTS,25-Jul-18,1156,29,6.01,35.38,4868,38,2707.327,1,2707.327,120,0.044324162,95,set
S281-026-TTS-T308,281-G2,GC_151,K. pelamis,6.2,6.266666667,T308,Katsuwonus,pelamis,Yes,-3.627,-171.805,,,S281,S281-026-TTS,25-Jul-18,1156,29,6.01,35.38,4868,38,2707.327,1,2707.327,120,0.044324162,95,set
S281-026-TTS-T309,281-G249,GC_152,Thunnus,5,5.108108108,T309,Thunnus,albacares,Yes,-3.627,-171.805,,,S281,S281-026-TTS,25-Jul-18,1156,29,6.01,35.38,4868,38,2707.327,1,2707.327,120,0.044324162,95,set
S281-026-TTS-T310,281-G3,GC_153,K. pelamis,7.1,8.266666667,T310,Katsuwonus,pelamis,Yes,-3.627,-171.805,,,S281,S281-026-TTS,25-Jul-18,1156,29,6.01,35.38,4868,38,2707.327,1,2707.327,120,0.044324162,95,set
S281-026-TTS-T311,281-G4,GC_154,K. pelamis,7,8.044444444,T311,Katsuwonus,pelamis,Yes,-3.627,-171.805,,,S281,S281-026-TTS,25-Jul-18,1156,29,6.01,35.38,4868,38,2707.327,1,2707.327,120,0.044324162,95,set
S281-026-TTS-T312,281-G24,,Thunnus,4.61,4.054054054,T312,Thunnus,albacares,No,-3.627,-171.805,,,S281,S281-026-TTS,25-Jul-18,1156,29,6.01,35.38,4868,38,2707.327,1,2707.327,120,0.044324162,95,set
S281-026-TTS-T313,281-G250,GC_155,K. pelamis,5.4,4.488888889,T313,Katsuwonus,pelamis,Yes,-3.627,-171.805,,,S281,S281-026-TTS,25-Jul-18,1156,29,6.01,35.38,4868,38,2707.327,1,2707.327,120,0.044324162,95,set
S281-026-TTS-T314,281-G5,GC_156,K. pelamis,6.3,6.488888889,T314,Katsuwonus,pelamis,Yes,-3.627,-171.805,,,S281,S281-026-TTS,25-Jul-18,1156,29,6.01,35.38,4868,38,2707.327,1,2707.327,120,0.044324162,95,set
S281-026-TTS-T315,281-G251,GC_157,K. pelamis,5.6,4.933333333,T315,Katsuwonus,pelamis,Yes,-3.627,-171.805,,,S281,S281-026-TTS,25-Jul-18,1156,29,6.01,35.38,4868,38,2707.327,1,2707.327,120,0.044324162,95,set
S281-026-TTS-T316,281-G252,GC_158,K. pelamis,5.6,4.933333333,T316,Katsuwonus,pelamis,Yes,-3.627,-171.805,,,S281,S281-026-TTS,25-Jul-18,1156,29,6.01,35.38,4868,38,2707.327,1,2707.327,120,0.044324162,95,set
S281-026-TTS-T317,281-G253,GC_159,K. pelamis,5.5,4.711111111,T317,Katsuwonus,pelamis,Yes,-3.627,-171.805,,,S281,S281-026-TTS,25-Jul-18,1156,29,6.01,35.38,4868,38,2707.327,1,2707.327,120,0.044324162,95,set
S281-026-TTS-T318,281-G254,GC_160,K. pelamis,5.5,4.711111111,T318,Katsuwonus,pelamis,Yes,-3.627,-171.805,,,S281,S281-026-TTS,25-Jul-18,1156,29,6.01,35.38,4868,38,2707.327,1,2707.327,120,0.044324162,95,set
S281-026-TTS-T319,281-G6,GC_161,K. pelamis,6.7,7.377777778,T319,Katsuwonus,pelamis,Yes,-3.627,-171.805,,,S281,S281-026-TTS,25-Jul-18,1156,29,6.01,35.38,4868,38,2707.327,1,2707.327,120,0.044324162,95,set
S281-026-TTS-T320,281-G255,,K. pelamis,5.5,4.711111111,T320,Katsuwonus,pelamis,No,-3.627,-171.805,,,S281,S281-026-TTS,25-Jul-18,1156,29,6.01,35.38,4868,38,2707.327,1,2707.327,120,0.044324162,95,set
S281-026-TTS-T321,281-G256,,K. pelamis,5.5,4.711111111,T321,Katsuwonus,pelamis,No,-3.627,-171.805,,,S281,S281-026-TTS,25-Jul-18,1156,29,6.01,35.38,4868,38,2707.327,1,2707.327,120,0.044324162,95,set
S281-026-TTS-T322,281-G257,GC_162,K. pelamis,5.4,4.488888889,T322,Katsuwonus,pelamis,Yes,-3.627,-171.805,,,S281,S281-026-TTS,25-Jul-18,1156,29,6.01,35.38,4868,38,2707.327,1,2707.327,120,0.044324162,95,set
S281-026-TTS-T323,281-G258,GC_163,K. pelamis,4.8,3.155555556,T323,Katsuwonus,pelamis,Yes,-3.627,-171.805,,,S281,S281-026-TTS,25-Jul-18,1156,29,6.01,35.38,4868,38,2707.327,1,2707.327,120,0.044324162,95,set
S281-026-TTS-T324,281-G18,GC_164,Thunnus,5.2,5.648648649,T324,Thunnus,,,-3.627,-171.805,,,S281,S281-026-TTS,25-Jul-18,1156,29,6.01,35.38,4868,38,2707.327,1,2707.327,120,0.044324162,95,set
S281-026-TTS-T325,281-G260,GC_165,Thunnus,5.1,5.378378378,T325,Thunnus,albacares,Yes,-3.627,-171.805,,,S281,S281-026-TTS,25-Jul-18,1156,29,6.01,35.38,4868,38,2707.327,1,2707.327,120,0.044324162,95,set
S281-026-TTS-T326,281-G261,,K. pelamis,5.5,4.711111111,T326,Katsuwonus,pelamis,No,-3.627,-171.805,,,S281,S281-026-TTS,25-Jul-18,1156,29,6.01,35.38,4868,38,2707.327,1,2707.327,120,0.044324162,95,set
S281-026-TTS-T327,281-G23,,Thunnus,4.94,4.945945946,T327,Thunnus,albacares,No,-3.627,-171.805,,,S281,S281-026-TTS,25-Jul-18,1156,29,6.01,35.38,4868,38,2707.327,1,2707.327,120,0.044324162,95,set
S281-026-TTS-T328,281-G262,GC_166,Thunnus,5.7,7,T328,Thunnus,albacares,Yes,-3.627,-171.805,,,S281,S281-026-TTS,25-Jul-18,1156,29,6.01,35.38,4868,38,2707.327,1,2707.327,120,0.044324162,95,set
S281-026-TTS-T329,,,K. pelamis,3,0,T329,Katsuwonus,pelamis,No,-3.627,-171.805,,,S281,S281-026-TTS,25-Jul-18,1156,29,6.01,35.38,4868,38,2707.327,1,2707.327,120,0.044324162,95,set
S281-026-TTS-T330,281-G263,GC_167,K. pelamis,5,3.6,T330,Katsuwonus,pelamis,Yes,-3.627,-171.805,,,S281,S281-026-TTS,25-Jul-18,1156,29,6.01,35.38,4868,38,2707.327,1,2707.327,120,0.044324162,95,set
S281-026-TTS-T331,,,Thunnus,3.7,1.594594595,T331,Thunnus,,No,-3.627,-171.805,,,S281,S281-026-TTS,25-Jul-18,1156,29,6.01,35.38,4868,38,2707.327,1,2707.327,120,0.044324162,95,set
S281-026-TTS-T332,281-G264,,Thunnus,4.3,3.216216216,T332,Thunnus,albacares,No,-3.627,-171.805,,,S281,S281-026-TTS,25-Jul-18,1156,29,6.01,35.38,4868,38,2707.327,1,2707.327,120,0.044324162,95,set
S281-026-TTS-T333,281-G265,GC_168,Thunnus,5,5.108108108,T333,Thunnus,albacares,Yes,-3.627,-171.805,,,S281,S281-026-TTS,25-Jul-18,1156,29,6.01,35.38,4868,38,2707.327,1,2707.327,120,0.044324162,95,set
S281-026-TTS-T334,281-G22,,Thunnus,N/A,N/A,T334,Thunnus,albacares,No,-3.627,-171.805,,,S281,S281-026-TTS,25-Jul-18,1156,29,6.01,35.38,4868,38,2707.327,1,2707.327,120,0.044324162,95,set
S281-026-TTS-T335,281-G266,GC_169,K. pelamis,5.2,4.044444444,T335,Katsuwonus,pelamis,Yes,-3.627,-171.805,,,S281,S281-026-TTS,25-Jul-18,1156,29,6.01,35.38,4868,38,2707.327,1,2707.327,120,0.044324162,95,set
S281-026-TTS-T336,281-G7,GC_170,K. pelamis,7,8.044444444,T336,Katsuwonus,pelamis,Yes,-3.627,-171.805,,,S281,S281-026-TTS,25-Jul-18,1156,29,6.01,35.38,4868,38,2707.327,1,2707.327,120,0.044324162,95,set
S281-026-TTS-T337,281-G8,GC_171,K. pelamis,7.1,8.266666667,T337,Katsuwonus,pelamis,Yes,-3.627,-171.805,,,S281,S281-026-TTS,25-Jul-18,1156,29,6.01,35.38,4868,38,2707.327,1,2707.327,120,0.044324162,95,set
S281-026-TTS-T338,281-G9,GC_172,K. pelamis,7.1,8.266666667,T338,Katsuwonus,pelamis,Yes,-3.627,-171.805,,,S281,S281-026-TTS,25-Jul-18,1156,29,6.01,35.38,4868,38,2707.327,1,2707.327,120,0.044324162,95,set
S281-027-TTD-T102,281-G33,,Thunnus,4.78,4.513513514,T102,Thunnus,albacares,No,-4.047,-172.078,,,S281,S281-027-TTD,26-Jul-18,13,29.1,18.23,35.51,5603,111.2,2649.174,1,2649.174,180,0.067945707,98,risen
S281-027-TTS-T023,281-G29,,Thunnus,4.78,4.513513514,T023,Thunnus,albacares,,-4.018,-172.082,,,S281,S281-027-TTS,25-Jul-18,2334,29.1,18.68,35.51,5555,36.6,2069.464,1,2069.464,155,0.074898621,98,risen
S281-028-TTS-T150,281-G145,,Thunnus,3.8,1.864864865,T150,Thunnus,,No,-4.54,-172.107,Orona Atoll,,S281,S281-028-TTS,26-Jul-18,800,29.2,7.79,35.57,1714,37,2271.689,1,2271.689,90,0.039618099,98,set
S281-028-TTS-T151,281-G146,,Thunnus,3.3,0.513513514,T151,Thunnus,,No,-4.54,-172.107,Orona Atoll,,S281,S281-028-TTS,26-Jul-18,800,29.2,7.79,35.57,1714,37,2271.689,1,2271.689,90,0.039618099,98,set
S281-028-TTS-T152,281-G147,,K. pelamis,3.8,0.933333333,T152,Katsuwonus,pelamis,No,-4.54,-172.107,Orona Atoll,,S281,S281-028-TTS,26-Jul-18,800,29.2,7.79,35.57,1714,37,2271.689,1,2271.689,90,0.039618099,98,set
S281-028-TTS-T153,281-G148,,Thunnus,3.5,1.054054054,T153,Thunnus,,No,-4.54,-172.107,Orona Atoll,,S281,S281-028-TTS,26-Jul-18,800,29.2,7.79,35.57,1714,37,2271.689,1,2271.689,90,0.039618099,98,set
S281-028-TTS-T154,281-G149,,Thunnus,3.5,1.054054054,T154,Thunnus,,No,-4.54,-172.107,Orona Atoll,,S281,S281-028-TTS,26-Jul-18,800,29.2,7.79,35.57,1714,37,2271.689,1,2271.689,90,0.039618099,98,set
S281-028-TTS-T155,,,Thunnus,2.9,0,T155,Thunnus,,No,-4.54,-172.107,Orona Atoll,,S281,S281-028-TTS,26-Jul-18,800,29.2,7.79,35.57,1714,37,2271.689,1,2271.689,90,0.039618099,98,set
S281-028-TTS-T156,281-G150,,K. pelamis,4.1,1.6,T156,Katsuwonus,pelamis,No,-4.54,-172.107,Orona Atoll,,S281,S281-028-TTS,26-Jul-18,800,29.2,7.79,35.57,1714,37,2271.689,1,2271.689,90,0.039618099,98,set
S281-028-TTS-T157,281-G151,,Thunnus,4.7,4.297297297,T157,Thunnus,,No,-4.54,-172.107,Orona Atoll,,S281,S281-028-TTS,26-Jul-18,800,29.2,7.79,35.57,1714,37,2271.689,1,2271.689,90,0.039618099,98,set
S281-028-TTS-T158,,,K. pelamis,3.7,0.711111111,T158,Katsuwonus,pelamis,No,-4.54,-172.107,Orona Atoll,,S281,S281-028-TTS,26-Jul-18,800,29.2,7.79,35.57,1714,37,2271.689,1,2271.689,90,0.039618099,98,set
S281-028-TTS-T159,281-G152,,K. pelamis,4.5,2.488888889,T159,Katsuwonus,pelamis,No,-4.54,-172.107,Orona Atoll,,S281,S281-028-TTS,26-Jul-18,800,29.2,7.79,35.57,1714,37,2271.689,1,2271.689,90,0.039618099,98,set
S281-028-TTS-T160,281-G153,,Thunnus,3.7,1.594594595,T160,Thunnus,,No,-4.54,-172.107,Orona Atoll,,S281,S281-028-TTS,26-Jul-18,800,29.2,7.79,35.57,1714,37,2271.689,1,2271.689,90,0.039618099,98,set
S281-028-TTS-T161,,,K. pelamis,3,0,T161,Katsuwonus,pelamis,No,-4.54,-172.107,Orona Atoll,,S281,S281-028-TTS,26-Jul-18,800,29.2,7.79,35.57,1714,37,2271.689,1,2271.689,90,0.039618099,98,set
S281-028-TTS-T253,281-G224,,K. pelamis,4.2,1.822222222,T253,Katsuwonus,pelamis,No,-4.54,-172.107,Orona Atoll,,S281,S281-028-TTS,26-Jul-18,800,29.2,7.79,35.57,1714,37,2271.689,1,2271.689,90,0.039618099,98,set
S281-029-NT-T115,281-G122,,K. pelamis,4.3,2.044444444,T115,Katsuwonus,pelamis,No,-4.588,-172.318,,,S281,S281-029-NT,28-Jul-18,2025,29.3,12.2,35.59,2750,0,1980,0.5,990,46,0.046464646,100,risen
S281-029-TTD-T170,281-G39,,Thunnus,4.5,3.756756757,T170,Thunnus,obesus,No,-4.567,-172.293,Orona Atoll,,S281,S281-029-TTD,28-Jul-18,2134,29.3,11.9,35.59,2750,125,2103.479,1,2103.479,160,0.076064463,100,risen
S281-029-TTD-T171,281-G160,GC_114,Thunnus,3.9,2.135135135,T171,Thunnus,,Yes,-4.567,-172.293,Orona Atoll,,S281,S281-029-TTD,28-Jul-18,2134,29.3,11.9,35.59,2750,125,2103.479,1,2103.479,160,0.076064463,100,risen
S281-029-TTS-T024,281-G77,,Thunnus,3.8,1.864864865,T024,Thunnus,obesus,No,-4.547,-172.272,Orona Atoll,,S281,S281-029-TTS,28-Jul-18,2054,29.3,14.22,35.59,2150,40,2262.077,1,2262.077,170,0.075152172,100,risen
S281-029-TTS-T025,281-G78,,K.pelamis,4.7,2.933333333,T025,Katsuwonus,pelamis,No,-4.547,-172.272,Orona Atoll,,S281,S281-029-TTS,28-Jul-18,2054,29.3,14.22,35.59,2150,40,2262.077,1,2262.077,170,0.075152172,100,risen
S281-029-TTS-T026,281-G79,,K.pelamis,4,1.377777778,T026,Katsuwonus,pelamis,No,-4.547,-172.272,Orona Atoll,,S281,S281-029-TTS,28-Jul-18,2054,29.3,14.22,35.59,2150,40,2262.077,1,2262.077,170,0.075152172,100,risen
S281-029-TTS-T027,281-G80,,K.pelamis,3.3,0,T027,Katsuwonus,pelamis,No,-4.547,-172.272,Orona Atoll,,S281,S281-029-TTS,28-Jul-18,2054,29.3,14.22,35.59,2150,40,2262.077,1,2262.077,170,0.075152172,100,risen
S281-029-TTS-T290,281-G240,GC_139,K. pelamis,6.5,6.933333333,T290,Katsuwonus,pelamis,Yes,-4.547,-172.272,Orona Atoll,,S281,S281-029-TTS,28-Jul-18,2054,29.3,14.22,35.59,2150,40,2262.077,1,2262.077,170,0.075152172,100,risen
S281-030-TTS-T028,281-G81,,Thunnus,6.1,8.081081081,T028,Thunnus,,No,-4.03,-172.758,,,S281,S281-030-TTS,29-Jul-18,1124,29.4,4.31,35.46,5330,33,2140.592,1,2140.592,110,0.051387654,98,set
S281-030-TTS-T291,281-G241,GC_140,Thunnus,4.3,3.216216216,T291,Thunnus,obesus,Yes,-4.03,-172.758,,,S281,S281-030-TTS,29-Jul-18,1124,29.4,4.31,35.46,5330,33,2140.592,1,2140.592,110,0.051387654,98,set
S281-031-TTS-T029,281-G30,,Thunnus,5.44,6.297297297,T029,Thunnus,,,-3.393,-173.212,,,S281,S281-031-TTS,29-Jul-18,2232,29.3,12.53,35.49,5133,44.1,2112.023,1,2112.023,215,0.101798134,98,risen
S281-032-TTS-T030,281-G82,,Thunnus,4.6,4.027027027,T030,Thunnus,,No,-2.86,-173.693,,,S281,S281-032-TTS,30-Jul-18,1136,29.3,4.55,35.47,5353,36.7,2389.49,1,2389.49,130,0.054404915,94,set
S281-032-TTS-T107,,,K. pelamis,4.5,2.488888889,T107,Katsuwonus,pelamis,No,-2.86,-173.693,,,S281,S281-032-TTS,30-Jul-18,1136,29.3,4.55,35.47,5353,36.7,2389.49,1,2389.49,130,0.054404915,94,set
S281-032-TTS-T285,281-G236,,Thunnus,4.9,4.837837838,T285,Thunnus,obesus,No,-2.86,-173.693,,,S281,S281-032-TTS,30-Jul-18,1136,29.3,4.55,35.47,5353,36.7,2389.49,1,2389.49,130,0.054404915,94,set
S281-034-TTS-T031,281-G83,,Thunnus,5.3,5.918918919,T031,Thunnus,obesus,No,-1.583,-174.787,,,S281,S281-034-TTS,31-Jul-18,1104,29.1,5.47,35.28,4263,38,1708.747,1,1708.747,155,0.090709742,88,set
S281-035-TTS-T032,281-G31,,Thunnus,N/A,N/A,T032,Thunnus,obesus,,-2.025,-174.91,,,S281,S281-035-TTS,31-Jul-18,2228,29.2,12.3,35.45,4932,44,1975.88,1,1975.88,550,0.278356985,88,risen
S281-035-TTS-T287,281-G237,GC_137,K. pelamis,4.5,2.488888889,T287,Katsuwonus,pelamis,Yes,-2.025,-174.91,,,S281,S281-035-TTS,31-Jul-18,2228,29.2,12.3,35.45,4932,44,1975.88,1,1975.88,550,0.278356985,88,risen
S281-038-TTS-T033,281-G32,,Thunnus,5.54,6.567567568,T033,Thunnus,obesus,,-3.418,-174.837,,,S281,S281-038-TTS,1-Aug-18,2227,29.5,14.39,35.54,4297,43,1750.425,1,1750.425,220,0.125683763,81,risen
S281-038-TTS-T133,281-G132,GC_110,Thunnus,7,10.51351351,T133,Thunnus,,Yes,-3.418,-174.837,,,S281,S281-038-TTS,1-Aug-18,2227,29.5,14.39,35.54,4297,43,1750.425,1,1750.425,220,0.125683763,81,risen
S281-039-TTS-T095,,,K. pelamis,4.9,3.377777778,T095,Katsuwonus,pelamis,No,-4.042,-174.67,,,S281,S281-039-TTS,2-Aug-18,1123,29.5,4.24,35.66,5004,44.1,1830.792,1,1830.792,44,0.024033315,81,set
S281-039-TTS-T096,,,K. pelamis,4.6,2.711111111,T096,Katsuwonus,pelamis,No,-4.042,-174.67,,,S281,S281-039-TTS,2-Aug-18,1123,29.5,4.24,35.66,5004,44.1,1830.792,1,1830.792,44,0.024033315,81,set
S281-039-TTS-T097,,,K. pelamis,4.4,2.266666667,T097,Katsuwonus,pelamis,No,-4.042,-174.67,,,S281,S281-039-TTS,2-Aug-18,1123,29.5,4.24,35.66,5004,44.1,1830.792,1,1830.792,44,0.024033315,81,set
S281-039-TTS-T254,,,Thunnus,N/A,N/A,T254,Thunnus,,No,-4.042,-174.67,,,S281,S281-039-TTS,2-Aug-18,1123,29.5,4.24,35.66,5004,44.1,1830.792,1,1830.792,44,0.024033315,81,set
S281-039-TTS-T255,,,K. pelamis,N/A,N/A,T255,Katsuwonus,pelamis,No,-4.042,-174.67,,,S281,S281-039-TTS,2-Aug-18,1123,29.5,4.24,35.66,5004,44.1,1830.792,1,1830.792,44,0.024033315,81,set
S281-039-TTS-T256,281-G225,,Thunnus,5.4,6.189189189,T256,Thunnus,obesus,No,-4.042,-174.67,,,S281,S281-039-TTS,2-Aug-18,1123,29.5,4.24,35.66,5004,44.1,1830.792,1,1830.792,44,0.024033315,81,set
S281-039-TTS-T257,,,K. pelamis,3.4,0.044444444,T257,Katsuwonus,pelamis,No,-4.042,-174.67,,,S281,S281-039-TTS,2-Aug-18,1123,29.5,4.24,35.66,5004,44.1,1830.792,1,1830.792,44,0.024033315,81,set
S281-039-TTS-T258,281-G226,,Thunnus,3.9,2.135135135,T258,Thunnus,obesus,No,-4.042,-174.67,,,S281,S281-039-TTS,2-Aug-18,1123,29.5,4.24,35.66,5004,44.1,1830.792,1,1830.792,44,0.024033315,81,set
S281-039-TTS-T259,,,K. pelamis,3.3,0,T259,Katsuwonus,pelamis,No,-4.042,-174.67,,,S281,S281-039-TTS,2-Aug-18,1123,29.5,4.24,35.66,5004,44.1,1830.792,1,1830.792,44,0.024033315,81,set
S281-039-TTS-T260,,,Thunnus,3.6,1.324324324,T260,Thunnus,,No,-4.042,-174.67,,,S281,S281-039-TTS,2-Aug-18,1123,29.5,4.24,35.66,5004,44.1,1830.792,1,1830.792,44,0.024033315,81,set
S281-039-TTS-T261,,,K. pelamis,3.1,0,T261,Katsuwonus,pelamis,No,-4.042,-174.67,,,S281,S281-039-TTS,2-Aug-18,1123,29.5,4.24,35.66,5004,44.1,1830.792,1,1830.792,44,0.024033315,81,set
S281-039-TTS-T262,,,K. pelamis,3.3,0,T262,Katsuwonus,pelamis,No,-4.042,-174.67,,,S281,S281-039-TTS,2-Aug-18,1123,29.5,4.24,35.66,5004,44.1,1830.792,1,1830.792,44,0.024033315,81,set
S281-039-TTS-T263,281-G227,,K. pelamis,4.8,3.155555556,T263,Katsuwonus,pelamis,No,-4.042,-174.67,,,S281,S281-039-TTS,2-Aug-18,1123,29.5,4.24,35.66,5004,44.1,1830.792,1,1830.792,44,0.024033315,81,set
S281-039-TTS-T264,,,K. pelamis,3.4,0.044444444,T264,Katsuwonus,pelamis,No,-4.042,-174.67,,,S281,S281-039-TTS,2-Aug-18,1123,29.5,4.24,35.66,5004,44.1,1830.792,1,1830.792,44,0.024033315,81,set
S281-039-TTS-T265,,,K. pelamis,2.8,0,T265,Katsuwonus,pelamis,No,-4.042,-174.67,,,S281,S281-039-TTS,2-Aug-18,1123,29.5,4.24,35.66,5004,44.1,1830.792,1,1830.792,44,0.024033315,81,set
S281-041-NT-T034,281-G84,,K. pelamis,N/A,N/A,T034,Katsuwonus,pelamis,No,-4.783,-174.435,,,S281,S281-041-NT,5-Aug-18,2352,29.5,11.07,35.66,2294,0,2366,0.5,1183,20,0.016906171,42,set
S281-041-NT-T035,,,K. pelamis,3.9,1.155555556,T035,Katsuwonus,pelamis,No,-4.783,-174.435,,,S281,S281-041-NT,5-Aug-18,2352,29.5,11.07,35.66,2294,0,2366,0.5,1183,20,0.016906171,42,set
S281-041-TTD-T130,,,K. pelamis,3.2,0,T130,Katsuwonus,pelamis,Yes,-4.748,-174.442,,,S281,S281-041-TTD,5-Aug-18,2256,29.5,11.35,35.66,2294,130,2036.462,1,2036.462,90,0.044194294,42,set
S281-041-TTD-T131,281-G130,,K. pelamis,3.6,0.488888889,T131,Katsuwonus,pelamis,No,-4.748,-174.442,,,S281,S281-041-TTD,5-Aug-18,2256,29.5,11.35,35.66,2294,130,2036.462,1,2036.462,90,0.044194294,42,set
S281-041-TTD-T132,281-G131,GC_109,K. pelamis,4.6,2.711111111,T132,Katsuwonus,pelamis,Yes,-4.748,-174.442,,,S281,S281-041-TTD,5-Aug-18,2256,29.5,11.35,35.66,2294,130,2036.462,1,2036.462,90,0.044194294,42,set
S281-041-TTS-T109,281-G118,,Thunnus,5,5.108108108,T109,Thunnus,obesus,No,-4.72,-174.445,,,S281,S281-041-TTS,5-Aug-18,2215,29.5,11.44,35.66,2083,42.6,1958.312,1,1958.312,100,0.051064386,42,set
S281-041-TTS-T110,,,K. pelamis,3,0,T110,Katsuwonus,pelamis,No,-4.72,-174.445,,,S281,S281-041-TTS,5-Aug-18,2215,29.5,11.44,35.66,2083,42.6,1958.312,1,1958.312,100,0.051064386,42,set
S281-041-TTS-T111,281-G119,,K. pelamis,3.2,0,T111,Katsuwonus,pelamis,No,-4.72,-174.445,,,S281,S281-041-TTS,5-Aug-18,2215,29.5,11.44,35.66,2083,42.6,1958.312,1,1958.312,100,0.051064386,42,set
S281-041-TTS-T288,281-G238,,K. pelamis,3.9,1.155555556,T288,Katsuwonus,pelamis,No,-4.72,-174.445,,,S281,S281-041-TTS,5-Aug-18,2215,29.5,11.44,35.66,2083,42.6,1958.312,1,1958.312,100,0.051064386,42,set
S281-041-TTS-T289,281-G239,GC_138,Thunnus,5.1,5.378378378,T289,Thunnus,obesus,Yes,-4.72,-174.445,,,S281,S281-041-TTS,5-Aug-18,2215,29.5,11.44,35.66,2083,42.6,1958.312,1,1958.312,100,0.051064386,42,set
S281-042-NT-T080,,,K. pelamis,3.2,0,T080,Katsuwonus,pelamis,No,-5.198,-174.183,,,S281,S281-042-NT,6-Aug-18,1042,29.4,5.3,35.61,5266,0,2148,0.5,1074,6,0.005586592,31,risen
S281-042-TTS-T036,281-G85,,K. pelamis,4.6,2.711111111,T036,Katsuwonus,pelamis,No,-5.225,-174.172,,,S281,S281-042-TTS,6-Aug-18,1126,29.5,4.35,35.61,5266,36,1805.748,1,1805.748,65,0.035996163,31,risen
S281-042-TTS-T037,,,K. pelamis,5.1,3.822222222,T037,Katsuwonus,pelamis,No,-5.225,-174.172,,,S281,S281-042-TTS,6-Aug-18,1126,29.5,4.35,35.61,5266,36,1805.748,1,1805.748,65,0.035996163,31,risen
S281-042-TTS-T038,,,K. pelamis,3.9,1.155555556,T038,Katsuwonus,pelamis,No,-5.225,-174.172,,,S281,S281-042-TTS,6-Aug-18,1126,29.5,4.35,35.61,5266,36,1805.748,1,1805.748,65,0.035996163,31,risen
S281-042-TTS-T039,,,K. pelamis,4.3,2.044444444,T039,Katsuwonus,pelamis,No,-5.225,-174.172,,,S281,S281-042-TTS,6-Aug-18,1126,29.5,4.35,35.61,5266,36,1805.748,1,1805.748,65,0.035996163,31,risen
S281-042-TTS-T040,,,K. pelamis,4.2,1.822222222,T040,Katsuwonus,pelamis,No,-5.225,-174.172,,,S281,S281-042-TTS,6-Aug-18,1126,29.5,4.35,35.61,5266,36,1805.748,1,1805.748,65,0.035996163,31,risen
S281-042-TTS-T041,281-G86,,K. pelamis,4.6,2.711111111,T041,Katsuwonus,pelamis,No,-5.225,-174.172,,,S281,S281-042-TTS,6-Aug-18,1126,29.5,4.35,35.61,5266,36,1805.748,1,1805.748,65,0.035996163,31,risen
S281-042-TTS-T042,,,K. pelamis,4,1.377777778,T042,Katsuwonus,pelamis,No,-5.225,-174.172,,,S281,S281-042-TTS,6-Aug-18,1126,29.5,4.35,35.61,5266,36,1805.748,1,1805.748,65,0.035996163,31,risen
S281-042-TTS-T043,,,K. pelamis,4.3,2.044444444,T043,Katsuwonus,pelamis,No,-5.225,-174.172,,,S281,S281-042-TTS,6-Aug-18,1126,29.5,4.35,35.61,5266,36,1805.748,1,1805.748,65,0.035996163,31,risen
S281-042-TTS-T044,,,K. pelamis,4,1.377777778,T044,Katsuwonus,pelamis,No,-5.225,-174.172,,,S281,S281-042-TTS,6-Aug-18,1126,29.5,4.35,35.61,5266,36,1805.748,1,1805.748,65,0.035996163,31,risen
S281-042-TTS-T045,,,K. pelamis,4.3,2.044444444,T045,Katsuwonus,pelamis,No,-5.225,-174.172,,,S281,S281-042-TTS,6-Aug-18,1126,29.5,4.35,35.61,5266,36,1805.748,1,1805.748,65,0.035996163,31,risen
S281-042-TTS-T046,,,K. pelamis,3.9,1.155555556,T046,Katsuwonus,pelamis,No,-5.225,-174.172,,,S281,S281-042-TTS,6-Aug-18,1126,29.5,4.35,35.61,5266,36,1805.748,1,1805.748,65,0.035996163,31,risen
S281-042-TTS-T047,281-G87,,K. pelamis,4.9,3.377777778,T047,Katsuwonus,pelamis,No,-5.225,-174.172,,,S281,S281-042-TTS,6-Aug-18,1126,29.5,4.35,35.61,5266,36,1805.748,1,1805.748,65,0.035996163,31,risen
S281-042-TTS-T048,281-G88,,K. pelamis,4,1.377777778,T048,Katsuwonus,pelamis,No,-5.225,-174.172,,,S281,S281-042-TTS,6-Aug-18,1126,29.5,4.35,35.61,5266,36,1805.748,1,1805.748,65,0.035996163,31,risen
S281-042-TTS-T049,,,K. pelamis,3.9,1.155555556,T049,Katsuwonus,pelamis,No,-5.225,-174.172,,,S281,S281-042-TTS,6-Aug-18,1126,29.5,4.35,35.61,5266,36,1805.748,1,1805.748,65,0.035996163,31,risen
S281-042-TTS-T050,,,K. pelamis,3.6,0.488888889,T050,Katsuwonus,pelamis,No,-5.225,-174.172,,,S281,S281-042-TTS,6-Aug-18,1126,29.5,4.35,35.61,5266,36,1805.748,1,1805.748,65,0.035996163,31,risen
S281-042-TTS-T051,281-G89,,K. pelamis,4.7,2.933333333,T051,Katsuwonus,pelamis,No,-5.225,-174.172,,,S281,S281-042-TTS,6-Aug-18,1126,29.5,4.35,35.61,5266,36,1805.748,1,1805.748,65,0.035996163,31,risen
S281-042-TTS-T052,281-G90,,K. pelamis,5.2,4.044444444,T052,Katsuwonus,pelamis,No,-5.225,-174.172,,,S281,S281-042-TTS,6-Aug-18,1126,29.5,4.35,35.61,5266,36,1805.748,1,1805.748,65,0.035996163,31,risen
S281-042-TTS-T053,281-G91,,K. pelamis,5.9,5.6,T053,Katsuwonus,pelamis,No,-5.225,-174.172,,,S281,S281-042-TTS,6-Aug-18,1126,29.5,4.35,35.61,5266,36,1805.748,1,1805.748,65,0.035996163,31,risen
S281-042-TTS-T054,281-G92,,K. pelamis,4.7,2.933333333,T054,Katsuwonus,pelamis,No,-5.225,-174.172,,,S281,S281-042-TTS,6-Aug-18,1126,29.5,4.35,35.61,5266,36,1805.748,1,1805.748,65,0.035996163,31,risen
S281-042-TTS-T055,281-G93,,K. pelamis,5.5,4.711111111,T055,Katsuwonus,pelamis,No,-5.225,-174.172,,,S281,S281-042-TTS,6-Aug-18,1126,29.5,4.35,35.61,5266,36,1805.748,1,1805.748,65,0.035996163,31,risen
S281-042-TTS-T056,,,K. pelamis,4.1,1.6,T056,Katsuwonus,pelamis,No,-5.225,-174.172,,,S281,S281-042-TTS,6-Aug-18,1126,29.5,4.35,35.61,5266,36,1805.748,1,1805.748,65,0.035996163,31,risen
S281-042-TTS-T057,281-G94,,K. pelamis,5.1,3.822222222,T057,Katsuwonus,pelamis,No,-5.225,-174.172,,,S281,S281-042-TTS,6-Aug-18,1126,29.5,4.35,35.61,5266,36,1805.748,1,1805.748,65,0.035996163,31,risen
S281-042-TTS-T058,,,K. pelamis,3.4,0.044444444,T058,Katsuwonus,pelamis,No,-5.225,-174.172,,,S281,S281-042-TTS,6-Aug-18,1126,29.5,4.35,35.61,5266,36,1805.748,1,1805.748,65,0.035996163,31,risen
S281-042-TTS-T059,281-G95,,K. pelamis,4.7,2.933333333,T059,Katsuwonus,pelamis,No,-5.225,-174.172,,,S281,S281-042-TTS,6-Aug-18,1126,29.5,4.35,35.61,5266,36,1805.748,1,1805.748,65,0.035996163,31,risen
S281-042-TTS-T060,,,K. pelamis,4.4,2.266666667,T060,Katsuwonus,pelamis,No,-5.225,-174.172,,,S281,S281-042-TTS,6-Aug-18,1126,29.5,4.35,35.61,5266,36,1805.748,1,1805.748,65,0.035996163,31,risen
S281-042-TTS-T061,,,K. pelamis,3.9,1.155555556,T061,Katsuwonus,pelamis,No,-5.225,-174.172,,,S281,S281-042-TTS,6-Aug-18,1126,29.5,4.35,35.61,5266,36,1805.748,1,1805.748,65,0.035996163,31,risen
S281-042-TTS-T062,,,K. pelamis,4,1.377777778,T062,Katsuwonus,pelamis,No,-5.225,-174.172,,,S281,S281-042-TTS,6-Aug-18,1126,29.5,4.35,35.61,5266,36,1805.748,1,1805.748,65,0.035996163,31,risen
S281-042-TTS-T063,,,K. pelamis,3.8,0.933333333,T063,Katsuwonus,pelamis,No,-5.225,-174.172,,,S281,S281-042-TTS,6-Aug-18,1126,29.5,4.35,35.61,5266,36,1805.748,1,1805.748,65,0.035996163,31,risen
S281-042-TTS-T064,281-G96,,Thunnus,4.5,3.756756757,T064,Thunnus,obesus,No,-5.225,-174.172,,,S281,S281-042-TTS,6-Aug-18,1126,29.5,4.35,35.61,5266,36,1805.748,1,1805.748,65,0.035996163,31,risen
S281-042-TTS-T065,,,K. pelamis,4.5,2.488888889,T065,Katsuwonus,pelamis,No,-5.225,-174.172,,,S281,S281-042-TTS,6-Aug-18,1126,29.5,4.35,35.61,5266,36,1805.748,1,1805.748,65,0.035996163,31,risen
S281-042-TTS-T066,281-G97,,K. pelamis,4.1,1.6,T066,Katsuwonus,pelamis,No,-5.225,-174.172,,,S281,S281-042-TTS,6-Aug-18,1126,29.5,4.35,35.61,5266,36,1805.748,1,1805.748,65,0.035996163,31,risen
S281-042-TTS-T067,,,K. pelamis,3.9,1.155555556,T067,Katsuwonus,pelamis,No,-5.225,-174.172,,,S281,S281-042-TTS,6-Aug-18,1126,29.5,4.35,35.61,5266,36,1805.748,1,1805.748,65,0.035996163,31,risen
S281-042-TTS-T068,,,K. pelamis,3.8,0.933333333,T068,Katsuwonus,pelamis,No,-5.225,-174.172,,,S281,S281-042-TTS,6-Aug-18,1126,29.5,4.35,35.61,5266,36,1805.748,1,1805.748,65,0.035996163,31,risen
S281-042-TTS-T069,281-G98,,K. pelamis,4.2,1.822222222,T069,Katsuwonus,pelamis,No,-5.225,-174.172,,,S281,S281-042-TTS,6-Aug-18,1126,29.5,4.35,35.61,5266,36,1805.748,1,1805.748,65,0.035996163,31,risen
S281-042-TTS-T070,,,K. pelamis,4.4,2.266666667,T070,Katsuwonus,pelamis,No,-5.225,-174.172,,,S281,S281-042-TTS,6-Aug-18,1126,29.5,4.35,35.61,5266,36,1805.748,1,1805.748,65,0.035996163,31,risen
S281-042-TTS-T071,,,K. pelamis,4.4,2.266666667,T071,Katsuwonus,pelamis,No,-5.225,-174.172,,,S281,S281-042-TTS,6-Aug-18,1126,29.5,4.35,35.61,5266,36,1805.748,1,1805.748,65,0.035996163,31,risen
S281-042-TTS-T072,,,K. pelamis,5.4,4.488888889,T072,Katsuwonus,pelamis,No,-5.225,-174.172,,,S281,S281-042-TTS,6-Aug-18,1126,29.5,4.35,35.61,5266,36,1805.748,1,1805.748,65,0.035996163,31,risen
S281-042-TTS-T073,,,K. pelamis,3.9,1.155555556,T073,Katsuwonus,pelamis,No,-5.225,-174.172,,,S281,S281-042-TTS,6-Aug-18,1126,29.5,4.35,35.61,5266,36,1805.748,1,1805.748,65,0.035996163,31,risen
S281-042-TTS-T074,,,K. pelamis,4,1.377777778,T074,Katsuwonus,pelamis,No,-5.225,-174.172,,,S281,S281-042-TTS,6-Aug-18,1126,29.5,4.35,35.61,5266,36,1805.748,1,1805.748,65,0.035996163,31,risen
S281-042-TTS-T075,,,K. pelamis,4.1,1.6,T075,Katsuwonus,pelamis,No,-5.225,-174.172,,,S281,S281-042-TTS,6-Aug-18,1126,29.5,4.35,35.61,5266,36,1805.748,1,1805.748,65,0.035996163,31,risen
S281-042-TTS-T076,,,K. pelamis,3.4,0.044444444,T076,Katsuwonus,pelamis,No,-5.225,-174.172,,,S281,S281-042-TTS,6-Aug-18,1126,29.5,4.35,35.61,5266,36,1805.748,1,1805.748,65,0.035996163,31,risen
S281-042-TTS-T077,,,K. pelamis,4,1.377777778,T077,Katsuwonus,pelamis,No,-5.225,-174.172,,,S281,S281-042-TTS,6-Aug-18,1126,29.5,4.35,35.61,5266,36,1805.748,1,1805.748,65,0.035996163,31,risen
S281-042-TTS-T078,,,K. pelamis,3.9,1.155555556,T078,Katsuwonus,pelamis,No,-5.225,-174.172,,,S281,S281-042-TTS,6-Aug-18,1126,29.5,4.35,35.61,5266,36,1805.748,1,1805.748,65,0.035996163,31,risen
S281-042-TTS-T079,281-G99,,K. pelamis,4.7,2.933333333,T079,Katsuwonus,pelamis,No,-5.225,-174.172,,,S281,S281-042-TTS,6-Aug-18,1126,29.5,4.35,35.61,5266,36,1805.748,1,1805.748,65,0.035996163,31,risen
S281-042-TTS-T209,281-G187,,K. pelamis,4.4,2.266666667,T209,Katsuwonus,pelamis,No,-5.225,-174.172,,,S281,S281-042-TTS,6-Aug-18,1126,29.5,4.35,35.61,5266,36,1805.748,1,1805.748,65,0.035996163,31,risen
S281-042-TTS-T210,281-G188,GC_120,K. pelamis,7.6,9.377777778,T210,Katsuwonus,pelamis,Yes,-5.225,-174.172,,,S281,S281-042-TTS,6-Aug-18,1126,29.5,4.35,35.61,5266,36,1805.748,1,1805.748,65,0.035996163,31,risen
S281-042-TTS-T212,281-G189,,K. pelamis,6.4,6.711111111,T212,Katsuwonus,pelamis,No,-5.225,-174.172,,,S281,S281-042-TTS,6-Aug-18,1126,29.5,4.35,35.61,5266,36,1805.748,1,1805.748,65,0.035996163,31,risen
S281-042-TTS-T213,281-G190,,K. pelamis,4.2,1.822222222,T213,Katsuwonus,pelamis,No,-5.225,-174.172,,,S281,S281-042-TTS,6-Aug-18,1126,29.5,4.35,35.61,5266,36,1805.748,1,1805.748,65,0.035996163,31,risen
S281-042-TTS-T214,281-G191,GC_121,K. pelamis,5.9,5.6,T214,Katsuwonus,pelamis,Yes,-5.225,-174.172,,,S281,S281-042-TTS,6-Aug-18,1126,29.5,4.35,35.61,5266,36,1805.748,1,1805.748,65,0.035996163,31,risen
S281-042-TTS-T215,,,K. pelamis,3.9,1.155555556,T215,Katsuwonus,pelamis,No,-5.225,-174.172,,,S281,S281-042-TTS,6-Aug-18,1126,29.5,4.35,35.61,5266,36,1805.748,1,1805.748,65,0.035996163,31,risen
S281-042-TTS-T216,281-G192,,K. pelamis,4.8,3.155555556,T216,Katsuwonus,pelamis,No,-5.225,-174.172,,,S281,S281-042-TTS,6-Aug-18,1126,29.5,4.35,35.61,5266,36,1805.748,1,1805.748,65,0.035996163,31,risen
S281-042-TTS-T217,281-G193,GC_122,K. pelamis,4.9,3.377777778,T217,Katsuwonus,pelamis,Yes,-5.225,-174.172,,,S281,S281-042-TTS,6-Aug-18,1126,29.5,4.35,35.61,5266,36,1805.748,1,1805.748,65,0.035996163,31,risen
S281-042-TTS-T218,281-G194,GC_123,K. pelamis,5,3.6,T218,Katsuwonus,pelamis,Yes,-5.225,-174.172,,,S281,S281-042-TTS,6-Aug-18,1126,29.5,4.35,35.61,5266,36,1805.748,1,1805.748,65,0.035996163,31,risen
S281-042-TTS-T219,281-G195,GC_124,K. pelamis,5.9,5.6,T219,Katsuwonus,pelamis,Yes,-5.225,-174.172,,,S281,S281-042-TTS,6-Aug-18,1126,29.5,4.35,35.61,5266,36,1805.748,1,1805.748,65,0.035996163,31,risen
S281-042-TTS-T220,281-G196,GC_125,K. pelamis,5.9,5.6,T220,Katsuwonus,pelamis,Yes,-5.225,-174.172,,,S281,S281-042-TTS,6-Aug-18,1126,29.5,4.35,35.61,5266,36,1805.748,1,1805.748,65,0.035996163,31,risen
S281-042-TTS-T221,281-G197,,K. pelamis,4.9,3.377777778,T221,Katsuwonus,pelamis,No,-5.225,-174.172,,,S281,S281-042-TTS,6-Aug-18,1126,29.5,4.35,35.61,5266,36,1805.748,1,1805.748,65,0.035996163,31,risen
S281-042-TTS-T222,,,K. pelamis,3.5,0.266666667,T222,Katsuwonus,pelamis,Yes,-5.225,-174.172,,,S281,S281-042-TTS,6-Aug-18,1126,29.5,4.35,35.61,5266,36,1805.748,1,1805.748,65,0.035996163,31,risen
S281-042-TTS-T223,281-G198,,K. pelamis,5.3,4.266666667,T223,Katsuwonus,pelamis,No,-5.225,-174.172,,,S281,S281-042-TTS,6-Aug-18,1126,29.5,4.35,35.61,5266,36,1805.748,1,1805.748,65,0.035996163,31,risen
S281-042-TTS-T224,,,K. pelamis,N/A,N/A,T224,Katsuwonus,pelamis,No,-5.225,-174.172,,,S281,S281-042-TTS,6-Aug-18,1126,29.5,4.35,35.61,5266,36,1805.748,1,1805.748,65,0.035996163,31,risen
S281-042-TTS-T225,281-G199,,K. pelamis,3.5,0.266666667,T225,Katsuwonus,pelamis,No,-5.225,-174.172,,,S281,S281-042-TTS,6-Aug-18,1126,29.5,4.35,35.61,5266,36,1805.748,1,1805.748,65,0.035996163,31,risen
S281-042-TTS-T226,281-G200,,K. pelamis,4.2,1.822222222,T226,Katsuwonus,pelamis,No,-5.225,-174.172,,,S281,S281-042-TTS,6-Aug-18,1126,29.5,4.35,35.61,5266,36,1805.748,1,1805.748,65,0.035996163,31,risen
S281-042-TTS-T227,,,Thunnus,2.9,0,T227,Thunnus,,No,-5.225,-174.172,,,S281,S281-042-TTS,6-Aug-18,1126,29.5,4.35,35.61,5266,36,1805.748,1,1805.748,65,0.035996163,31,risen
S281-042-TTS-T228,281-G201,,Thunnus,4.3,3.216216216,T228,Thunnus,,No,-5.225,-174.172,,,S281,S281-042-TTS,6-Aug-18,1126,29.5,4.35,35.61,5266,36,1805.748,1,1805.748,65,0.035996163,31,risen
S281-042-TTS-T229,281-G202,,K. pelamis,3.7,0.711111111,T229,Katsuwonus,pelamis,No,-5.225,-174.172,,,S281,S281-042-TTS,6-Aug-18,1126,29.5,4.35,35.61,5266,36,1805.748,1,1805.748,65,0.035996163,31,risen
S281-042-TTS-T230,281-G203,,K. pelamis,4.9,3.377777778,T230,Katsuwonus,pelamis,No,-5.225,-174.172,,,S281,S281-042-TTS,6-Aug-18,1126,29.5,4.35,35.61,5266,36,1805.748,1,1805.748,65,0.035996163,31,risen
S281-042-TTS-T231,281-G204,,K. pelamis,4.2,1.822222222,T231,Katsuwonus,pelamis,No,-5.225,-174.172,,,S281,S281-042-TTS,6-Aug-18,1126,29.5,4.35,35.61,5266,36,1805.748,1,1805.748,65,0.035996163,31,risen
S281-042-TTS-T232,281-G205,,K. pelamis,4.2,1.822222222,T232,Katsuwonus,pelamis,No,-5.225,-174.172,,,S281,S281-042-TTS,6-Aug-18,1126,29.5,4.35,35.61,5266,36,1805.748,1,1805.748,65,0.035996163,31,risen
S281-042-TTS-T233,281-G206,GC_126,K. pelamis,5.1,3.822222222,T233,Katsuwonus,pelamis,Yes,-5.225,-174.172,,,S281,S281-042-TTS,6-Aug-18,1126,29.5,4.35,35.61,5266,36,1805.748,1,1805.748,65,0.035996163,31,risen
S281-042-TTS-T234,281-G207,,Thunnus,3.9,2.135135135,T234,Thunnus,,No,-5.225,-174.172,,,S281,S281-042-TTS,6-Aug-18,1126,29.5,4.35,35.61,5266,36,1805.748,1,1805.748,65,0.035996163,31,risen
S281-042-TTS-T235,,,K. pelamis,3.7,0.711111111,T235,Katsuwonus,pelamis,No,-5.225,-174.172,,,S281,S281-042-TTS,6-Aug-18,1126,29.5,4.35,35.61,5266,36,1805.748,1,1805.748,65,0.035996163,31,risen
S281-042-TTS-T236,281-G208,,K. pelamis,3.9,1.155555556,T236,Katsuwonus,pelamis,No,-5.225,-174.172,,,S281,S281-042-TTS,6-Aug-18,1126,29.5,4.35,35.61,5266,36,1805.748,1,1805.748,65,0.035996163,31,risen
S281-042-TTS-T237,281-G209,,K. pelamis,4.4,2.266666667,T237,Katsuwonus,pelamis,No,-5.225,-174.172,,,S281,S281-042-TTS,6-Aug-18,1126,29.5,4.35,35.61,5266,36,1805.748,1,1805.748,65,0.035996163,31,risen
S281-042-TTS-T238,281-G210,,K. pelamis,4.5,2.488888889,T238,Katsuwonus,pelamis,No,-5.225,-174.172,,,S281,S281-042-TTS,6-Aug-18,1126,29.5,4.35,35.61,5266,36,1805.748,1,1805.748,65,0.035996163,31,risen
S281-042-TTS-T239,281-G211,,K. pelamis,4.2,1.822222222,T239,Katsuwonus,pelamis,No,-5.225,-174.172,,,S281,S281-042-TTS,6-Aug-18,1126,29.5,4.35,35.61,5266,36,1805.748,1,1805.748,65,0.035996163,31,risen
S281-042-TTS-T240,281-G212,,K. pelamis,4.8,3.155555556,T240,Katsuwonus,pelamis,No,-5.225,-174.172,,,S281,S281-042-TTS,6-Aug-18,1126,29.5,4.35,35.61,5266,36,1805.748,1,1805.748,65,0.035996163,31,risen
S281-042-TTS-T241,281-G213,,K. pelamis,3.5,0.266666667,T241,Katsuwonus,pelamis,No,-5.225,-174.172,,,S281,S281-042-TTS,6-Aug-18,1126,29.5,4.35,35.61,5266,36,1805.748,1,1805.748,65,0.035996163,31,risen
S281-042-TTS-T242,281-G214,,K. pelamis,3.1,0,T242,Katsuwonus,pelamis,No,-5.225,-174.172,,,S281,S281-042-TTS,6-Aug-18,1126,29.5,4.35,35.61,5266,36,1805.748,1,1805.748,65,0.035996163,31,risen
S281-042-TTS-T243,281-G215,,K. pelamis,4.2,1.822222222,T243,Katsuwonus,pelamis,No,-5.225,-174.172,,,S281,S281-042-TTS,6-Aug-18,1126,29.5,4.35,35.61,5266,36,1805.748,1,1805.748,65,0.035996163,31,risen
S281-042-TTS-T244,281-G216,,Thunnus,4.4,3.486486486,T244,Thunnus,,No,-5.225,-174.172,,,S281,S281-042-TTS,6-Aug-18,1126,29.5,4.35,35.61,5266,36,1805.748,1,1805.748,65,0.035996163,31,risen
S281-042-TTS-T245,281-G217,GC_127,K. pelamis,5.1,3.822222222,T245,Katsuwonus,pelamis,Yes,-5.225,-174.172,,,S281,S281-042-TTS,6-Aug-18,1126,29.5,4.35,35.61,5266,36,1805.748,1,1805.748,65,0.035996163,31,risen
S281-042-TTS-T246,281-G218,,K. pelamis,3.7,0.711111111,T246,Katsuwonus,pelamis,No,-5.225,-174.172,,,S281,S281-042-TTS,6-Aug-18,1126,29.5,4.35,35.61,5266,36,1805.748,1,1805.748,65,0.035996163,31,risen
S281-042-TTS-T247,281-G219,GC_128,K. pelamis,4.7,2.933333333,T247,Katsuwonus,pelamis,Yes,-5.225,-174.172,,,S281,S281-042-TTS,6-Aug-18,1126,29.5,4.35,35.61,5266,36,1805.748,1,1805.748,65,0.035996163,31,risen
S281-042-TTS-T248,281-G220,,K. pelamis,4.5,2.488888889,T248,Katsuwonus,pelamis,No,-5.225,-174.172,,,S281,S281-042-TTS,6-Aug-18,1126,29.5,4.35,35.61,5266,36,1805.748,1,1805.748,65,0.035996163,31,risen
S281-042-TTS-T249,281-G221,,K. pelamis,4.2,1.822222222,T249,Katsuwonus,pelamis,No,-5.225,-174.172,,,S281,S281-042-TTS,6-Aug-18,1126,29.5,4.35,35.61,5266,36,1805.748,1,1805.748,65,0.035996163,31,risen
S281-042-TTS-T250,281-G222,GC_129,K. pelamis,5.2,4.044444444,T250,Katsuwonus,pelamis,Yes,-5.225,-174.172,,,S281,S281-042-TTS,6-Aug-18,1126,29.5,4.35,35.61,5266,36,1805.748,1,1805.748,65,0.035996163,31,risen
S281-042-TTS-T251,281-G223,,K. pelamis,4.4,2.266666667,T251,Katsuwonus,pelamis,No,-5.225,-174.172,,,S281,S281-042-TTS,6-Aug-18,1126,29.5,4.35,35.61,5266,36,1805.748,1,1805.748,65,0.035996163,31,risen
S281-042-TTS-T252,P5,GC_130,K. pelamis,6.6,7.155555556,T252,Katsuwonus,pelamis,Yes,-5.225,-174.172,,,S281,S281-042-TTS,6-Aug-18,1126,29.5,4.35,35.61,5266,36,1805.748,1,1805.748,65,0.035996163,31,risen
S281-043-TTD-T081,281-G100,,K. pelamis,3.6,0.488888889,T081,Katsuwonus,pelamis,No,-5.632,-173.882,,,S281,S281-043-TTD,6-Aug-18,2245,29.4,10.51,35.6,2523,154,1500.967,1,1500.967,55,0.036643044,31,set
S281-043-TTD-T082,,,K. pelamis,3.3,0,T082,Katsuwonus,pelamis,No,-5.632,-173.882,,,S281,S281-043-TTD,6-Aug-18,2245,29.4,10.51,35.6,2523,154,1500.967,1,1500.967,55,0.036643044,31,set
S281-043-TTD-T083,281-G101,,K. pelamis,4,1.377777778,T083,Katsuwonus,pelamis,No,-5.632,-173.882,,,S281,S281-043-TTD,6-Aug-18,2245,29.4,10.51,35.6,2523,154,1500.967,1,1500.967,55,0.036643044,31,set
S281-043-TTD-T084,,,K. pelamis,3.1,0,T084,Katsuwonus,pelamis,No,-5.632,-173.882,,,S281,S281-043-TTD,6-Aug-18,2245,29.4,10.51,35.6,2523,154,1500.967,1,1500.967,55,0.036643044,31,set
S281-043-TTD-T085,281-G102,,K. pelamis,3.3,0,T085,Katsuwonus,pelamis,No,-5.632,-173.882,,,S281,S281-043-TTD,6-Aug-18,2245,29.4,10.51,35.6,2523,154,1500.967,1,1500.967,55,0.036643044,31,set
S281-043-TTD-T086,281-G103,,K. pelamis,3.8,0.933333333,T086,Katsuwonus,pelamis,No,-5.632,-173.882,,,S281,S281-043-TTD,6-Aug-18,2245,29.4,10.51,35.6,2523,154,1500.967,1,1500.967,55,0.036643044,31,set
S281-043-TTD-T087,281-G104,GC_105,K. pelamis,4,1.377777778,T087,Katsuwonus,pelamis,Yes,-5.632,-173.882,,,S281,S281-043-TTD,6-Aug-18,2245,29.4,10.51,35.6,2523,154,1500.967,1,1500.967,55,0.036643044,31,set
S281-043-TTD-T088,281-G105,,K. pelamis,3.9,1.155555556,T088,Katsuwonus,pelamis,No,-5.632,-173.882,,,S281,S281-043-TTD,6-Aug-18,2245,29.4,10.51,35.6,2523,154,1500.967,1,1500.967,55,0.036643044,31,set
S281-043-TTD-T089,281-G106,,K. pelamis,3.6,0.488888889,T089,Katsuwonus,pelamis,No,-5.632,-173.882,,,S281,S281-043-TTD,6-Aug-18,2245,29.4,10.51,35.6,2523,154,1500.967,1,1500.967,55,0.036643044,31,set
S281-043-TTD-T090,281-G107,,K. pelamis,4.4,2.266666667,T090,Katsuwonus,pelamis,No,-5.632,-173.882,,,S281,S281-043-TTD,6-Aug-18,2245,29.4,10.51,35.6,2523,154,1500.967,1,1500.967,55,0.036643044,31,set
S281-043-TTD-T091,281-G108,,K. pelamis,3.4,0.044444444,T091,Katsuwonus,pelamis,No,-5.632,-173.882,,,S281,S281-043-TTD,6-Aug-18,2245,29.4,10.51,35.6,2523,154,1500.967,1,1500.967,55,0.036643044,31,set
S281-043-TTD-T092,,,K. pelamis,3.5,0.266666667,T092,Katsuwonus,pelamis,No,-5.632,-173.882,,,S281,S281-043-TTD,6-Aug-18,2245,29.4,10.51,35.6,2523,154,1500.967,1,1500.967,55,0.036643044,31,set
S281-043-TTD-T093,281-G109,,K. pelamis,5.3,4.266666667,T093,Katsuwonus,pelamis,No,-5.632,-173.882,,,S281,S281-043-TTD,6-Aug-18,2245,29.4,10.51,35.6,2523,154,1500.967,1,1500.967,55,0.036643044,31,set
S281-043-TTD-T094,281-G110,,K. pelamis,3.5,0.266666667,T094,Katsuwonus,pelamis,No,-5.632,-173.882,,,S281,S281-043-TTD,6-Aug-18,2245,29.4,10.51,35.6,2523,154,1500.967,1,1500.967,55,0.036643044,31,set
S281-043-TTD-T147,281-G143,,K. pelamis,3.8,0.933333333,T147,Katsuwonus,pelamis,No,-5.632,-173.882,,,S281,S281-043-TTD,6-Aug-18,2245,29.4,10.51,35.6,2523,154,1500.967,1,1500.967,55,0.036643044,31,set
S281-043-TTD-T148,,,K. pelamis,3,0,T148,Katsuwonus,pelamis,No,-5.632,-173.882,,,S281,S281-043-TTD,6-Aug-18,2245,29.4,10.51,35.6,2523,154,1500.967,1,1500.967,55,0.036643044,31,set
S281-043-TTS-T117,281-G123,,K. pelamis,3.9,1.155555556,T117,Katsuwonus,pelamis,No,-5.61,-173.885,,,S281,S281-043-TTS,6-Aug-18,2208,29.4,10.7,35.6,2129,33,2054.992,1,2054.992,125,0.060827487,31,set
S281-043-TTS-T118,281-G124,,K. pelamis,4.7,2.933333333,T118,Katsuwonus,pelamis,No,-5.61,-173.885,,,S281,S281-043-TTS,6-Aug-18,2208,29.4,10.7,35.6,2129,33,2054.992,1,2054.992,125,0.060827487,31,set
S281-043-TTS-T279,,,K. pelamis,3.8,0.933333333,T279,Katsuwonus,pelamis,No,-5.61,-173.885,,,S281,S281-043-TTS,6-Aug-18,2208,29.4,10.7,35.6,2129,33,2054.992,1,2054.992,125,0.060827487,31,set
S281-043-TTS-T280,,,K. pelamis,3.6,0.488888889,T280,Katsuwonus,pelamis,No,-5.61,-173.885,,,S281,S281-043-TTS,6-Aug-18,2208,29.4,10.7,35.6,2129,33,2054.992,1,2054.992,125,0.060827487,31,set
S281-043-TTS-T281,,,K. pelamis,4.6,2.711111111,T281,Katsuwonus,pelamis,No,-5.61,-173.885,,,S281,S281-043-TTS,6-Aug-18,2208,29.4,10.7,35.6,2129,33,2054.992,1,2054.992,125,0.060827487,31,set
S281-043-TTS-T282,281-G233,,K. pelamis,4.1,1.6,T282,Katsuwonus,pelamis,No,-5.61,-173.885,,,S281,S281-043-TTS,6-Aug-18,2208,29.4,10.7,35.6,2129,33,2054.992,1,2054.992,125,0.060827487,31,set
S281-043-TTS-T283,281-G234,,K. pelamis,3.9,1.155555556,T283,Katsuwonus,pelamis,No,-5.61,-173.885,,,S281,S281-043-TTS,6-Aug-18,2208,29.4,10.7,35.6,2129,33,2054.992,1,2054.992,125,0.060827487,31,set
S281-044-TTS-T134,281-G133,,Thunnus,4.2,2.945945946,T134,Thunnus,,No,-6.423,-173.538,,,S281,S281-044-TTS,7-Aug-18,1113,29.7,3.98,35.49,3400,42.8,1995.505,1,1995.505,35,0.01753942,21,risen
S281-044-TTS-T135,,,Thunnus,3,0,T135,Thunnus,,No,-6.423,-173.538,,,S281,S281-044-TTS,7-Aug-18,1113,29.7,3.98,35.49,3400,42.8,1995.505,1,1995.505,35,0.01753942,21,risen
S281-044-TTS-T136,,,Thunnus,3.4,0.783783784,T136,Thunnus,,No,-6.423,-173.538,,,S281,S281-044-TTS,7-Aug-18,1113,29.7,3.98,35.49,3400,42.8,1995.505,1,1995.505,35,0.01753942,21,risen
S281-044-TTS-T137,281-G134,,Thunnus,4,2.405405405,T137,Thunnus,,No,-6.423,-173.538,,,S281,S281-044-TTS,7-Aug-18,1113,29.7,3.98,35.49,3400,42.8,1995.505,1,1995.505,35,0.01753942,21,risen
S281-044-TTS-T138,281-G135,,Thunnus,4.7,4.297297297,T138,Thunnus,,No,-6.423,-173.538,,,S281,S281-044-TTS,7-Aug-18,1113,29.7,3.98,35.49,3400,42.8,1995.505,1,1995.505,35,0.01753942,21,risen
S281-044-TTS-T139,281-G136,,Thunnus,4.1,2.675675676,T139,Thunnus,,No,-6.423,-173.538,,,S281,S281-044-TTS,7-Aug-18,1113,29.7,3.98,35.49,3400,42.8,1995.505,1,1995.505,35,0.01753942,21,risen
S281-044-TTS-T266,281-G11,GC_131,Thunnus,6.1,8.081081081,T266,Thunnus,obesus,Yes,-6.423,-173.538,,,S281,S281-044-TTS,7-Aug-18,1113,29.7,3.98,35.49,3400,42.8,1995.505,1,1995.505,35,0.01753942,21,risen
S281-046-TTS-T119,281-G35,,Thunnus,4.96,5,T119,Thunnus,albacares,No,-9.612,-169.962,,,S281,S281-046-TTS,9-Aug-18,1112,29.4,2.97,35.22,4048,31,2193.325,1,2193.325,24,0.010942291,6,risen
S281-046-TTS-T120,281-G36,,Thunnus,4.91,4.864864865,T120,Thunnus,albacares,No,-9.612,-169.962,,,S281,S281-046-TTS,9-Aug-18,1112,29.4,2.97,35.22,4048,31,2193.325,1,2193.325,24,0.010942291,6,risen
S281-046-TTS-T121,281-G125,,Thunnus,3.9,2.135135135,T121,Thunnus,,No,-9.612,-169.962,,,S281,S281-046-TTS,9-Aug-18,1112,29.4,2.97,35.22,4048,31,2193.325,1,2193.325,24,0.010942291,6,risen
S281-046-TTS-T122,281-G126,,Thunnus,4.1,2.675675676,T122,Thunnus,albacares,No,-9.612,-169.962,,,S281,S281-046-TTS,9-Aug-18,1112,29.4,2.97,35.22,4048,31,2193.325,1,2193.325,24,0.010942291,6,risen
S281-046-TTS-T123,,,K. pelamis,3.2,0,T123,Katsuwonus,pelamis,No,-9.612,-169.962,,,S281,S281-046-TTS,9-Aug-18,1112,29.4,2.97,35.22,4048,31,2193.325,1,2193.325,24,0.010942291,6,risen
S281-046-TTS-T124,,,K. pelamis,3.2,0,T124,Katsuwonus,pelamis,No,-9.612,-169.962,,,S281,S281-046-TTS,9-Aug-18,1112,29.4,2.97,35.22,4048,31,2193.325,1,2193.325,24,0.010942291,6,risen
S281-046-TTS-T125,281-G127,,Thunnus,3.5,1.054054054,T125,Thunnus,,No,-9.612,-169.962,,,S281,S281-046-TTS,9-Aug-18,1112,29.4,2.97,35.22,4048,31,2193.325,1,2193.325,24,0.010942291,6,risen
S281-046-TTS-T126,281-G128,,Thunnus,3,0,T126,Thunnus,,No,-9.612,-169.962,,,S281,S281-046-TTS,9-Aug-18,1112,29.4,2.97,35.22,4048,31,2193.325,1,2193.325,24,0.010942291,6,risen
S281-046-TTS-T127,281-G129,,Thunnus,3.8,1.864864865,T127,Thunnus,,No,-9.612,-169.962,,,S281,S281-046-TTS,9-Aug-18,1112,29.4,2.97,35.22,4048,31,2193.325,1,2193.325,24,0.010942291,6,risen
S281-046-TTS-T128,,,Thunnus,3.2,0.243243243,T128,Thunnus,,No,-9.612,-169.962,,,S281,S281-046-TTS,9-Aug-18,1112,29.4,2.97,35.22,4048,31,2193.325,1,2193.325,24,0.010942291,6,risen
S281-046-TTS-T129,,,Thunnus,3.3,0.513513514,T129,Thunnus,,Yes,-9.612,-169.962,,,S281,S281-046-TTS,9-Aug-18,1112,29.4,2.97,35.22,4048,31,2193.325,1,2193.325,24,0.010942291,6,risen
S281-046-TTS-T267,281-G228,GC_132,Thunnus,3.9,2.135135135,T267,Thunnus,,Yes,-9.612,-169.962,,,S281,S281-046-TTS,9-Aug-18,1112,29.4,2.97,35.22,4048,31,2193.325,1,2193.325,24,0.010942291,6,risen
S281-046-TTS-T268,,,Thunnus,3,0,T268,Thunnus,,Yes,-9.612,-169.962,,,S281,S281-046-TTS,9-Aug-18,1112,29.4,2.97,35.22,4048,31,2193.325,1,2193.325,24,0.010942291,6,risen
S281-046-TTS-T269,281-G49,,Thunnus,4.78,4.513513514,T269,Thunnus,albacares,No,-9.612,-169.962,,,S281,S281-046-TTS,9-Aug-18,1112,29.4,2.97,35.22,4048,31,2193.325,1,2193.325,24,0.010942291,6,risen
S281-046-TTS-T270,281-G229,,Thunnus,4,2.405405405,T270,Thunnus,,No,-9.612,-169.962,,,S281,S281-046-TTS,9-Aug-18,1112,29.4,2.97,35.22,4048,31,2193.325,1,2193.325,24,0.010942291,6,risen
S281-046-TTS-T271,281-G50,,Thunnus,4.35,3.351351351,T271,Thunnus,albacares,No,-9.612,-169.962,,,S281,S281-046-TTS,9-Aug-18,1112,29.4,2.97,35.22,4048,31,2193.325,1,2193.325,24,0.010942291,6,risen
S281-046-TTS-T272,281-G51,,Thunnus,4.9,4.837837838,T272,Thunnus,albacares,No,-9.612,-169.962,,,S281,S281-046-TTS,9-Aug-18,1112,29.4,2.97,35.22,4048,31,2193.325,1,2193.325,24,0.010942291,6,risen
S281-046-TTS-T273,281-G230,GC_133,Thunnus,4.6,4.027027027,T273,Thunnus,albacares,Yes,-9.612,-169.962,,,S281,S281-046-TTS,9-Aug-18,1112,29.4,2.97,35.22,4048,31,2193.325,1,2193.325,24,0.010942291,6,risen
S281-046-TTS-T274,281-G52,,Thunnus,4.52,3.810810811,T274,Thunnus,albacares,No,-9.612,-169.962,,,S281,S281-046-TTS,9-Aug-18,1112,29.4,2.97,35.22,4048,31,2193.325,1,2193.325,24,0.010942291,6,risen
S281-046-TTS-T275,281-G231,GC_134,Thunnus,4.6,4.027027027,T275,Thunnus,,Yes,-9.612,-169.962,,,S281,S281-046-TTS,9-Aug-18,1112,29.4,2.97,35.22,4048,31,2193.325,1,2193.325,24,0.010942291,6,risen
S281-046-TTS-T276,281-G232,GC_135,Thunnus,4.5,3.756756757,T276,Thunnus,,Yes,-9.612,-169.962,,,S281,S281-046-TTS,9-Aug-18,1112,29.4,2.97,35.22,4048,31,2193.325,1,2193.325,24,0.010942291,6,risen
S281-046-TTS-T277,281-G53,,Thunnus,4.33,3.297297297,T277,Thunnus,albacares,No,-9.612,-169.962,,,S281,S281-046-TTS,9-Aug-18,1112,29.4,2.97,35.22,4048,31,2193.325,1,2193.325,24,0.010942291,6,risen
S281-046-TTS-T278,281-G54,,Thunnus,4.66,4.189189189,T278,Thunnus,albacares,No,-9.612,-169.962,,,S281,S281-046-TTS,9-Aug-18,1112,29.4,2.97,35.22,4048,31,2193.325,1,2193.325,24,0.010942291,6,risen
S281-047-TTS-T116,,,Thunnus,3.5,1.054054054,T116,Thunnus,,No,-11.523,-170.473,,,S281,S281-047-TTS,10-Aug-18,1116,29.1,2.73,35.1,5022,43.3,2040.628,1,2040.628,18,0.008820814,1,risen
S281-047-TTS-T195,281-G179,GC_115,Thunnus,4.4,3.486486486,T195,Thunnus,,Yes,-11.523,-170.473,,,S281,S281-047-TTS,10-Aug-18,1116,29.1,2.73,35.1,5022,43.3,2040.628,1,2040.628,18,0.008820814,1,risen
S281-047-TTS-T196,281-G43,,Thunnus,4.48,3.702702703,T196,Thunnus,albacares,No,-11.523,-170.473,,,S281,S281-047-TTS,10-Aug-18,1116,29.1,2.73,35.1,5022,43.3,2040.628,1,2040.628,18,0.008820814,1,risen
S281-047-TTS-T197,281-G44,,Thunnus,4.44,3.594594595,T197,Thunnus,albacares,No,-11.523,-170.473,,,S281,S281-047-TTS,10-Aug-18,1116,29.1,2.73,35.1,5022,43.3,2040.628,1,2040.628,18,0.008820814,1,risen
S281-047-TTS-T198,281-G45,,Thunnus,4.36,3.378378378,T198,Thunnus,albacares,No,-11.523,-170.473,,,S281,S281-047-TTS,10-Aug-18,1116,29.1,2.73,35.1,5022,43.3,2040.628,1,2040.628,18,0.008820814,1,risen
S281-047-TTS-T199,281-G180,,Thunnus,3.4,0.783783784,T199,Thunnus,,No,-11.523,-170.473,,,S281,S281-047-TTS,10-Aug-18,1116,29.1,2.73,35.1,5022,43.3,2040.628,1,2040.628,18,0.008820814,1,risen
S281-047-TTS-T200,281-G46,,Thunnus,5.06,5.27027027,T200,Thunnus,albacares,No,-11.523,-170.473,,,S281,S281-047-TTS,10-Aug-18,1116,29.1,2.73,35.1,5022,43.3,2040.628,1,2040.628,18,0.008820814,1,risen
S281-047-TTS-T201,281-G181,,Thunnus,3.7,1.594594595,T201,Thunnus,,No,-11.523,-170.473,,,S281,S281-047-TTS,10-Aug-18,1116,29.1,2.73,35.1,5022,43.3,2040.628,1,2040.628,18,0.008820814,1,risen
S281-047-TTS-T202,281-G47,,Thunnus,4.38,3.432432432,T202,Thunnus,albacares,No,-11.523,-170.473,,,S281,S281-047-TTS,10-Aug-18,1116,29.1,2.73,35.1,5022,43.3,2040.628,1,2040.628,18,0.008820814,1,risen
S281-047-TTS-T203,P1,,Thunnus,6.2,8.351351351,T203,Thunnus,albacares,Yes,-11.523,-170.473,,,S281,S281-047-TTS,10-Aug-18,1116,29.1,2.73,35.1,5022,43.3,2040.628,1,2040.628,18,0.008820814,1,risen
S281-047-TTS-T211,281-G48,,Thunnus,7.23,11.13513514,T211,Thunnus,albacares,,-11.523,-170.473,,,S281,S281-047-TTS,10-Aug-18,1116,29.1,2.73,35.1,5022,43.3,2040.628,1,2040.628,18,0.008820814,1,risen
S287-013-TTD-K2,287-G16,,K. pelamis,3.5,0.266666667,S287-013-TTD-K2,Katsuwonus,pelamis,,-4.122,-169.363,SEC,SEC,S287,S287-013-TTD,11-Jul-19,1104,29.8,6.12,35.34,4631,93.2,1564.22,1,1564.22,66,0.0422,72,set
S287-013-TTD-K3,287-G37,,K. pelamis,3.82,0.977777778,S287-013-TTD-K3,Katsuwonus,pelamis,,-4.122,-169.363,SEC,SEC,S287,S287-013-TTD,11-Jul-19,1104,29.8,6.12,35.34,4631,93.2,1564.22,1,1564.22,66,0.0422,72,set
S287-013-TTS-K1,287-G38,,K. pelamis,3.63,0.555555556,S287-013-TTS-K1,Katsuwonus,pelamis,,-4.138,-169.357,SEC,SEC,S287,S287-013-TTS,11-Jul-19,1134,29.9,5.25,35.34,4204,36.2,1089.066,1,1089.066,161,0.1478,72,set
S287-013-TTS-K2,287-G39,,K. pelamis,3.4,0.044444444,S287-013-TTS-K2,Katsuwonus,pelamis,,-4.138,-169.357,SEC,SEC,S287,S287-013-TTS,11-Jul-19,1134,29.9,5.25,35.34,4204,36.2,1089.066,1,1089.066,161,0.1478,72,set
S287-013-TTS-T1,287-G40,,Thunnus,4.7,4.297297297,S287-013-TTS-T1,Thunnus,,,-4.138,-169.357,SEC,SEC,S287,S287-013-TTS,11-Jul-19,1134,29.9,5.25,35.34,4204,36.2,1089.066,1,1089.066,161,0.1478,72,set
S287-014-TTD-K12,287-G41,,K. pelamis,4.23,1.888888889,S287-014-TTD-K12,Katsuwonus,pelamis,,-3.27,-169.49,SEC,SEC,S287,S287-014-TTD,11-Jul-19,2254,29.7,11.29,35.27,5363,112.4,1792.638,1,1792.638,102,0.0569,76,risen
S287-014-TTD-K13,287-G42,,K. pelamis,4.42,2.311111111,S287-014-TTD-K13,Katsuwonus,pelamis,,-3.27,-169.49,SEC,SEC,S287,S287-014-TTD,11-Jul-19,2254,29.7,11.29,35.27,5363,112.4,1792.638,1,1792.638,102,0.0569,76,risen
S287-014-TTD-K14,287-G43,,K. pelamis,4.79,3.133333333,S287-014-TTD-K14,Katsuwonus,pelamis,,-3.27,-169.49,SEC,SEC,S287,S287-014-TTD,11-Jul-19,2254,29.7,11.29,35.27,5363,112.4,1792.638,1,1792.638,102,0.0569,76,risen
S287-015-TTD-K1,287-G44,GC_173,K. pelamis,4.94,3.466666667,S287-015-TTD-K1,Katsuwonus,pelamis,,-2.438,-169.68,SEC,SEC,S287,S287-015-TTD,12-Jul-19,1040,29.7,4.64,35.39,5323,75,1526.492,1,1526.492,44,0.0288,81,set
S287-015-TTD-K10,287-G48,,K. pelamis,N/A,N/A,S287-015-TTD-K10,Katsuwonus,pelamis,,-2.438,-169.68,SEC,SEC,S287,S287-015-TTD,12-Jul-19,1040,29.7,4.64,35.39,5323,75,1526.492,1,1526.492,44,0.0288,81,set
S287-015-TTD-K11,,,K. pelamis,N/A,N/A,S287-015-TTD-K11,Katsuwonus,pelamis,,-2.438,-169.68,SEC,SEC,S287,S287-015-TTD,12-Jul-19,1040,29.7,4.64,35.39,5323,75,1526.492,1,1526.492,44,0.0288,81,set
S287-015-TTD-K12,,,K. pelamis,N/A,N/A,S287-015-TTD-K12,Katsuwonus,pelamis,,-2.438,-169.68,SEC,SEC,S287,S287-015-TTD,12-Jul-19,1040,29.7,4.64,35.39,5323,75,1526.492,1,1526.492,44,0.0288,81,set
S287-015-TTD-K4,287-G2,GC_174,K. pelamis,4.58,2.666666667,S287-015-TTD-K4,Katsuwonus,pelamis,,-2.438,-169.68,SEC,SEC,S287,S287-015-TTD,12-Jul-19,1040,29.7,4.64,35.39,5323,75,1526.492,1,1526.492,44,0.0288,81,set
S287-015-TTD-K6,287-G45,,K. pelamis,5.01,3.622222222,S287-015-TTD-K6,Katsuwonus,pelamis,,-2.438,-169.68,SEC,SEC,S287,S287-015-TTD,12-Jul-19,1040,29.7,4.64,35.39,5323,75,1526.492,1,1526.492,44,0.0288,81,set
S287-015-TTD-K7,287-G4,GC_175,K. pelamis,4.89,3.355555556,S287-015-TTD-K7,Katsuwonus,pelamis,,-2.438,-169.68,SEC,SEC,S287,S287-015-TTD,12-Jul-19,1040,29.7,4.64,35.39,5323,75,1526.492,1,1526.492,44,0.0288,81,set
S287-015-TTD-K8,287-G46,,K. pelamis,N/A,N/A,S287-015-TTD-K8,Katsuwonus,pelamis,,-2.438,-169.68,SEC,SEC,S287,S287-015-TTD,12-Jul-19,1040,29.7,4.64,35.39,5323,75,1526.492,1,1526.492,44,0.0288,81,set
S287-015-TTD-K9,287-G47,,K. pelamis,N/A,N/A,S287-015-TTD-K9,Katsuwonus,pelamis,,-2.438,-169.68,SEC,SEC,S287,S287-015-TTD,12-Jul-19,1040,29.7,4.64,35.39,5323,75,1526.492,1,1526.492,44,0.0288,81,set
S287-015-TTS-K1,287-G18,,K. pelamis,5.44,4.577777778,S287-015-TTS-K1,Katsuwonus,pelamis,,-2.462,-169.68,SEC,SEC,S287,S287-015-TTS,12-Jul-19,1114,29.5,4.67,35.35,5323,34,878.243,1,878.243,123,0.1401,81,set
S287-015-TTS-K12,287-G52,,K. pelamis,4.4,2.266666667,S287-015-TTS-K12,Katsuwonus,pelamis,,-2.462,-169.68,SEC,SEC,S287,S287-015-TTS,12-Jul-19,1114,29.5,4.67,35.35,5323,34,878.243,1,878.243,123,0.1401,81,set
S287-015-TTS-K2,287-G19,GC_185,K. pelamis,4.64,2.8,S287-015-TTS-K2,Katsuwonus,pelamis,,-2.462,-169.68,SEC,SEC,S287,S287-015-TTS,12-Jul-19,1114,29.5,4.67,35.35,5323,34,878.243,1,878.243,123,0.1401,81,set
S287-015-TTS-K3,287-G20,,K. pelamis,4.76,3.066666667,S287-015-TTS-K3,Katsuwonus,pelamis,,-2.462,-169.68,SEC,SEC,S287,S287-015-TTS,12-Jul-19,1114,29.5,4.67,35.35,5323,34,878.243,1,878.243,123,0.1401,81,set
S287-015-TTS-K4,287-G49,,K. pelamis,4.65,2.822222222,S287-015-TTS-K4,Katsuwonus,pelamis,,-2.462,-169.68,SEC,SEC,S287,S287-015-TTS,12-Jul-19,1114,29.5,4.67,35.35,5323,34,878.243,1,878.243,123,0.1401,81,set
S287-015-TTS-K5,287-G50,GC_186,K. pelamis,4.45,2.377777778,S287-015-TTS-K5,Katsuwonus,pelamis,,-2.462,-169.68,SEC,SEC,S287,S287-015-TTS,12-Jul-19,1114,29.5,4.67,35.35,5323,34,878.243,1,878.243,123,0.1401,81,set
S287-015-TTS-K6,287-G23,,K. pelamis,4.27,1.977777778,S287-015-TTS-K6,Katsuwonus,pelamis,,-2.462,-169.68,SEC,SEC,S287,S287-015-TTS,12-Jul-19,1114,29.5,4.67,35.35,5323,34,878.243,1,878.243,123,0.1401,81,set
S287-015-TTS-K7,287-G51,,K. pelamis,4.33,2.111111111,S287-015-TTS-K7,Katsuwonus,pelamis,,-2.462,-169.68,SEC,SEC,S287,S287-015-TTS,12-Jul-19,1114,29.5,4.67,35.35,5323,34,878.243,1,878.243,123,0.1401,81,set
S287-015-TTS-K8,287-G26,GC_187,K. pelamis,4.34,2.133333333,S287-015-TTS-K8,Katsuwonus,pelamis,,-2.462,-169.68,SEC,SEC,S287,S287-015-TTS,12-Jul-19,1114,29.5,4.67,35.35,5323,34,878.243,1,878.243,123,0.1401,81,set
S287-015-TTS-T1,287-G24,,Thunnus,4.22,3,S287-015-TTS-T1,Thunnus,albacares,,-2.462,-169.68,SEC,SEC,S287,S287-015-TTS,12-Jul-19,1114,29.5,4.67,35.35,5323,34,878.243,1,878.243,123,0.1401,81,set
S287-016-TTD-K1,287-G5,GC_176,K. pelamis,5.22,4.088888889,S287-016-TTD-K1,Katsuwonus,pelamis,,-1.398,-169.218,SEC,SEC,S287,S287-016-TTD,12-Jul-19,2251,29.9,9.91,35.26,4940,104,531.33,1,531.33,88,-0.1656,81,risen
S287-016-TTD-K2,287-G6,GC_177,K. pelamis,5.19,4.022222222,S287-016-TTD-K2,Katsuwonus,pelamis,,-1.398,-169.218,SEC,SEC,S287,S287-016-TTD,12-Jul-19,2251,29.9,9.91,35.26,4940,104,531.33,1,531.33,88,-0.1656,81,risen
S287-016-TTD-K3,287-G7,GC_178,K. pelamis,5.59,4.911111111,S287-016-TTD-K3,Katsuwonus,pelamis,,-1.398,-169.218,SEC,SEC,S287,S287-016-TTD,12-Jul-19,2251,29.9,9.91,35.26,4940,104,531.33,1,531.33,88,-0.1656,81,risen
S287-016-TTD-K4,287-G8,GC_179,K. pelamis,5.62,4.977777778,S287-016-TTD-K4,Katsuwonus,pelamis,,-1.398,-169.218,SEC,SEC,S287,S287-016-TTD,12-Jul-19,2251,29.9,9.91,35.26,4940,104,531.33,1,531.33,88,-0.1656,81,risen
S287-016-TTD-K5,287-G9,GC_180,K. pelamis,5.92,5.644444444,S287-016-TTD-K5,Katsuwonus,pelamis,,-1.398,-169.218,SEC,SEC,S287,S287-016-TTD,12-Jul-19,2251,29.9,9.91,35.26,4940,104,531.33,1,531.33,88,-0.1656,81,risen
S287-016-TTD-K6,287-G10,GC_181,K. pelamis,5.78,5.333333333,S287-016-TTD-K6,Katsuwonus,pelamis,,-1.398,-169.218,SEC,SEC,S287,S287-016-TTD,12-Jul-19,2251,29.9,9.91,35.26,4940,104,531.33,1,531.33,88,-0.1656,81,risen
S287-016-TTD-K7,287-G11,GC_182,K. pelamis,5.66,5.066666667,S287-016-TTD-K7,Katsuwonus,pelamis,,-1.398,-169.218,SEC,SEC,S287,S287-016-TTD,12-Jul-19,2251,29.9,9.91,35.26,4940,104,531.33,1,531.33,88,-0.1656,81,risen
S287-016-TTD-U1,287-G53,GC_199,Thunnus,N/A,N/A,S287-016-TTD-U1,Thunnus,albacares,,-1.398,-169.218,SEC,SEC,S287,S287-016-TTD,12-Jul-19,2251,29.9,9.91,35.26,4940,104,531.33,1,531.33,88,-0.1656,81,risen
S287-016-TTD-U2,287-G54,,Thunnus,N/A,N/A,S287-016-TTD-U2,Thunnus,,,-1.398,-169.218,SEC,SEC,S287,S287-016-TTD,12-Jul-19,2251,29.9,9.91,35.26,4940,104,531.33,1,531.33,88,-0.1656,81,risen
S287-016-TTD-U3,287-G55,,Thunnus,N/A,N/A,S287-016-TTD-U3,Thunnus,,,-1.398,-169.218,SEC,SEC,S287,S287-016-TTD,12-Jul-19,2251,29.9,9.91,35.26,4940,104,531.33,1,531.33,88,-0.1656,81,risen
S287-016-TTD-U4,287-G56,,Thunnus,N/A,N/A,S287-016-TTD-U4,Thunnus,,,-1.398,-169.218,SEC,SEC,S287,S287-016-TTD,12-Jul-19,2251,29.9,9.91,35.26,4940,104,531.33,1,531.33,88,-0.1656,81,risen
S287-016-TTD-U5,287-G57,,Thunnus,N/A,N/A,S287-016-TTD-U5,Thunnus,,,-1.398,-169.218,SEC,SEC,S287,S287-016-TTD,12-Jul-19,2251,29.9,9.91,35.26,4940,104,531.33,1,531.33,88,-0.1656,81,risen
S287-016-TTD-U6,287-G58,,Thunnus,N/A,N/A,S287-016-TTD-U6,Thunnus,,,-1.398,-169.218,SEC,SEC,S287,S287-016-TTD,12-Jul-19,2251,29.9,9.91,35.26,4940,104,531.33,1,531.33,88,-0.1656,81,risen
S287-016-TTD-U7,,,Thunnus,N/A,N/A,S287-016-TTD-U7,Thunnus,,,-1.398,-169.218,SEC,SEC,S287,S287-016-TTD,12-Jul-19,2251,29.9,9.91,35.26,4940,104,531.33,1,531.33,88,-0.1656,81,risen
S287-016-TTS-K1,287-G33,GC_189,K. pelamis,5.84,5.466666667,S287-016-TTS-K1,Katsuwonus,pelamis,,-1.418,-169.227,SEC,SEC,S287,S287-016-TTS,12-Jul-19,2325,29.9,10.28,35.27,4940,22,2777.067,1,2777.067,196,0.0706,81,risen
S287-016-TTS-K2,287-G34,GC_190,K. pelamis,5.7,5.155555556,S287-016-TTS-K2,Katsuwonus,pelamis,,-1.418,-169.227,SEC,SEC,S287,S287-016-TTS,12-Jul-19,2325,29.9,10.28,35.27,4940,22,2777.067,1,2777.067,196,0.0706,81,risen
S287-016-TTS-K3,287-G59,GC_191,K. pelamis,4.76,3.066666667,S287-016-TTS-K3,Katsuwonus,pelamis,,-1.418,-169.227,SEC,SEC,S287,S287-016-TTS,12-Jul-19,2325,29.9,10.28,35.27,4940,22,2777.067,1,2777.067,196,0.0706,81,risen
S287-016-TTS-T1,287-G36,GC_192,Thunnus,4.97,5.027027027,S287-016-TTS-T1,Thunnus,albacares,,-1.418,-169.227,SEC,SEC,S287,S287-016-TTS,12-Jul-19,2325,29.9,10.28,35.27,4940,22,2777.067,1,2777.067,196,0.0706,81,risen
S287-016-TTS-T1-2,,,K. pelamis,5.29,4.244444444,,Katsuwonus,pelamis ,No,-1.418,-169.227,SEC,SEC,S287,S287-016-TTS,12-Jul-19,2325,29.9,10.28,35.27,4940,22,2777.067,1,2777.067,196,0.0706,81,risen
S287-016-TTS-T2,,GC_203,Thunnus,5.35,6.054054054,,Thunnus,,Yes,-1.418,-169.227,SEC,SEC,S287,S287-016-TTS,12-Jul-19,2325,29.9,10.28,35.27,4940,22,2777.067,1,2777.067,196,0.0706,81,risen
S287-016-TTS-T3,,GC_204,Thunnus,5.47,6.378378378,,Thunnus,,Yes,-1.418,-169.227,SEC,SEC,S287,S287-016-TTS,12-Jul-19,2325,29.9,10.28,35.27,4940,22,2777.067,1,2777.067,196,0.0706,81,risen
S287-016-TTS-T4,,GC_205,K. pelamis,5.31,4.288888889,,Katsuwonus,pelamis ,Yes,-1.418,-169.227,SEC,SEC,S287,S287-016-TTS,12-Jul-19,2325,29.9,10.28,35.27,4940,22,2777.067,1,2777.067,196,0.0706,81,risen
S287-016-TTS-T5,,GC_206,K. pelamis,6.2,6.266666667,,Katsuwonus,pelamis ,Yes,-1.418,-169.227,SEC,SEC,S287,S287-016-TTS,12-Jul-19,2325,29.9,10.28,35.27,4940,22,2777.067,1,2777.067,196,0.0706,81,risen
S287-017-TTS-T1,,,K. pelamis,3.95,1.266666667,,Katsuwonus,pelamis ,No,-0.627,-169.032,EUC,EUC,S287,S287-017-TTS,13-Jul-19,1136,29.9,5.63,35.1,5705,24.2,1281.6,1,1281.6,190,0.1483,89,set
S287-018-TTS-K1,287-G60,,K. pelamis,4.2,1.822222222,S287-018-TTS-K1,Katsuwonus,pelamis,,-0.08,-169.955,EUC,EUC,S287,S287-018-TTS,13-Jul-19,2333,29.7,14.43,35.09,5441,22,1337.35,1,1337.35,131,0.098,89,risen
S287-018-TTS-K2,287-G61,,K. pelamis,4.12,1.644444444,S287-018-TTS-K2,Katsuwonus,pelamis,,-0.08,-169.955,EUC,EUC,S287,S287-018-TTS,13-Jul-19,2333,29.7,14.43,35.09,5441,22,1337.35,1,1337.35,131,0.098,89,risen
S287-018-TTS-K3,287-G62,,K. pelamis,3.8,0.933333333,S287-018-TTS-K3,Katsuwonus,pelamis,,-0.08,-169.955,EUC,EUC,S287,S287-018-TTS,13-Jul-19,2333,29.7,14.43,35.09,5441,22,1337.35,1,1337.35,131,0.098,89,risen
S287-018-TTS-K4,287-G63,,K. pelamis,3.24,0,S287-018-TTS-K4,Katsuwonus,pelamis,,-0.08,-169.955,EUC,EUC,S287,S287-018-TTS,13-Jul-19,2333,29.7,14.43,35.09,5441,22,1337.35,1,1337.35,131,0.098,89,risen
S287-018-TTS-T1,,,Thunnus,3.09,0,,Thunnus,,No,-0.08,-169.955,EUC,EUC,S287,S287-018-TTS,13-Jul-19,2333,29.7,14.43,35.09,5441,22,1337.35,1,1337.35,131,0.098,89,risen
S287-019-TTS-T1,,,Auxis,2.57,N/A,,Auxis,thazard,No,0.743,-170.418,EUC,EUC,S287,S287-019-TTS,14-Jul-19,1120,29.8,7.19,35.07,5631,24.2,1173.919,1,1173.919,67,0.0571,94,set
S287-019-TTS-T2,,,Auxis,3.13,N/A,,Auxis,thazard,No,0.743,-170.418,EUC,EUC,S287,S287-019-TTS,14-Jul-19,1120,29.8,7.19,35.07,5631,24.2,1173.919,1,1173.919,67,0.0571,94,set
S287-019-TTS-T3,,,Auxis,2.84,N/A,,Auxis,thazard,No,0.743,-170.418,EUC,EUC,S287,S287-019-TTS,14-Jul-19,1120,29.8,7.19,35.07,5631,24.2,1173.919,1,1173.919,67,0.0571,94,set
S287-019-TTS-T4,,,Auxis,3.59,N/A,,Auxis,thazard,No,0.743,-170.418,EUC,EUC,S287,S287-019-TTS,14-Jul-19,1120,29.8,7.19,35.07,5631,24.2,1173.919,1,1173.919,67,0.0571,94,set
S287-020-TTS-K1,287-G64,,K. pelamis,N/A,N/A,S287-020-TTS-K1,Katsuwonus,pelamis,,0.828,-169.127,EUC,EUC,S287,S287-020-TTS,14-Jul-19,2341,29.7,20.82,35.04,5207,32.2,1528.068,1,1528.068,161,0.1054,94,risen
S287-020-TTS-K10,,,K. pelamis,N/A,N/A,S287-020-TTS-K10,Katsuwonus,pelamis,,0.828,-169.127,EUC,EUC,S287,S287-020-TTS,14-Jul-19,2341,29.7,20.82,35.04,5207,32.2,1528.068,1,1528.068,161,0.1054,94,risen
S287-020-TTS-K11,,,K. pelamis,N/A,N/A,S287-020-TTS-K11,Katsuwonus,pelamis,,0.828,-169.127,EUC,EUC,S287,S287-020-TTS,14-Jul-19,2341,29.7,20.82,35.04,5207,32.2,1528.068,1,1528.068,161,0.1054,94,risen
S287-020-TTS-K2,287-G65,,K. pelamis,N/A,N/A,S287-020-TTS-K2,Katsuwonus,pelamis,,0.828,-169.127,EUC,EUC,S287,S287-020-TTS,14-Jul-19,2341,29.7,20.82,35.04,5207,32.2,1528.068,1,1528.068,161,0.1054,94,risen
S287-020-TTS-K3,287-G66,,K. pelamis,N/A,N/A,S287-020-TTS-K3,Katsuwonus,pelamis,,0.828,-169.127,EUC,EUC,S287,S287-020-TTS,14-Jul-19,2341,29.7,20.82,35.04,5207,32.2,1528.068,1,1528.068,161,0.1054,94,risen
S287-020-TTS-K4,287-G67,,K. pelamis,N/A,N/A,S287-020-TTS-K4,Katsuwonus,pelamis,,0.828,-169.127,EUC,EUC,S287,S287-020-TTS,14-Jul-19,2341,29.7,20.82,35.04,5207,32.2,1528.068,1,1528.068,161,0.1054,94,risen
S287-020-TTS-K5,287-G68,,K. pelamis,N/A,N/A,S287-020-TTS-K5,Katsuwonus,pelamis,,0.828,-169.127,EUC,EUC,S287,S287-020-TTS,14-Jul-19,2341,29.7,20.82,35.04,5207,32.2,1528.068,1,1528.068,161,0.1054,94,risen
S287-020-TTS-K6,287-G69,,K. pelamis,N/A,N/A,S287-020-TTS-K6,Katsuwonus,pelamis,,0.828,-169.127,EUC,EUC,S287,S287-020-TTS,14-Jul-19,2341,29.7,20.82,35.04,5207,32.2,1528.068,1,1528.068,161,0.1054,94,risen
S287-020-TTS-K7,287-G70,,K. pelamis,N/A,N/A,S287-020-TTS-K7,Katsuwonus,pelamis,,0.828,-169.127,EUC,EUC,S287,S287-020-TTS,14-Jul-19,2341,29.7,20.82,35.04,5207,32.2,1528.068,1,1528.068,161,0.1054,94,risen
S287-020-TTS-K8,,,K. pelamis,N/A,N/A,S287-020-TTS-K8,Katsuwonus,pelamis,,0.828,-169.127,EUC,EUC,S287,S287-020-TTS,14-Jul-19,2341,29.7,20.82,35.04,5207,32.2,1528.068,1,1528.068,161,0.1054,94,risen
S287-020-TTS-K9,,,K. pelamis,N/A,N/A,S287-020-TTS-K9,Katsuwonus,pelamis,,0.828,-169.127,EUC,EUC,S287,S287-020-TTS,14-Jul-19,2341,29.7,20.82,35.04,5207,32.2,1528.068,1,1528.068,161,0.1054,94,risen
S287-021-TTD-K1,287-G71,GC_188,K. pelamis,4.67,2.866666667,S287-021-TTD-K1,Katsuwonus,pelamis,,0.262,-169.297,EUC,EUC,S287,S287-021-TTD,15-Jul-19,1034,29.6,7.79,35.14,5465,83,2068.289,1,2068.289,106,0.0513,98,set
S287-021-TTS-T1,,,K. pelamis,4.76,3.066666667,,Katsuwonus,pelamis ,No,0.157,-169.297,EUC,EUC,S287,S287-021-TTS,15-Jul-19,1107,29.7,7.65,35.15,5377,30.1,1393.099,1,1393.099,172.5,0.1238,98,set
S287-025-TTS-K1,287-G72,,K. pelamis,2.89,0,S287-025-TTS-K1,Katsuwonus,pelamis,,-3.093,-171.052,Enderbury,,S287,S287-025-TTS,17-Jul-19,1056,29.7,7.78,35.29,1622,35.8,1176.936,1,1176.936,47,0.0399,100,set
S287-025-TTS-K2,,,K. pelamis,N/A,N/A,S287-025-TTS-K2,Katsuwonus,pelamis,,-3.093,-171.052,Enderbury,,S287,S287-025-TTS,17-Jul-19,1056,29.7,7.78,35.29,1622,35.8,1176.936,1,1176.936,47,0.0399,100,set
S287-026-TTD-K1,287-G73,,K. pelamis,3.2,0,S287-026-TTD-K1,Katsuwonus,pelamis,,-3.102,-171.128,Enderbury,,S287,S287-026-TTD,17-Jul-19,2155,29.7,17.4,35.3,1484,122.1,1397.852,1,1397.852,71,0.0508,100,risen
S287-028-TTS-K1,287-G74,,K. pelamis,3.9,1.155555556,S287-028-TTS-K1,Katsuwonus,pelamis,,-3.008,-171.603,Kanton,,S287,S287-028-TTS,22-Jul-19,32,29.9,11.07,35.3,1194,34.5,1181.128,1,1181.128,269,0.2277,65,set
S287-028-TTS-K2,287-G75,,K. pelamis,3.6,0.488888889,S287-028-TTS-K2,Katsuwonus,pelamis,,-3.008,-171.603,Kanton,,S287,S287-028-TTS,22-Jul-19,32,29.9,11.07,35.3,1194,34.5,1181.128,1,1181.128,269,0.2277,65,set
S287-031-TTS-U1,,,Thunnus,N/A,N/A,S287-031-TTS-U1,Thunnus,,,-4.553,-172.125,Orona,,S287,S287-031-TTS,24-Jul-19,1034,29.9,5.27,35.3,1720,34,1133.282,1,1133.282,82,0.0724,56,set
S287-031-TTS-U2,,,Thunnus,N/A,N/A,S287-031-TTS-U2,Thunnus,,,-4.553,-172.125,Orona,,S287,S287-031-TTS,24-Jul-19,1034,29.9,5.27,35.3,1720,34,1133.282,1,1133.282,82,0.0724,56,set
S287-032-TTD-K1,,,K. pelamis,N/A,N/A,S287-032-TTD-K1,Katsuwonus,pelamis,,-4.558,-172.255,Orona,,S287,S287-032-TTD,27-Jul-19,1053,29.9,5.42,35.35,2065,104.7,1721.216,1,1721.216,33,0.0192,26,set
S287-034-TTD-T1,287-G13,GC_183,Thunnus,4.83,4.648648649,S287-034-TTD-T1,Thunnus,obesus,,-3.418,-173.232,PIPA,,S287,S287-034-TTD,28-Jul-19,1045,29.8,6.33,35.31,5288,93,1869.507,1,1869.507,62,0.0332,17,risen
S287-034-TTS-T1,,GC_202,K. pelamis,5.37,4.422222222,,Katsuwonus,pelamis ,Yes,-3.438,-173.24,PIPA,,S287,S287-034-TTS,28-Jul-19,1124,29.7,6.39,35.31,5289,31.4,1308.567,1,1308.567,119,0.0909,17,risen
S287-036-TTD-K1,287-G76,,K. pelamis,4.54,2.577777778,S287-036-TTD-K1,Katsuwonus,pelamis,,-1.825,-174.282,PIPA,,S287,S287-036-TTD,29-Jul-19,1041,30.3,5.43,35.14,5089,74.9,1569.64,1,1569.64,47,0.0299,,
S287-039-NT-T1,,GC_200,K. pelamis,4.72,2.977777778,,Katsuwonus,pelamis ,Yes,,,PIPA,,S287,S287-039-NT,,,,,,,,,,0,,,,
S287-039-NT-T2,,GC_201,K. pelamis,4.65,2.822222222,,Katsuwonus,pelamis ,Yes,,,PIPA,,S287,S287-039-NT,,,,,,,,,,0,,,,
S287-039-TTD-T1,,,K. pelamis,4.02,1.422222222,,Katsuwonus,pelamis ,No,-3.325,-175.148,PIPA,,S287,S287-039-TTD,30-Jul-19,2259,30,12.29,35.39,6016,103.3,1413.712,1,1413.712,73,0.0516,,
S287-039-TTD-T2,,,K. pelamis,3.62,0.533333333,,Katsuwonus,pelamis ,No,-3.325,-175.148,PIPA,,S287,S287-039-TTD,30-Jul-19,2259,30,12.29,35.39,6016,103.3,1413.712,1,1413.712,73,0.0516,,
S287-039-TTS-K1,287-G77,GC_193,K. pelamis,N/A,N/A,S287-039-TTS-K1,Katsuwonus,pelamis,,-3.342,-175.167,PIPA,,S287,S287-039-TTS,30-Jul-19,2336,30,12.37,35.37,--,21.3,1074.835,1,1074.835,106,0.0986,,
S287-039-TTS-K10,,,K. pelamis,2.98,0,S287-039-TTS-K10,Katsuwonus,pelamis,,-3.342,-175.167,PIPA,,S287,S287-039-TTS,30-Jul-19,2336,30,12.37,35.37,--,21.3,1074.835,1,1074.835,106,0.0986,,
S287-039-TTS-K11,,,K. pelamis,3.12,0,S287-039-TTS-K11,Katsuwonus,pelamis,,-3.342,-175.167,PIPA,,S287,S287-039-TTS,30-Jul-19,2336,30,12.37,35.37,--,21.3,1074.835,1,1074.835,106,0.0986,,
S287-039-TTS-K12,,,K. pelamis,N/A,N/A,S287-039-TTS-K12,Katsuwonus,pelamis,,-3.342,-175.167,PIPA,,S287,S287-039-TTS,30-Jul-19,2336,30,12.37,35.37,--,21.3,1074.835,1,1074.835,106,0.0986,,
S287-039-TTS-K13,,,K. pelamis,2.38,0,S287-039-TTS-K13,Katsuwonus,pelamis,,-3.342,-175.167,PIPA,,S287,S287-039-TTS,30-Jul-19,2336,30,12.37,35.37,--,21.3,1074.835,1,1074.835,106,0.0986,,
S287-039-TTS-K14,,,K. pelamis,2.98,0,S287-039-TTS-K14,Katsuwonus,pelamis,,-3.342,-175.167,PIPA,,S287,S287-039-TTS,30-Jul-19,2336,30,12.37,35.37,--,21.3,1074.835,1,1074.835,106,0.0986,,
S287-039-TTS-K15,,,K. pelamis,2.34,0,S287-039-TTS-K15,Katsuwonus,pelamis,,-3.342,-175.167,PIPA,,S287,S287-039-TTS,30-Jul-19,2336,30,12.37,35.37,--,21.3,1074.835,1,1074.835,106,0.0986,,
S287-039-TTS-K16,,,K. pelamis,3.43,0.111111111,S287-039-TTS-K16,Katsuwonus,pelamis,,-3.342,-175.167,PIPA,,S287,S287-039-TTS,30-Jul-19,2336,30,12.37,35.37,--,21.3,1074.835,1,1074.835,106,0.0986,,
S287-039-TTS-K17,,,K. pelamis,2.96,0,S287-039-TTS-K17,Katsuwonus,pelamis,,-3.342,-175.167,PIPA,,S287,S287-039-TTS,30-Jul-19,2336,30,12.37,35.37,--,21.3,1074.835,1,1074.835,106,0.0986,,
S287-039-TTS-K18,,,K. pelamis,3.02,0,S287-039-TTS-K18,Katsuwonus,pelamis,,-3.342,-175.167,PIPA,,S287,S287-039-TTS,30-Jul-19,2336,30,12.37,35.37,--,21.3,1074.835,1,1074.835,106,0.0986,,
S287-039-TTS-K19,,,K. pelamis,3.39,0.022222222,S287-039-TTS-K19,Katsuwonus,pelamis,,-3.342,-175.167,PIPA,,S287,S287-039-TTS,30-Jul-19,2336,30,12.37,35.37,--,21.3,1074.835,1,1074.835,106,0.0986,,
S287-039-TTS-K2,287-G78,,K. pelamis,N/A,N/A,S287-039-TTS-K2,Katsuwonus,pelamis,,-3.342,-175.167,PIPA,,S287,S287-039-TTS,30-Jul-19,2336,30,12.37,35.37,--,21.3,1074.835,1,1074.835,106,0.0986,,
S287-039-TTS-K20,,,K. pelamis,N/A,N/A,S287-039-TTS-K20,Katsuwonus,pelamis,,-3.342,-175.167,PIPA,,S287,S287-039-TTS,30-Jul-19,2336,30,12.37,35.37,--,21.3,1074.835,1,1074.835,106,0.0986,,
S287-039-TTS-K21,,,K. pelamis,N/A,N/A,S287-039-TTS-K21,Katsuwonus,pelamis,,-3.342,-175.167,PIPA,,S287,S287-039-TTS,30-Jul-19,2336,30,12.37,35.37,--,21.3,1074.835,1,1074.835,106,0.0986,,
S287-039-TTS-K22,,,K. pelamis,N/A,N/A,S287-039-TTS-K22,Katsuwonus,pelamis,,-3.342,-175.167,PIPA,,S287,S287-039-TTS,30-Jul-19,2336,30,12.37,35.37,--,21.3,1074.835,1,1074.835,106,0.0986,,
S287-039-TTS-K23,,,K. pelamis,2.81,0,S287-039-TTS-K23,Katsuwonus,pelamis,,-3.342,-175.167,PIPA,,S287,S287-039-TTS,30-Jul-19,2336,30,12.37,35.37,--,21.3,1074.835,1,1074.835,106,0.0986,,
S287-039-TTS-K24,,,K. pelamis,2.63,0,S287-039-TTS-K24,Katsuwonus,pelamis,,-3.342,-175.167,PIPA,,S287,S287-039-TTS,30-Jul-19,2336,30,12.37,35.37,--,21.3,1074.835,1,1074.835,106,0.0986,,
S287-039-TTS-K25,,,K. pelamis,N/A,N/A,S287-039-TTS-K25,Katsuwonus,pelamis,,-3.342,-175.167,PIPA,,S287,S287-039-TTS,30-Jul-19,2336,30,12.37,35.37,--,21.3,1074.835,1,1074.835,106,0.0986,,
S287-039-TTS-K26,,,K. pelamis,N/A,N/A,S287-039-TTS-K26,Katsuwonus,pelamis,,-3.342,-175.167,PIPA,,S287,S287-039-TTS,30-Jul-19,2336,30,12.37,35.37,--,21.3,1074.835,1,1074.835,106,0.0986,,
S287-039-TTS-K27,287-G86,GC_195,K. pelamis,N/A,N/A,S287-039-TTS-K27,Katsuwonus,pelamis,,-3.342,-175.167,PIPA,,S287,S287-039-TTS,30-Jul-19,2336,30,12.37,35.37,--,21.3,1074.835,1,1074.835,106,0.0986,,
S287-039-TTS-K28,287-G87,GC_196,K. pelamis,N/A,N/A,S287-039-TTS-K28,Katsuwonus,pelamis,,-3.342,-175.167,PIPA,,S287,S287-039-TTS,30-Jul-19,2336,30,12.37,35.37,--,21.3,1074.835,1,1074.835,106,0.0986,,
S287-039-TTS-K29,287-G88,GC_197,K. pelamis,N/A,N/A,S287-039-TTS-K29,Katsuwonus,pelamis,,-3.342,-175.167,PIPA,,S287,S287-039-TTS,30-Jul-19,2336,30,12.37,35.37,--,21.3,1074.835,1,1074.835,106,0.0986,,
S287-039-TTS-K3,287-G79,,K. pelamis,N/A,N/A,S287-039-TTS-K3,Katsuwonus,pelamis,,-3.342,-175.167,PIPA,,S287,S287-039-TTS,30-Jul-19,2336,30,12.37,35.37,--,21.3,1074.835,1,1074.835,106,0.0986,,
S287-039-TTS-K30,287-G89,GC_198,K. pelamis,N/A,N/A,S287-039-TTS-K30,Katsuwonus,pelamis,,-3.342,-175.167,PIPA,,S287,S287-039-TTS,30-Jul-19,2336,30,12.37,35.37,--,21.3,1074.835,1,1074.835,106,0.0986,,
S287-039-TTS-K31,287-G90,,K. pelamis,N/A,N/A,S287-039-TTS-K31,Katsuwonus,pelamis,,-3.342,-175.167,PIPA,,S287,S287-039-TTS,30-Jul-19,2336,30,12.37,35.37,--,21.3,1074.835,1,1074.835,106,0.0986,,
S287-039-TTS-K32,287-G91,,K. pelamis,N/A,N/A,S287-039-TTS-K32,Katsuwonus,pelamis,,-3.342,-175.167,PIPA,,S287,S287-039-TTS,30-Jul-19,2336,30,12.37,35.37,--,21.3,1074.835,1,1074.835,106,0.0986,,
S287-039-TTS-K4,287-G80,,K. pelamis,4.2,1.822222222,S287-039-TTS-K4,Katsuwonus,pelamis,,-3.342,-175.167,PIPA,,S287,S287-039-TTS,30-Jul-19,2336,30,12.37,35.37,--,21.3,1074.835,1,1074.835,106,0.0986,,
S287-039-TTS-K5,287-G81,,K. pelamis,3.2,0,S287-039-TTS-K5,Katsuwonus,pelamis,,-3.342,-175.167,PIPA,,S287,S287-039-TTS,30-Jul-19,2336,30,12.37,35.37,--,21.3,1074.835,1,1074.835,106,0.0986,,
S287-039-TTS-K6,287-G82,,K. pelamis,N/A,N/A,S287-039-TTS-K6,Katsuwonus,pelamis,,-3.342,-175.167,PIPA,,S287,S287-039-TTS,30-Jul-19,2336,30,12.37,35.37,--,21.3,1074.835,1,1074.835,106,0.0986,,
S287-039-TTS-K7,287-G83,,K. pelamis,3,0,S287-039-TTS-K7,Katsuwonus,pelamis,,-3.342,-175.167,PIPA,,S287,S287-039-TTS,30-Jul-19,2336,30,12.37,35.37,--,21.3,1074.835,1,1074.835,106,0.0986,,
S287-039-TTS-K8,287-G84,,K. pelamis,N/A,N/A,S287-039-TTS-K8,Katsuwonus,pelamis,,-3.342,-175.167,PIPA,,S287,S287-039-TTS,30-Jul-19,2336,30,12.37,35.37,--,21.3,1074.835,1,1074.835,106,0.0986,,
S287-039-TTS-K9,287-G85,,K. pelamis,3,0,S287-039-TTS-K9,Katsuwonus,pelamis,,-3.342,-175.167,PIPA,,S287,S287-039-TTS,30-Jul-19,2336,30,12.37,35.37,--,21.3,1074.835,1,1074.835,106,0.0986,,
S287-040-TTD-K1,287-G14,GC_184,K. pelamis,4.54,2.577777778,S287-040-TTD-K1,Katsuwonus,pelamis,,-3.953,-175.207,PIPA,,S287,S287-040-TTD,31-Jul-19,1122,30,4.8,35.38,5975,98.5,1742.549,1,1742.549,54,0.031,,
S287-040-TTD-K10,,,K. pelamis,3.37,0,S287-040-TTD-K10,Katsuwonus,pelamis,,-3.953,-175.207,PIPA,,S287,S287-040-TTD,31-Jul-19,1122,30,4.8,35.38,5975,98.5,1742.549,1,1742.549,54,0.031,,
S287-040-TTD-K11,,,K. pelamis,2.98,0,S287-040-TTD-K11,Katsuwonus,pelamis,,-3.953,-175.207,PIPA,,S287,S287-040-TTD,31-Jul-19,1122,30,4.8,35.38,5975,98.5,1742.549,1,1742.549,54,0.031,,
S287-040-TTD-K12,,,K. pelamis,2.74,0,S287-040-TTD-K12,Katsuwonus,pelamis,,-3.953,-175.207,PIPA,,S287,S287-040-TTD,31-Jul-19,1122,30,4.8,35.38,5975,98.5,1742.549,1,1742.549,54,0.031,,
S287-040-TTD-K13,,,K. pelamis,N/A,N/A,S287-040-TTD-K13,Katsuwonus,pelamis,,-3.953,-175.207,PIPA,,S287,S287-040-TTD,31-Jul-19,1122,30,4.8,35.38,5975,98.5,1742.549,1,1742.549,54,0.031,,
S287-040-TTD-K14,,,K. pelamis,N/A,N/A,S287-040-TTD-K14,Katsuwonus,pelamis,,-3.953,-175.207,PIPA,,S287,S287-040-TTD,31-Jul-19,1122,30,4.8,35.38,5975,98.5,1742.549,1,1742.549,54,0.031,,
S287-040-TTD-K15,,,K. pelamis,N/A,N/A,S287-040-TTD-K15,Katsuwonus,pelamis,,-3.953,-175.207,PIPA,,S287,S287-040-TTD,31-Jul-19,1122,30,4.8,35.38,5975,98.5,1742.549,1,1742.549,54,0.031,,
S287-040-TTD-K2,287-G92,,K. pelamis,3.99,1.355555556,S287-040-TTD-K2,Katsuwonus,pelamis,,-3.953,-175.207,PIPA,,S287,S287-040-TTD,31-Jul-19,1122,30,4.8,35.38,5975,98.5,1742.549,1,1742.549,54,0.031,,
S287-040-TTD-K3,287-G93,GC_194,K. pelamis,4.49,2.466666667,S287-040-TTD-K3,Katsuwonus,pelamis,,-3.953,-175.207,PIPA,,S287,S287-040-TTD,31-Jul-19,1122,30,4.8,35.38,5975,98.5,1742.549,1,1742.549,54,0.031,,
S287-040-TTD-K4,287-G94,,K. pelamis,3.62,0.533333333,S287-040-TTD-K4,Katsuwonus,pelamis,,-3.953,-175.207,PIPA,,S287,S287-040-TTD,31-Jul-19,1122,30,4.8,35.38,5975,98.5,1742.549,1,1742.549,54,0.031,,
S287-040-TTD-K5,287-G95,,K. pelamis,2.41,0,S287-040-TTD-K5,Katsuwonus,pelamis,,-3.953,-175.207,PIPA,,S287,S287-040-TTD,31-Jul-19,1122,30,4.8,35.38,5975,98.5,1742.549,1,1742.549,54,0.031,,
S287-040-TTD-K6,287-G96,,K. pelamis,4.12,1.644444444,S287-040-TTD-K6,Katsuwonus,pelamis,,-3.953,-175.207,PIPA,,S287,S287-040-TTD,31-Jul-19,1122,30,4.8,35.38,5975,98.5,1742.549,1,1742.549,54,0.031,,
S287-040-TTD-K7,287-G97,,K. pelamis,4.46,2.4,S287-040-TTD-K7,Katsuwonus,pelamis,,-3.953,-175.207,PIPA,,S287,S287-040-TTD,31-Jul-19,1122,30,4.8,35.38,5975,98.5,1742.549,1,1742.549,54,0.031,,
S287-040-TTD-K8,,,K. pelamis,3.27,0,S287-040-TTD-K8,Katsuwonus,pelamis,,-3.953,-175.207,PIPA,,S287,S287-040-TTD,31-Jul-19,1122,30,4.8,35.38,5975,98.5,1742.549,1,1742.549,54,0.031,,
S287-040-TTD-K9,,,K. pelamis,4.68,2.888888889,S287-040-TTD-K9,Katsuwonus,pelamis,,-3.953,-175.207,PIPA,,S287,S287-040-TTD,31-Jul-19,1122,30,4.8,35.38,5975,98.5,1742.549,1,1742.549,54,0.031,,
S287-040-TTD-T1,,,K. pelamis,4.21,1.844444444,,Katsuwonus,pelamis ,No,-3.953,-175.207,PIPA,,S287,S287-040-TTD,31-Jul-19,1122,30,4.8,35.38,5975,98.5,1742.549,1,1742.549,54,0.031,,
S287-040-TTS-K1,287-G98,,K. pelamis,3.68,0.666666667,S287-040-TTS-K1,Katsuwonus,pelamis,,-3.972,-175.208,PIPA,,S287,S287-040-TTS,31-Jul-19,1155,30.1,4.73,35.37,5971,30.7,1401.243,1,1401.243,115,0.0821,,
S287-040-TTS-K10,287-G105,,K. pelamis,N/A,N/A,S287-040-TTS-K10,Katsuwonus,pelamis,,-3.972,-175.208,PIPA,,S287,S287-040-TTS,31-Jul-19,1155,30.1,4.73,35.37,5971,30.7,1401.243,1,1401.243,115,0.0821,,
S287-040-TTS-K2,287-G99,,K. pelamis,4.82,3.2,S287-040-TTS-K2,Katsuwonus,pelamis,,-3.972,-175.208,PIPA,,S287,S287-040-TTS,31-Jul-19,1155,30.1,4.73,35.37,5971,30.7,1401.243,1,1401.243,115,0.0821,,
S287-040-TTS-K3,,,K. pelamis,4.49,2.466666667,S287-040-TTS-K3,Katsuwonus,pelamis,,-3.972,-175.208,PIPA,,S287,S287-040-TTS,31-Jul-19,1155,30.1,4.73,35.37,5971,30.7,1401.243,1,1401.243,115,0.0821,,
S287-040-TTS-K4,,,K. pelamis,N/A,N/A,S287-040-TTS-K4,Katsuwonus,pelamis,,-3.972,-175.208,PIPA,,S287,S287-040-TTS,31-Jul-19,1155,30.1,4.73,35.37,5971,30.7,1401.243,1,1401.243,115,0.0821,,
S287-040-TTS-K5,287-G100,,K. pelamis,N/A,N/A,S287-040-TTS-K5,Katsuwonus,pelamis,,-3.972,-175.208,PIPA,,S287,S287-040-TTS,31-Jul-19,1155,30.1,4.73,35.37,5971,30.7,1401.243,1,1401.243,115,0.0821,,
S287-040-TTS-K6,287-G101,,K. pelamis,N/A,N/A,S287-040-TTS-K6,Katsuwonus,pelamis,,-3.972,-175.208,PIPA,,S287,S287-040-TTS,31-Jul-19,1155,30.1,4.73,35.37,5971,30.7,1401.243,1,1401.243,115,0.0821,,
S287-040-TTS-K7,287-G102,,K. pelamis,N/A,N/A,S287-040-TTS-K7,Katsuwonus,pelamis,,-3.972,-175.208,PIPA,,S287,S287-040-TTS,31-Jul-19,1155,30.1,4.73,35.37,5971,30.7,1401.243,1,1401.243,115,0.0821,,
S287-040-TTS-K8,287-G103,,K. pelamis,N/A,N/A,S287-040-TTS-K8,Katsuwonus,pelamis,,-3.972,-175.208,PIPA,,S287,S287-040-TTS,31-Jul-19,1155,30.1,4.73,35.37,5971,30.7,1401.243,1,1401.243,115,0.0821,,
S287-040-TTS-K9,287-G104,,K. pelamis,N/A,N/A,S287-040-TTS-K9,Katsuwonus,pelamis,,-3.972,-175.208,PIPA,,S287,S287-040-TTS,31-Jul-19,1155,30.1,4.73,35.37,5971,30.7,1401.243,1,1401.243,115,0.0821,,
S287-042-TTD-K1,287-G109,,K. pelamis,3.16,0,S287-042-TTD-K1,Katsuwonus,pelamis,,-4.688,-174.6,Nikumaroro,,S287,S287-042-TTD,1-Aug-19,833,30,6.77,35.41,2983,92.9,1738.01,1,1738.01,10,0.0058,,
S287-042-TTD-K2,,,K. pelamis,2.22,0,S287-042-TTD-K2,Katsuwonus,pelamis,,-4.688,-174.6,Nikumaroro,,S287,S287-042-TTD,1-Aug-19,833,30,6.77,35.41,2983,92.9,1738.01,1,1738.01,10,0.0058,,