Jar #,Date,Cruise,Year,Time,Day or Night,LatDec,LonDec,ADCP_velo,Water Depth,Tow Depth (m),SST (°C),Chla,SSS,Moon Phase %,risen or set,Distance (km) to nearest island ,What is the nearest island?,Tow Type,Region,Current,Tow Length (m),Net Area (m2),Tow Volume (m3),Zoop Biomass (ml),Zpl Density (ml/m3),Tuna,Skipjack,Thunnus,Unidentified Thunnus,Yellowfin,Bigeye,Auxis,Putative Hybrid,Tuna Density (ml/m3),Skipjack Density,Thunnus Density,Unidentified Thunnus Density,Yellowfin Density,Bigeye Density,Auxis Density,Putative Hybrid Density,Calanoid Copepod,Ostracod,Chaetognath,Corycaeus Copepod,Cyclopoid Copepod,Copilia spp. Copepod,Cladoceran,Euphausid Shrimp,Pteropod,Sapphirina Copepod,Mysid Shrimp,Salp,Siphonophore,Foraminifera,Hyperia spp. Amphipod,Opisthobranchia,Prosobranchia Snail,Radiolarian,Alciopid Polychaete,Lucifer Shrimp,Bubble-Raft Snail,Shrimp Larvae,Pronoe spp. Amphipod,Appendicularian,Stomatapoda,Phronima spp. Amphiopod,Leptocotis spp. Amphipod,Pterotracheoidea,Mimonectes spp. Amphipod,Gastropod,Vibilia spp. Amphipod,Velella velella,Gammarid Amphiopod,True Shrimp,Zoea,Cephalopods,Bristle Worm,Tuna Crab,Unknown Worm,Porpita porpita,Schyphozoa,Isopoda,Hermit Crab,Echuiridae,Lobster,Unknown,Total Inverts,Acanthuridae,Acropomatidae,Alepisauridae,Amarsipidae,Apogonidae,Astronesthidae,Balistidae,Blenniidae,Bramidae,Bregmacerotidae,Carangidae,Ceratiidae,Ceratioid,Chaetodontidae,Chiasmodontidae,Coryphaenidae,Clupeidae,Diodontidae,Diretmidae,Echeneidae,Engraulidae,Epigonidae,Exocoetidae,Gempylidae,Gigantactinidae,Gobiidae,Gonostomatidae,Hemiramphidae,Holocentridae,Howellidae,Leptocephalus,Lethrinidae,Lutjanidae,Malacosteidae,Melanostomiidae,Mullidae,Myctophidae,Myctophiformes,Nemichthyidae,Nomeidae,Notosudidae,Oneirodidae,Ophidiidae,Paralepididae,Phosichthyidae,Pomacentridae,Scombridae,Scopelarchidae,Scorpaenidae,Serranidae,Sphyraenidae,Stomiiformes,Tetragonuridae,Xiphiidae,Unknown,Total Fish,Fish Density,Total non-tuna,non-tuna density
S261-002-NT,8-Jul-15,S261,2015,2239,Night,18.702,-159.117,0.063,N/A,0,27.8,2.35,34.48,54,set,,,Neuston,NPSTG,NPSTG,2102.1,0.5,1051.05,14,0.013320013,0,0,0,0,0,0,0,0,0,0,0,0,0,0,0,0,80,0,7,22,6,0,0,5,2,0,8,0,0,2,11,0,0,0,1,3,0,51,0,0,0,0,1,1,0,0,0,0,0,0,0,0,0,0,0,0,0,0,0,0,0,0,200,0,0,0,0,0,0,0,0,0,0,0,0,0,0,0,0,0,0,0,0,0,0,0,0,0,0,0,0,0,0,0,0,0,0,0,0,0,0,0,0,0,0,0,0,0,0,0,0,0,0,0,0,0,0,0,0,0,0,0
S261-004-NT,9-Jul-15,S261,2015,2203,Night,16.788,-159.818,0.48,N/A,0,27.6,2.58,34.51,43,set,,,Neuston,NPSTG,NPSTG,1459.7,0.5,729.85,9,0.012331301,0,0,0,0,0,0,0,0,0,0,0,0,0,0,0,0,75,5,0,28,5,0,0,13,2,5,6,0,7,2,25,0,16,0,0,6,1,0,0,0,0,0,0,3,0,0,1,0,0,0,0,0,0,0,0,0,0,0,0,0,0,0,200,0,0,0,0,0,0,0,0,0,0,0,0,0,0,0,0,0,0,0,0,0,0,0,0,0,0,0,0,0,0,0,0,0,0,0,0,0,0,0,0,0,0,0,0,0,0,0,0,0,0,0,0,0,0,0,0,0,0,0
S261-006-NT,11-Jul-15,S261,2015,2321,Night,11.37,-162.735,0.31,N/A,0,28.9,2.24,34.4,22,set,,,Neuston,NPSTG,NPSTG,2456,0.5,1228,18,0.01465798,0,0,0,0,0,0,0,0,0,0,0,0,0,0,0,0,100,47,2,11,6,0,0,2,0,0,10,2,0,0,9,0,0,0,0,0,0,9,0,0,0,0,0,0,0,0,0,0,0,0,0,0,0,0,0,0,2,0,0,0,0,0,200,0,0,0,0,0,0,0,0,0,0,0,0,0,0,0,0,0,0,0,0,0,0,0,0,0,0,0,0,0,0,0,0,0,0,0,0,0,0,0,0,0,0,0,0,0,0,0,0,0,0,0,0,0,0,0,0,0,0,0
S261-008-NT,12-Jul-15,S261,2015,2339,Night,8.842,-164.172,0.369,N/A,0,29.5,2.52,34.08,14,set,,,Neuston,NEC,NEC,2051.3,0.5,1025.65,18,0.017549846,0,0,0,0,0,0,0,0,0,0,0,0,0,0,0,0,60,1,7,27,4,0,0,29,5,0,14,0,4,0,23,0,11,0,0,0,0,7,0,0,0,0,0,0,0,0,0,0,0,0,0,0,0,0,0,0,8,0,0,0,0,0,200,0,0,0,0,0,0,0,0,0,0,0,0,0,0,0,0,0,0,0,0,0,0,0,0,0,0,0,0,0,0,0,0,0,0,0,0,0,0,0,0,0,0,0,0,0,0,0,0,0,0,0,0,0,0,0,0,0,0,0
S261-011-NT,13-Jul-15,S261,2015,2259,Night,6.498,-165.553,0.708,N/A,0,30,2.57,34.22,7,set,,,Neuston,NECC,NECC,1183,0.5,591.5,7.4,0.012510566,0,0,0,0,0,0,0,0,0,0,0,0,0,0,0,0,151,0,1,6,6,0,0,0,5,0,0,0,0,0,28,0,1,0,1,0,0,1,0,0,0,0,0,0,0,0,0,0,0,0,0,0,0,0,0,0,0,0,0,0,0,0,200,0,0,0,0,0,0,0,0,0,0,0,0,0,0,0,0,0,0,0,0,0,0,0,0,0,0,0,0,0,0,0,0,0,0,0,0,0,0,0,0,0,0,0,0,0,0,0,0,0,0,0,0,0,0,0,0,0,0,0
S261-012-TTD,14-Jul-15,S261,2015,1117,Day,5.157,-165.907,0.728,5867,87,30.2,2.32,34.31,5,risen,612.015,Kingman Reef,Deep Tucker,NECC,NECC,911.9919,1,911.9919,3.1,0.003399153,0,0,0,0,0,0,0,0,0,0,0,0,0,0,0,0,7,0,35,1,0,0,0,1,3,0,0,0,24,16,0,0,0,0,2,2,0,0,0,0,3,5,0,0,0,0,1,0,0,0,0,0,0,0,0,0,0,0,0,0,0,0,100,0,0,0,0,0,0,0,0,0,0,0,0,2,0,0,0,0,0,0,0,1,0,0,0,0,0,0,0,0,0,0,0,0,0,0,0,0,0,0,0,0,0,0,0,0,0,0,0,0,0,0,0,0,0,0,3,0.003289503,3,0.003289503
S261-014-NT,14-Jul-15,S261,2015,2322,Night,3.945,-166.117,0.829,N/A,0,30.4,3.26,34.42,3,set,,,Neuston,NECC,NECC,1887.4,0.5,943.7,17,0.018014199,0,0,0,0,0,0,0,0,0,0,0,0,0,0,0,0,137,2,31,3,12,0,0,0,0,0,0,0,0,0,0,0,9,0,0,0,0,1,0,0,0,0,0,0,0,0,0,0,0,0,0,0,0,0,0,0,5,0,0,0,0,0,200,0,0,0,0,0,0,0,0,0,0,0,0,0,0,0,0,0,0,0,0,0,0,0,0,0,0,0,0,0,0,0,0,0,0,0,0,0,0,0,0,0,0,0,0,0,0,0,0,0,0,0,0,0,0,0,0,0,0,0
S261-017-NT,15-Jul-15,S261,2015,2234,Night,1.873,-166.612,0.462,N/A,0,30.3,3.11,34.59,1,set,,,Neuston,NECC,NECC,1627.6,0.5,813.8,6,0.007372819,1,1,0,0,0,0,0,0,0.001228803,0.001228803,0,0,0,0,0,0,132,0,2,17,33,0,0,4,3,0,0,0,0,0,3,0,2,0,0,0,0,0,0,0,1,0,0,0,0,0,2,0,0,0,1,0,0,0,0,0,0,0,0,0,0,0,200,0,0,0,0,0,0,0,0,0,0,0,0,0,0,0,0,0,0,0,0,0,0,0,0,0,0,0,0,0,0,0,0,0,0,0,0,0,0,0,0,0,0,0,0,0,0,0,0,0,0,0,0,0,0,0,0,0,0,0
S261-018-NT,16-Jul-15,S261,2015,1123,Day,0.663,-167.283,0.435,5252,0,30.4,2.66,34.6,0,risen,,,Neuston,EUC,EUC,2403.1,0.5,1201.55,5.5,0.004577421,0,0,0,0,0,0,0,0,0,0,0,0,0,0,0,0,191,0,0,4,5,0,0,0,0,0,0,0,0,0,0,0,0,0,0,0,0,0,0,0,0,0,0,0,0,0,0,0,0,0,0,0,0,0,0,0,0,0,0,0,0,0,200,0,0,0,0,0,0,0,0,0,0,0,0,0,0,0,0,0,0,0,0,0,0,0,0,0,0,0,0,0,0,0,0,0,0,0,0,0,0,0,0,0,0,0,0,0,0,0,0,0,0,0,0,0,0,0,0,0,0,0
S261-018-TTD,16-Jul-15,S261,2015,114,Day,0.667,-167.283,0.435,5252,116,30.4,2.62,34.6,0,risen,947.46,Tabuaeran,Deep Tucker,EUC,EUC,2756.9886,1,2756.9886,14,0.005078004,102,101,1,1,0,0,0,0,0.036996889,0.036634174,0.000362715,0.000362715,0,0,0,0,107,0,7,33,18,0,0,14,16,0,0,0,1,0,2,0,0,0,0,0,0,0,0,0,0,0,0,1,0,0,0,0,0,0,0,0,0,0,1,0,0,0,0,0,0,0,200,0,0,0,0,0,0,0,0,0,0,0,0,0,0,0,0,0,0,0,0,22,0,0,0,0,0,0,1,0,0,0,0,0,0,0,0,0,0,0,0,0,0,0,0,0,0,102,0,0,0,0,0,0,0,0,125,0.045339324,23,0.008342436
S261-019-NT,16-Jul-15,S261,2015,2244,Night,0.013,-168.193,0.526,N/A,0,30.4,3.18,34.47,0,set,,,Neuston,EUC,EUC,2340,0.5,1170,5.8,0.004957265,0,0,0,0,0,0,0,0,0,0,0,0,0,0,0,0,96,0,13,24,14,0,0,2,5,0,0,0,0,0,15,0,31,0,0,0,0,0,0,0,0,0,0,0,0,0,0,0,0,0,0,0,0,0,0,0,0,0,0,0,0,0,200,0,0,0,0,0,0,0,0,0,0,0,0,0,0,0,0,0,0,0,0,0,0,0,0,0,0,0,0,0,0,0,0,0,0,0,0,0,0,0,0,0,0,0,0,0,0,0,0,0,0,0,0,0,0,0,0,0,0,0
S261-020-NT,17-Jul-15,S261,2015,1124,Day,-0.488,-168.913,0.669,5005,0,30.5,2.58,34.52,2,risen,,,Neuston,EUC,EUC,1509.7,0.5,754.85,23.5,0.031132013,0,0,0,0,0,0,0,0,0,0,0,0,0,0,0,0,195,0,0,1,0,0,0,0,1,1,0,0,0,1,0,0,1,0,0,0,0,0,0,0,0,0,0,0,0,0,0,0,0,0,0,0,0,0,0,0,0,0,0,0,0,0,200,0,0,0,0,0,0,0,0,0,0,0,0,0,0,0,0,0,0,0,0,0,0,0,0,0,0,0,0,0,0,0,0,0,0,0,0,0,0,0,0,0,0,0,0,0,0,0,0,0,0,0,0,0,0,0,0,0,0,0
S261-020-TTD,17-Jul-15,S261,2015,1110,Day,-0.483,-168.912,0.669,5005,76,30.5,2.62,34.52,2,risen,377.39,Enderbury,Deep Tucker,EUC,EUC,2357.8503,1,2357.8503,49,0.020781642,6,2,4,3,1,0,0,0,0.002544691,0.00084823,0.001696461,0.001272345,0.000424115,0,0,0,118,0,24,9,4,0,0,0,6,4,0,3,11,17,0,0,0,0,0,0,0,0,0,0,0,1,0,3,0,0,0,0,0,0,0,0,0,0,0,0,0,0,0,0,0,0,200,0,0,0,0,0,0,0,0,0,0,0,0,1,0,0,0,0,0,0,0,7,0,0,0,0,0,0,0,0,0,0,0,0,0,0,0,0,0,0,0,0,0,0,0,0,0,6,0,0,0,0,0,0,0,0,14,0.005937612,8,0.003392921
S261-021-NT,18-Jul-15,S261,2015,147,Night,-1.023,-169.755,0.759,5320,0,30.2,3.05,34.53,6,set,273.52,Enderbury,Neuston,EUC,EUC,2442.5,0.5,1221.25,5.5,0.004503582,0,0,0,0,0,0,0,0,0,0,0,0,0,0,0,0,120,0,1,6,5,0,0,2,13,0,0,0,0,0,0,0,47,0,0,1,0,0,0,0,0,0,0,5,0,0,0,0,0,0,0,0,0,0,0,0,0,0,0,0,0,0,200,0,0,0,0,0,0,0,0,0,0,0,0,0,0,0,0,0,0,0,0,87,0,0,0,0,0,0,0,0,0,0,0,0,0,0,0,0,0,0,0,0,0,0,0,0,0,1,0,0,0,0,0,0,0,0,88,0.072057318,88,0.072057318
S261-021-TTD,18-Jul-15,S261,2015,136,Night,-1.017,-169.757,0.759,5320,109,30.7,2.82,34.68,6,set,273.37,Enderbury,Deep Tucker,EUC,EUC,2359.6659,1,2359.6659,85,0.036022049,8,0,8,6,2,0,0,0,0.00339031,0,0.00339031,0.002542733,0.000847578,0,0,0,46,8,6,14,13,0,0,41,7,0,0,6,0,0,1,0,54,0,0,0,0,0,0,0,0,0,0,3,0,0,0,0,0,0,0,0,0,0,0,0,0,0,0,1,0,0,200,0,0,0,0,0,0,0,0,0,1,0,0,0,0,0,1,0,0,0,0,1813,0,0,0,0,0,0,0,0,0,0,0,0,0,0,0,2,0,0,0,0,0,0,8,0,0,8,0,0,0,0,0,0,0,0,1833,0.776804886,1825,0.773414575
S261-022-NT,18-Jul-15,S261,2015,1218,Day,-1.512,-170.077,0.314,5045,0,30.6,2.77,34.9,6,risen,208.62,Enderbury,Neuston,EUC,EUC,1478.5,0.5,739.25,6.5,0.008792695,0,0,0,0,0,0,0,0,0,0,0,0,0,0,0,0,189,0,4,2,2,0,0,0,0,0,0,0,2,0,0,0,1,0,0,0,0,0,0,0,0,0,0,0,0,0,0,0,0,0,0,0,0,0,0,0,0,0,0,0,0,0,200,0,0,0,0,0,0,0,0,0,0,0,0,0,0,0,0,0,0,0,0,0,0,1,0,0,0,0,6,0,0,0,0,0,0,0,0,0,0,0,0,0,0,0,0,0,0,0,0,0,0,0,0,0,0,0,7,0.009469056,7,0.009469056
S261-022-TTD,18-Jul-15,S261,2015,1210,Day,-1.51,-170.075,0.314,5045,137,30.6,2.79,34.9,6,risen,208.93,Enderbury,Deep Tucker,EUC,EUC,2433.5715,1,2433.5715,30,0.012327561,5,0,5,4,1,0,0,0,0.002054593,0,0.002054593,0.001643675,0.000410919,0,0,0,102,0,30,2,9,0,0,1,25,6,0,1,3,4,5,0,8,0,0,0,0,3,0,0,0,0,0,0,0,0,0,0,1,0,0,0,0,0,0,0,0,0,0,0,0,0,200,0,0,0,0,0,0,0,0,0,0,0,0,0,0,2,0,0,0,0,0,70,0,0,0,0,0,0,0,0,0,0,0,0,0,0,0,1,0,0,0,0,0,0,0,0,0,5,0,0,0,0,0,0,0,0,78,0.032051657,73,0.029997064
S261-023-NT,18-Jul-15,S261,2015,2313,Night,-1.83,-170.388,0.185,5245,0,30.4,7.73,34.99,6,set,160.74,Enderbury,Neuston,PIPA,,1618,0.5,809,4.5,0.005562423,4,3,1,1,0,0,0,0,0.004944376,0.003708282,0.001236094,0.001236094,0,0,0,0,98,0,21,16,4,0,0,18,3,0,0,0,17,0,5,0,12,0,0,0,0,0,0,1,1,0,0,2,0,0,0,0,0,0,1,0,0,0,0,0,0,0,0,1,0,0,200,0,0,0,0,0,0,0,0,0,0,0,0,0,0,0,0,0,0,0,0,1,0,0,0,0,0,0,0,0,0,0,0,0,0,0,0,2,0,0,0,0,0,0,0,0,0,4,0,0,0,0,0,0,0,0,7,0.008652658,3,0.003708282
S261-023-TTD,18-Jul-15,S261,2015,2251,Night,-1.825,-170.378,0.185,5245,92,30.4,7.48,35,6,set,161.72,Enderbury,Deep Tucker,PIPA,,2160.9378,1,2160.9378,101,0.046738967,28,23,5,3,2,0,0,0,0.012957337,0.010643527,0.00231381,0.001388286,0.000925524,0,0,0,35,3,6,7,0,0,0,63,17,4,7,0,0,0,0,0,56,0,0,0,0,0,0,0,1,1,0,0,0,0,0,0,0,0,0,0,0,0,0,0,0,0,0,0,0,0,200,0,0,0,0,0,0,0,0,0,0,0,0,0,0,0,0,0,0,0,0,24,0,0,0,0,0,0,0,0,1,0,0,0,0,0,0,6,0,0,10,0,0,0,3,0,0,28,0,0,0,0,0,0,0,0,72,0.033318867,44,0.02036153
S261-024-NT,19-Jul-15,S261,2015,1130,Day,-2.163,-170.58,0.16,4894,0,30.4,3.84,35,11,risen,118.39,Enderbury,Neuston,PIPA,,2096,0.5,1048,4.4,0.004198473,0,0,0,0,0,0,0,0,0,0,0,0,0,0,0,0,140,0,0,14,4,0,0,2,0,1,0,4,0,0,0,0,0,0,0,0,0,0,0,0,0,0,0,0,0,0,1,0,0,0,0,0,0,0,0,0,34,0,0,0,0,0,200,0,0,0,0,0,0,0,0,0,0,0,0,0,0,0,0,0,0,0,0,0,0,0,0,0,0,0,1,0,0,0,0,0,0,0,0,0,0,0,0,0,0,0,0,0,0,0,0,0,0,0,0,0,0,0,1,0.000954198,1,0.000954198
S261-024-TTD,19-Jul-15,S261,2015,1105,Day,-2.163,-170.565,0.16,4894,107,30.4,3.67,35,11,risen,119.1,Enderbury,Deep Tucker,PIPA,,1842.3267,1,1842.3267,59,0.032024722,2,2,0,0,0,0,0,0,0.001085584,0.001085584,0,0,0,0,0,0,110,4,29,6,8,0,0,4,10,10,5,5,0,0,0,0,0,0,0,0,0,0,0,0,2,3,0,0,0,0,0,0,0,0,0,0,0,0,0,0,0,0,0,4,0,0,200,0,0,2,0,0,0,0,0,0,0,0,0,0,0,0,0,0,0,0,0,0,0,0,0,0,0,0,0,0,0,0,0,0,0,0,0,6,0,0,13,0,0,0,3,0,0,2,0,0,0,0,0,0,0,1,27,0.014655381,25,0.013569797
S261-025-NT,19-Jul-15,S261,2015,2350,Night,-2.468,-170.86,0.265,5259,0,30.3,6.99,35.9,11,set,74.56,Enderbury,Neuston,PIPA,,2587.8,0.5,1293.9,16.2,0.012520288,1,1,0,0,0,0,0,0,0.000772857,0.000772857,0,0,0,0,0,0,121,0,14,14,9,0,0,24,0,3,0,5,4,0,0,0,1,0,0,0,0,0,0,0,0,0,0,0,0,0,0,0,0,0,2,0,0,0,0,0,0,0,0,3,0,0,200,0,0,0,0,0,0,0,0,0,0,0,0,0,0,0,0,0,0,0,0,4,0,0,0,0,0,1,0,0,0,0,0,0,0,0,0,1,0,0,3,0,0,0,0,0,0,1,0,0,0,0,0,0,0,0,10,0.007728573,9,0.006955715
S261-025-TTD,19-Jul-15,S261,2015,2320,Night,-2.463,-170.845,0.265,5259,111,30.3,7.12,34.9,11,set,75.72,Enderbury,Deep Tucker,PIPA,,1741.4541,1,1741.4541,129,0.074076026,2,1,1,1,0,0,0,0,0.001148466,0.000574233,0.000574233,0.000574233,0,0,0,0,90,6,16,9,6,0,0,46,1,2,1,2,6,0,0,0,10,0,0,0,0,0,0,0,1,3,0,0,0,0,0,0,1,0,0,0,0,0,0,0,0,0,0,0,0,0,200,0,0,0,0,0,0,0,0,0,0,0,0,0,0,0,0,0,0,0,0,8,0,0,0,0,0,0,0,0,0,0,0,0,0,0,0,9,0,0,10,0,0,0,3,0,0,2,0,0,0,0,0,0,0,0,32,0.018375448,30,0.017226983
S261-026-NT,20-Jul-15,S261,2015,1136,Day,-3.12,-171.147,0.11,2284,0,30.3,4.06,35,18,risen,6.15,Enderbury,Neuston,Enderbury,,2186,0.5,1093,7.2,0.006587374,0,0,0,0,0,0,0,0,0,0,0,0,0,0,0,0,118,0,0,3,0,0,0,0,3,0,0,0,3,71,0,0,0,0,0,0,0,0,0,0,0,0,0,0,0,0,0,0,0,0,2,0,0,0,0,0,0,0,0,0,0,0,200,0,0,0,0,0,0,0,0,0,0,0,0,0,0,0,0,0,0,0,0,0,0,0,0,0,0,0,1,1,0,0,0,0,0,0,0,0,0,0,0,0,0,0,0,0,0,0,0,0,0,0,0,0,0,0,2,0.001829826,2,0.001829826
S261-026-TTD,20-Jul-15,S261,2015,1120,Day,-3.115,-171.138,0.11,2284,99,30.3,3.75,35,18,risen,5.118,Enderbury,Deep Tucker,Enderbury,,940.6944,1,940.6944,59,0.062719625,3,1,2,1,1,0,0,0,0.003189133,0.001063044,0.002126089,0.001063044,0.001063044,0,0,0,122,0,26,7,6,0,0,3,10,0,1,4,0,12,2,0,0,0,0,0,0,2,0,2,0,2,0,0,0,0,0,0,0,0,0,0,0,0,0,0,1,0,0,0,0,0,200,13,0,0,0,0,0,0,0,0,0,0,0,1,0,1,0,0,0,0,0,9,0,0,4,0,0,0,0,4,0,1,0,0,0,0,0,26,0,0,10,0,0,0,0,0,0,3,0,0,1,0,0,0,0,1,74,0.078665292,71,0.075476159
S261-028-NT,20-Jul-15,S261,2015,2310,Night,-3.015,-171.393,0.12,1308,0,30.3,4.56,34.93,18,set,29.57,Kanton,Neuston,Seamount 1,,1993.6,0.5,996.8,13,0.013041734,0,0,0,0,0,0,0,0,0,0,0,0,0,0,0,0,118,0,7,27,1,0,0,1,4,0,2,0,0,11,19,0,3,0,0,0,0,2,0,0,0,0,0,0,0,0,0,0,0,0,5,0,0,0,0,0,0,0,0,0,0,0,200,2,0,0,0,0,0,0,0,0,0,0,0,0,0,0,0,0,0,0,0,0,0,0,0,0,0,0,0,10,0,0,0,0,0,0,0,0,0,0,0,0,0,0,0,0,1,0,0,0,0,0,0,0,0,0,13,0.013041734,13,0.013041734
S261-028-TTD,20-Jul-15,S261,2015,2248,Night,-3.008,-171.383,0.12,1308,84,30.2,4.56,34.91,18,set,30.14,Kanton,Deep Tucker,Seamount 1,,2237.5935,1,2237.5935,64,0.028602157,2,1,1,1,0,0,0,0,0.000893817,0.000446909,0.000446909,0.000446909,0,0,0,0,72,11,16,12,3,0,0,21,16,1,0,4,0,20,1,0,16,0,0,0,0,1,0,1,2,2,0,0,0,0,0,0,0,0,0,0,0,0,0,0,1,0,0,0,0,0,200,11,0,0,0,0,0,0,0,0,0,0,0,0,4,3,0,0,0,0,0,14,0,0,1,0,0,0,0,49,1,0,1,0,0,1,0,28,0,0,6,0,0,0,2,0,0,2,0,0,1,0,0,0,0,7,131,0.05854504,129,0.057651222
S261-029-NT,25-Jul-15,S261,2015,1103,Day,-2.85,-171.745,0.217,1665,0,30.6,2.58,34.89,63,set,4.59,Kanton,Neuston,PIPA,,1833.5,0.5,916.75,9.5,0.010362694,0,0,0,0,0,0,0,0,0,0,0,0,0,0,0,0,118.5,0,0,4,1,0,0,1.5,0.5,1.5,1,4,15,0,0.5,0,1.5,0,0,0,0,0,0,0,0,0,0,0,0,0,0,0,0,0,0,0,0,0,0,0,1,0,0,0,0,0,150,0,0,0,0,0,0,0,0,0,0,0,0,0,0,0,0,0,0,0,0,0,0,1,0,0,0,0,0,0,0,0,0,0,0,0,0,0,0,0,0,0,0,0,0,0,0,0,0,0,0,0,0,0,0,0,1,0.00109081,1,0.00109081
S261-029-TTD,25-Jul-15,S261,2015,1044,Day,-2.84,-171.742,0.217,1665,97,30.5,2.64,34.88,63,set,3.77,Kanton,Deep Tucker,PIPA,,2145.0246,1,2145.0246,19,0.008857707,4,3,1,0,1,0,0,0,0.00186478,0.001398585,0.000466195,0,0.000466195,0,0,0,N/A,N/A,N/A,N/A,N/A,N/A,N/A,N/A,N/A,N/A,N/A,N/A,N/A,N/A,N/A,N/A,N/A,N/A,N/A,N/A,N/A,N/A,N/A,N/A,N/A,N/A,N/A,N/A,N/A,N/A,N/A,N/A,N/A,N/A,N/A,N/A,N/A,N/A,N/A,N/A,N/A,N/A,N/A,N/A,N/A,N/A,N/A,0,0,0,0,0,0,0,0,0,0,0,0,2,0,1,1,0,0,0,0,1,0,0,0,0,0,0,0,1,1,0,0,0,0,0,0,2,0,0,0,0,0,0,0,0,0,4,0,0,0,1,0,0,0,0,14,0.006526732,10,0.004661951
S261-031-NT ,25-Jul-15,S261,2015,2321,Night,-3.382,-171.657,0.378,5296,0,30.4,3.84,34.9,63,risen,26.68,Birnie,Neuston,PIPA,,2337.3,0.5,1168.65,17,0.014546699,1,1,0,0,0,0,0,0,0.000855688,0.000855688,0,0,0,0,0,0,59,0,7,18,15,0,0,0,15,2,0,18,1,17,6,0,10,0,0,0,0,0,0,0,0,0,0,4,0,0,3,0,0,0,25,0,0,0,0,0,0,0,0,0,0,0,200,8,0,0,0,0,0,0,0,0,0,0,0,3,0,0,0,0,0,0,0,11,0,0,1,0,0,0,1,0,0,2,0,1,0,0,0,8,0,0,7,0,0,0,0,0,0,1,0,0,0,0,0,0,0,0,43,0.036794592,42,0.035938904
S261-031-TTD,25-Jul-15,S261,2015,2244,Night,-3.363,-171.655,0.378,5296,110,30.4,3.66,34.9,63,risen,,,Deep Tucker,PIPA,,2403.0801,1,2403.0801,93,0.038700333,0,0,0,0,0,0,0,0,0,0,0,0,0,0,0,0,75,3,18,20,3,0,0,30,2,0,0,0,0,41,0,0,5,0,1,0,0,0,0,0,0,1,1,0,0,0,0,0,0,0,0,0,0,0,0,0,0,0,0,0,0,0,200,0,0,0,0,0,0,0,0,0,0,0,0,0,0,0,0,0,0,0,0,0,0,0,0,0,0,0,0,0,0,0,0,0,0,0,0,0,0,0,0,0,0,0,0,0,0,0,0,0,0,0,0,0,0,0,0,0,0,0
S261-032-NT,26-Jul-15,S261,2015,1137,Day,-4.01,-171.905,0.241,5569,0,30.3,3.32,35,72,set,,,Neuston,PIPA,,2675.5,0.5,1337.75,5.1,0.003812372,0,0,0,0,0,0,0,0,0,0,0,0,0,0,0,0,182,0,0,1,3,0,0,0,3,0,0,0,3,6,0,0,1,0,0,1,0,0,0,0,0,0,0,0,0,0,0,0,0,0,0,0,0,0,0,0,0,0,0,0,0,0,200,0,0,0,0,0,0,0,0,0,0,0,0,0,0,0,0,0,0,0,0,0,0,0,0,0,0,0,0,0,0,0,0,0,0,0,0,0,0,0,0,0,0,0,0,0,0,0,0,0,0,0,0,0,0,0,0,0,0,0
S261-032-TTD,26-Jul-15,S261,2015,1116,Day,-4.002,-171.915,0.241,5569,90,30.3,3.32,35.01,72,set,59.86,Orona,Deep Tucker,PIPA,,2931.4464,1,2931.4464,35,0.011939499,0,0,0,0,0,0,0,0,0,0,0,0,0,0,0,0,N/A,N/A,N/A,N/A,N/A,N/A,N/A,N/A,N/A,N/A,N/A,N/A,N/A,N/A,N/A,N/A,N/A,N/A,N/A,N/A,N/A,N/A,N/A,N/A,N/A,N/A,N/A,N/A,N/A,N/A,N/A,N/A,N/A,N/A,N/A,N/A,N/A,N/A,N/A,N/A,N/A,N/A,N/A,N/A,N/A,N/A,N/A,0,0,0,0,0,0,0,0,0,0,2,0,0,0,0,0,0,0,0,0,11,0,0,0,0,0,0,0,0,0,0,0,0,0,0,0,3,0,0,1,0,0,0,0,0,0,0,0,0,0,0,0,0,0,0,17,0.005799185,17,0.005799185
S261-033-NT,26-Jul-15,S261,2015,2356,Night,-4.483,-172.063,0.28,3032,0,31.2,11.82,35.51,72,risen,,,Neuston,Orona,,2824.4,0.5,1412.2,348,0.246424019,0,0,0,0,0,0,0,0,0,0,0,0,0,0,0,0,7,0,0,0,0,0,0,1,0,1,1,0,0,0,13,0,0,0,0,0,0,0,0,0,0,0,0,0,1,0,4,0,0,0,0,0,0,0,0,0,72,0,0,0,0,0,100,0,0,0,0,0,0,0,0,0,0,0,0,0,0,0,0,0,0,0,0,0,0,0,0,0,0,0,0,0,0,0,0,0,0,0,0,0,0,0,0,0,0,0,0,0,0,0,0,0,0,0,0,0,0,0,0,0,0,0
S261-033-TTD,26-Jul-15,S261,2015,2322,Night,-4.485,-172.078,0.28,3032,96,30.2,12.11,35.48,72,risen,6.2,Orona,Deep Tucker,Orona,,1198.9902,1,1198.9902,44,0.036697548,0,0,0,0,0,0,0,0,0,0,0,0,0,0,0,0,107,8,3,7,11,0,0,43,1,0,2,0,0,10,3,0,0,0,0,0,0,0,0,0,1,4,0,0,0,0,0,0,0,0,0,0,0,0,0,0,0,0,0,0,0,0,200,0,0,0,0,0,0,0,0,0,0,0,0,0,0,0,0,0,0,0,0,4,0,0,0,0,0,0,0,0,0,0,0,0,0,0,0,0,0,0,0,0,0,0,0,0,0,0,0,0,0,0,0,0,0,0,4,0.003336141,4,0.003336141
S261-033-TTS,26-Jul-15,S261,2015,2347,Night,-4.483,-172.068,0.28,3032,42,30.2,12.11,35.48,72,risen,7.32,Orona,Shallow Tucker,Orona,,1081.35,1,1081.35,47,0.043464188,0,0,0,0,0,0,0,0,0,0,0,0,0,0,0,0,109,3,4,9,15,0,0,37,0,0,2,6,0,4,1,0,3,0,0,0,0,5,0,0,1,1,0,0,0,0,0,0,0,0,0,0,0,0,0,0,0,0,0,0,0,0,200,0,0,0,0,0,0,0,0,0,0,0,0,0,0,0,0,0,0,0,0,7,0,0,0,0,0,0,0,0,0,0,0,0,0,0,0,0,0,0,0,0,0,0,0,0,0,0,0,0,0,0,0,0,0,0,7,0.00647339,7,0.00647339
S261-034-NT,29-Jul-15,S261,2015,1056,Day,-4.548,-172.29,0.335,1748,0,30.3,4.26,35.36,95,set,7.84,Orona ,Neuston,PIPA,,2423.9,0.5,1211.95,3210,2.648624118,0,0,0,0,0,0,0,0,0,0,0,0,0,0,0,0,N/A,N/A,N/A,N/A,N/A,N/A,N/A,N/A,N/A,N/A,N/A,N/A,N/A,N/A,N/A,N/A,N/A,N/A,N/A,N/A,N/A,N/A,N/A,N/A,N/A,N/A,N/A,N/A,N/A,N/A,N/A,N/A,N/A,N/A,N/A,N/A,N/A,N/A,N/A,N/A,N/A,N/A,N/A,N/A,N/A,N/A,N/A,0,0,0,0,0,0,0,0,0,0,0,0,1,0,0,0,0,0,0,0,1,0,0,0,0,0,0,0,0,0,0,0,0,0,0,0,0,0,0,0,0,0,0,0,0,0,0,0,0,0,0,0,0,0,0,2,0.001650233,2,0.001650233
S261-034-TTD,29-Jul-15,S261,2015,1021,Day,-4.525,-172.283,0.335,1748,84,30.3,5.39,35.28,95,set,6.42,Orona ,Deep Tucker,PIPA,,1428.4767,1,1428.4767,10.4,0.007280483,0,0,0,0,0,0,0,0,0,0,0,0,0,0,0,0,14,0,0,4,4,0,0,0,9,2,0,17,2,87,4,0,0,29,0,0,0,0,0,2,0,0,0,0,0,0,0,0,0,0,25,0,0,0,0,0,1,0,0,0,0,0,200,0,0,0,0,0,0,0,0,0,0,0,0,0,0,0,0,0,0,0,0,9,0,0,0,0,0,0,0,0,0,0,0,0,0,0,0,0,0,0,0,0,0,0,0,0,0,0,0,0,0,0,0,0,0,0,9,0.006300418,9,0.006300418
S261-034-TTS,29-Jul-15,S261,2015,1046,Day,-4.54,-172.29,0.335,1748,36,30.3,5.39,35.28,95,set,7.52,Orona ,Shallow Tucker,PIPA,,1112.2419,1,1112.2419,20,0.0179817,0,0,0,0,0,0,0,0,0,0,0,0,0,0,0,0,21,14,0,0,1,0,0,0,7,0,0,0,4,0,3,0,1,0,0,0,0,3,0,0,1,0,0,0,0,0,0,0,0,0,45,0,0,0,0,0,0,0,0,0,0,0,100,0,0,0,0,0,0,0,0,0,0,0,0,0,0,0,0,0,0,0,0,13,0,0,0,0,0,0,0,0,0,0,0,0,0,0,0,0,0,0,0,0,0,0,0,0,0,0,0,0,0,0,0,0,0,0,13,0.011688105,13,0.011688105
S261-035-NT,29-Jul-15,S261,2015,2236,Night,-3.855,-172.848,0.056,4660,0,30.5,4.52,34.9,95,risen,100.53,Orona,Neuston,PIPA,,2226.1,0.5,1113.05,9.5,0.008535106,0,0,0,0,0,0,0,0,0,0,0,0,0,0,0,0,48,7,1,48,5,0,0,3,17,3,3,0,2,0,5,0,45,0,0,0,0,4,0,0,0,0,0,2,0,0,4,0,0,0,1,0,0,0,0,0,1,0,0,1,0,0,200,0,0,0,0,0,0,0,0,0,0,0,0,0,0,0,0,0,0,0,0,0,0,0,0,0,0,0,0,0,0,0,0,0,0,0,0,0,0,0,0,0,0,0,0,0,0,0,0,0,0,0,0,0,0,0,0,0,0,0
S261-035-TTD,29-Jul-15,S261,2015,2205,Night,-3.505,-172.845,0.056,4660,83,30.5,4.49,34.9,95,risen,131.02,Orona,Deep Tucker,PIPA,,1151.4108,1,1151.4108,30,0.026054993,1,0,1,1,0,0,0,0,0.0008685,0,0.0008685,0.0008685,0,0,0,0,68,4,6,18,5,0,0,62,11,0,4,0,0,0,0,0,14,0,0,1,0,0,0,0,0,3,0,0,0,0,0,0,0,0,0,0,0,0,0,0,0,0,0,4,0,0,200,0,0,0,0,0,0,0,0,0,0,1,0,0,0,1,0,0,0,0,0,11,0,0,0,1,0,0,0,0,0,0,0,0,0,0,0,0,0,0,0,0,0,0,0,0,0,1,0,0,0,0,0,0,0,0,15,0.013027496,14,0.012158997
S261-035-TTS,29-Jul-15,S261,2015,2229,Night,-3.852,-172.847,0.056,4660,40,30.5,4.49,34.9,95,risen,100.64,Orona,Shallow Tucker,PIPA,,1034.3046,1,1034.3046,50,0.048341659,1,1,0,0,0,0,0,0,0.000966833,0.000966833,0,0,0,0,0,0,56,5,3,22,2,0,0,33,11,0,0,0,4,0,0,0,63,0,1,0,0,0,0,0,0,0,0,0,0,0,0,0,0,0,0,0,0,0,0,0,0,0,0,0,0,0,200,0,0,0,0,0,0,0,0,0,0,0,0,0,0,0,0,0,0,0,0,22,0,0,1,0,0,0,0,0,0,0,0,0,0,0,0,0,0,0,0,0,0,0,0,0,0,1,0,0,0,0,0,0,0,0,24,0.023203996,23,0.022237163
S261-036-NT,30-Jul-15,S261,2015,1145,Day,-3.132,-173.463,0.128,5421,0,30.7,2.58,34.73,99,set,,,Neuston,PIPA,,2122.9,0.5,1061.45,1.8,0.001695793,0,0,0,0,0,0,0,0,0,0,0,0,0,0,0,0,93,0,0,1,4,0,0,0,0,0,0,0,2,0,0,0,0,0,0,0,0,0,0,0,0,0,0,0,0,0,0,0,0,0,0,0,0,0,0,0,0,0,0,0,0,0,100,0,0,0,0,0,0,0,0,0,0,0,0,0,0,0,0,0,0,0,0,0,0,0,0,0,0,0,0,0,0,0,0,0,0,0,0,0,0,0,0,0,0,0,0,0,0,0,0,0,0,0,0,0,0,0,0,0,0,0
S261-036-TTD,30-Jul-15,S261,2015,1132,Day,-3.127,-173.46,0.128,5421,94,30.6,2.57,34.72,99,set,89.69,McKean,Deep Tucker,PIPA,,1245.288,1,1245.288,9,0.007227244,0,0,0,0,0,0,0,0,0,0,0,0,0,0,0,0,5,0,12,12,1,0,0,0,44,1,0,12,0,110,0,0,0,0,0,0,0,0,0,0,0,2,0,0,0,0,0,0,0,0,0,0,0,0,0,0,1,0,0,0,0,0,200,0,0,0,0,0,0,0,0,0,0,0,0,0,0,0,0,0,0,0,0,0,0,0,0,0,0,0,0,0,0,0,0,0,0,0,0,0,0,0,0,0,0,0,0,0,0,0,0,0,0,0,0,0,0,0,0,0,0,0
S261-036-TTS,30-Jul-15,S261,2015,1155,Day,-3.14,-173.468,0.128,5421,39,30.6,2.57,34.72,99,set,88.14,McKean,Shallow Tucker,PIPA,,1207.7211,1,1207.7211,11,0.009108063,0,0,0,0,0,0,0,0,0,0,0,0,0,0,0,0,0,0,2,0,0,0,0,0,51,0,0,2,0,145,0,0,0,0,0,0,0,0,0,0,0,0,0,0,0,0,0,0,0,0,0,0,0,0,0,0,0,0,0,0,0,0,200,0,0,0,0,0,0,0,0,0,0,0,0,0,0,0,0,0,0,0,0,1,0,0,0,1,0,0,0,0,0,0,0,0,0,0,0,0,0,0,0,0,0,0,0,0,0,1,0,0,0,0,0,0,0,0,3,0.002484017,3,0.002484017
S261-037-NT,30-Jul-15,S261,2015,2227,Night,-2.445,-173.985,0.355,5236,0,30.6,3.14,34.62,99,risen,127.69,McKean,Neuston,PIPA,,2661.5,0.5,1330.75,20,0.015029119,0,0,0,0,0,0,0,0,0,0,0,0,0,0,0,0,7,0,0,12,3,0,0,2,4,0,0,6,0,0,108,0,0,0,0,0,0,0,0,0,0,0,0,0,0,0,0,0,0,0,1,0,0,0,0,0,57,0,0,0,0,0,200,0,0,0,0,0,0,0,0,0,0,0,0,0,0,0,0,0,0,0,0,0,0,0,0,0,0,0,0,0,0,0,0,0,0,0,0,0,0,0,0,0,0,0,0,0,0,0,0,0,0,0,0,0,0,0,0,0,0,0
S261-037-TTD,30-Jul-15,S261,2015,2158,Night,-2.427,-173.977,0.355,5236,98.2,30.6,3.15,34.61,99,risen,129.77,McKean,Deep Tucker,PIPA,,1209.2964,1,1209.2964,29,0.023980887,0,0,0,0,0,0,0,0,0,0,0,0,0,0,0,0,51,3,1,7,5,0,0,83,1,0,0,0,0,37,2,0,10,0,0,0,0,0,0,0,0,0,0,0,0,0,0,0,0,0,0,0,0,0,0,0,0,0,0,0,0,0,200,0,0,0,0,0,0,0,0,0,0,0,0,0,0,0,0,0,0,0,0,6,0,0,0,0,0,0,0,0,0,0,0,0,0,0,0,0,0,0,0,0,0,0,0,0,0,0,0,0,0,0,0,0,0,0,6,0.004961563,6,0.004961563
S261-037-TTS,30-Jul-15,S261,2015,2224,Night,-2.443,-173.983,0.355,5236,39,30.6,3.15,34.61,99,risen,127.93,McKean,Shallow Tucker,PIPA,,1242.351,1,1242.351,45,0.036221648,0,0,0,0,0,0,0,0,0,0,0,0,0,0,0,0,56,0,0,3,8,0,0,106,0,0,0,0,0,24,2,0,0,0,0,0,0,0,0,0,0,1,0,0,0,0,0,0,0,0,0,0,0,0,0,0,0,0,0,0,0,0,200,0,0,0,0,0,0,0,0,0,0,0,0,0,0,0,0,0,0,0,0,16,0,0,0,0,0,0,0,0,0,0,0,0,0,0,0,0,0,0,0,0,0,0,0,0,0,0,0,0,0,0,0,0,0,0,16,0.012878808,16,0.012878808
S261-038-NT,31-Jul-15,S261,2015,933,Day,-2.075,-174.25,0.279,5043,0,30.6,2.6,34.6,100,set,168.28,McKean,Neuston,Winslow,,2536.4,0.5,1268.2,14.8,0.011670084,0,0,0,0,0,0,0,0,0,0,0,0,0,0,0,0,192,0,0,5,0,0,0,1,0,0,0,0,0,0,2,0,0,0,0,0,0,0,0,0,0,0,0,0,0,0,0,0,0,0,0,0,0,0,0,0,0,0,0,0,0,0,200,0,0,0,0,0,0,0,0,0,0,0,0,0,0,0,0,0,0,0,0,0,0,0,0,0,0,0,3,0,0,0,0,0,0,0,0,0,0,0,0,0,0,0,0,0,0,0,0,0,0,0,0,0,0,0,3,0.002365557,3,0.002365557
S261-038-TTD,31-Jul-15,S261,2015,905,Day,-2.057,-174.248,0.279,5043,99,30.5,2.56,34.6,100,set,170.25,McKean,Deep Tucker,Winslow,,1476.0294,1,1476.0294,12,0.008129919,0,0,0,0,0,0,0,0,0,0,0,0,0,0,0,0,9,0,7,1,0,0,0,1,10,2,0,3,18,145,1,0,1,0,0,0,0,0,0,0,0,2,0,0,0,0,0,0,0,0,0,0,0,0,0,0,0,0,0,0,0,0,200,0,0,0,0,0,0,0,0,0,0,0,0,2,0,0,0,0,0,0,0,0,0,0,0,0,0,0,0,0,0,0,0,0,0,0,0,5,0,0,1,0,0,0,0,0,0,0,0,0,0,0,0,0,0,0,8,0.005419946,8,0.005419946
S261-038-TTS,31-Jul-15,S261,2015,933,Day,-2.073,-174.248,0.279,5043,44,30.5,2.56,34.6,100,set,169.48,McKean,Shallow Tucker,Winslow,,1220.6172,1,1220.6172,13,0.01065035,0,0,0,0,0,0,0,0,0,0,0,0,0,0,0,0,7,0,6,0,0,0,0,0,13,0,0,0,13,157,3,0,0,0,0,0,0,0,0,0,0,0,0,1,0,0,0,0,0,0,0,0,0,0,0,0,0,0,0,0,0,0,200,0,0,0,0,0,0,0,0,0,0,0,0,0,0,1,0,0,0,0,0,0,0,0,0,0,0,0,0,0,0,0,0,0,0,0,0,1,0,0,0,0,0,0,0,0,0,0,0,0,0,0,0,0,0,0,2,0.001638515,2,0.001638515
S261-040-NT,31-Jul-15,S261,2015,1600,Day,-1.713,-174.343,0.26,5159,0,30.9,2.62,34.62,100,set,209.15,McKean,Neuston,Winslow,,2893.2,0.5,1446.6,16,0.011060418,0,0,0,0,0,0,0,0,0,0,0,0,0,0,0,0,176,0,8,3,3,0,0,0,5,0,0,0,0,0,2,0,0,0,0,0,0,0,0,0,0,0,0,0,0,0,0,0,0,0,0,0,0,0,0,0,3,0,0,0,0,0,200,0,0,0,0,0,0,0,0,0,0,0,0,0,0,0,0,0,0,0,0,0,0,0,0,0,0,0,0,0,0,0,0,0,0,0,0,0,0,0,0,0,0,0,0,0,0,0,0,0,0,0,0,0,0,0,0,0,0,0
S261-040-TTD,31-Jul-15,S261,2015,1550,Day,-1.707,-174.342,0.26,5159,117,30.9,2.59,34.62,100,set,209.8,McKean,Deep Tucker,Winslow,,1357.9086,1,1357.9086,18,0.013255679,0,0,0,0,0,0,0,0,0,0,0,0,0,0,0,0,80,8,25,11,1,0,0,0,9,7,0,4,7,37,3,0,0,0,0,0,0,0,0,2,0,4,0,2,0,0,0,0,0,0,0,0,0,0,0,0,0,0,0,0,0,0,200,0,0,0,0,0,0,0,0,0,0,0,0,0,0,1,0,0,0,0,0,7,0,0,0,0,0,0,0,0,0,1,0,0,0,0,0,3,0,0,0,0,0,0,0,0,0,0,0,0,0,0,0,0,0,0,12,0.008837119,12,0.008837119
S261-040-TTS,31-Jul-15,S261,2015,1616,Day,-1.723,-174.343,0.26,5159,39,30.9,2.59,34.62,100,set,208.05,McKean,Shallow Tucker,Winslow,,1146.5247,1,1146.5247,9,0.007849809,0,0,0,0,0,0,0,0,0,0,0,0,0,0,0,0,27,0,26,1,5,0,0,0,10,6,0,19,3,91,3,0,1,0,0,1,0,0,0,4,0,0,0,2,0,0,0,0,0,0,1,0,0,0,0,0,0,0,0,0,0,0,200,0,0,0,0,0,0,0,0,0,0,0,0,1,0,0,0,0,0,0,0,0,0,0,0,0,0,0,0,0,0,0,0,0,0,0,0,1,0,0,0,0,0,0,0,0,0,0,0,0,0,0,0,0,0,0,2,0.001744402,2,0.001744402
S261-042-NT,31-Jul-15,S261,2015,2252,Night,-1.447,-174.485,0.16,5229,0,30.7,2.78,34.62,100,risen,240.52,McKean,Neuston,Winslow,,2121.1,0.5,1060.55,6.9,0.006506058,0,0,0,0,0,0,0,0,0,0,0,0,0,0,0,0,88,0,4,23,15,0,0,6,0,11,0,0,5,0,41,0,4,0,0,0,0,0,0,0,0,0,0,2,0,0,0,0,0,0,1,0,0,0,0,0,0,0,0,0,0,0,200,0,0,0,0,0,0,0,0,0,0,0,0,0,0,0,0,0,0,0,0,1,0,0,0,0,0,0,0,0,0,0,0,0,0,0,0,0,0,0,0,0,0,0,0,0,0,0,0,0,0,0,0,0,0,0,1,0.000942907,1,0.000942907
S261-042-TTD,31-Jul-15,S261,2015,2215,Night,-1.44,-174.502,0.16,5229,97,30.8,2.8,34.6,100,risen,241.6,McKean,Deep Tucker,Winslow,,1169.0061,1,1169.0061,39,0.033361674,4,1,3,2,1,0,0,0,0.00342171,0.000855428,0.002566283,0.001710855,0.000855428,0,0,0,65,4,20,11,3,0,0,11,0,3,0,0,0,71,1,0,8,0,0,0,0,1,0,2,0,0,0,0,0,0,0,0,0,0,0,0,0,0,0,0,0,0,0,0,0,0,200,0,1,0,0,0,0,0,0,0,0,0,1,1,0,5,0,0,0,0,0,73,0,0,0,0,0,0,1,0,0,0,0,0,0,0,0,6,0,0,2,0,0,0,6,0,0,5,0,0,0,0,0,0,0,2,103,0.088109036,99,0.084687325
S261-042-TTS,31-Jul-15,S261,2015,2244,Night,-1.447,-174.488,0.16,5229,43,30.8,2.8,34.6,100,risen,240.57,McKean,Shallow Tucker,Winslow,,1388.7738,1,1388.7738,17.8,0.012817062,1,0,1,1,0,0,0,0,0.00072006,0,0.00072006,0.00072006,0,0,0,0,N/A,N/A,N/A,N/A,N/A,N/A,N/A,N/A,N/A,N/A,N/A,N/A,N/A,N/A,N/A,N/A,N/A,N/A,N/A,N/A,N/A,N/A,N/A,N/A,N/A,N/A,N/A,N/A,N/A,N/A,N/A,N/A,N/A,N/A,N/A,N/A,N/A,N/A,N/A,N/A,N/A,N/A,N/A,N/A,N/A,N/A,N/A,0,0,0,0,0,0,0,0,0,0,0,0,1,0,5,0,0,0,0,0,55,0,0,1,0,0,0,1,0,0,0,0,0,0,0,0,5,0,0,0,0,0,0,0,0,0,0,0,0,0,0,0,0,0,0,68,0.048964057,67,0.048243998
S261-044-NT,1-Aug-15,S261,2015,340,Night,-1.653,-174.683,0.25,4062,0,30.6,2.87,34.62,98,risen,223.19,McKean,Neuston,Winslow,,2253.8,0.5,1126.9,19,0.016860414,2,0,2,2,0,0,0,0,0.00177478,0,0.00177478,0.00177478,0,0,0,0,91,2,2,7,3,0,0,3,22,1,0,4,0,3,5,0,8,0,0,0,0,2,0,0,0,0,0,40,0,0,4,0,0,0,0,0,0,0,0,0,3,0,0,0,0,0,200,0,0,0,0,0,0,0,0,0,0,0,0,0,0,0,0,0,0,0,0,1,0,0,0,0,0,0,1,0,0,0,0,0,0,0,0,0,0,0,0,0,0,0,0,0,0,3,0,0,0,0,0,0,0,0,5,0.004436951,3,0.002662171
S261-044-TTD,1-Aug-15,S261,2015,332,Night,-1.648,-174.683,0.25,4062,100,30.6,2.89,34.61,98,risen,223.73,McKean,Deep Tucker,Winslow,,1367.8677,1,1367.8677,35,0.02558727,0,0,0,0,0,0,0,0,0,0,0,0,0,0,0,0,88,3,29,3,4,0,0,22,6,0,0,0,3,37,0,0,4,0,0,0,0,0,0,1,0,0,0,0,0,0,0,0,0,0,0,0,0,0,0,0,0,0,0,0,0,0,200,0,0,0,0,0,0,0,0,0,0,0,0,2,0,0,0,0,0,0,0,37,0,0,0,0,0,0,0,0,0,0,0,0,0,0,0,8,0,0,0,0,0,0,5,0,0,0,0,0,0,0,0,0,0,0,52,0.038015372,52,0.038015372
S261-044-TTS,1-Aug-15,S261,2015,358,Night,-1.665,-174.683,0.25,4062,40,30.6,2.89,34.61,98,risen,221.92,McKean,Shallow Tucker,Winslow,,1246.2225,1,1246.2225,27,0.021665473,0,0,0,0,0,0,0,0,0,0,0,0,0,0,0,0,68,1,18,7,11,0,0,33,2,2,0,3,2,43,0,0,6,0,0,0,0,2,0,1,2,1,0,0,0,0,0,0,0,0,0,0,0,0,0,0,0,0,0,0,0,0,202,0,0,0,0,0,0,0,0,0,0,0,0,1,0,0,0,0,0,0,0,80,0,0,0,0,0,0,0,0,0,1,0,1,0,0,0,0,0,0,0,0,0,0,0,0,0,1,0,0,0,0,0,0,0,0,84,0.067403694,84,0.067403694
S261-046-NT,1-Aug-15,S261,2015,911,Day,-1.913,-174.915,0.203,4338,0,30.6,2.62,34.62,98,set,205.41,McKean,Neuston,Winslow,,2219.1,0.5,1109.55,16,0.01442026,0,0,0,0,0,0,0,0,0,0,0,0,0,0,0,0,177,0,0,2,0,0,0,0,0,19,0,0,0,0,0,0,0,0,0,0,0,0,0,0,0,0,0,0,0,0,1,0,1,0,0,0,0,0,0,0,0,0,0,0,0,0,200,0,0,0,0,0,0,0,0,0,0,0,0,0,0,0,0,0,0,0,0,2,0,0,0,0,0,0,0,0,0,0,0,0,0,0,0,0,0,0,0,0,0,0,0,0,0,0,0,0,0,0,0,0,0,0,2,0.001802533,2,0.001802533
S261-046-TTD,1-Aug-15,S261,2015,837,Day,-1.898,-174.922,0.203,4338,99,30.6,2.75,34.62,98,set,207.23,McKean,Deep Tucker,Winslow,,1318.5795,1,1318.5795,13.1,0.009934934,0,0,0,0,0,0,0,0,0,0,0,0,0,0,0,0,63,0,20,6,5,0,0,4,8,3,3,15,0,50,11,0,0,0,0,0,0,6,0,0,0,1,0,4,0,0,1,0,0,0,0,0,0,0,0,0,0,0,0,0,0,0,200,2,0,0,0,0,0,0,0,0,0,0,0,1,0,1,0,0,0,0,0,11,0,0,0,0,0,0,0,0,0,0,0,0,0,0,0,9,0,0,1,0,0,0,4,0,0,0,0,0,0,0,0,0,0,0,29,0.021993365,29,0.021993365
S261-046-TTS,1-Aug-15,S261,2015,906,Day,-1.91,-174.915,0.203,4338,45,30.6,2.75,34.62,98,set,205.67,McKean,Shallow Tucker,Winslow,,1133.7354,1,1133.7354,9,0.00793836,0,0,0,0,0,0,0,0,0,0,0,0,0,0,0,0,7,0,38,1,0,0,0,0,27,1,0,10,0,112,0,0,3,0,0,0,0,0,0,0,1,0,0,0,0,0,0,0,0,0,0,0,0,0,0,0,0,0,0,0,0,0,200,1,0,0,0,0,0,0,0,0,0,0,0,0,0,1,0,0,0,0,0,6,0,0,0,0,0,0,0,0,0,0,0,0,0,0,0,2,0,0,0,0,0,0,0,0,0,1,0,1,0,0,0,0,0,0,12,0.01058448,12,0.01058448
S261-049-NT,1-Aug-15,S261,2015,2115,Night,-1.407,-175.015,0.072,4985,0,30.6,2.97,34.53,98,risen,261.08,McKean,Neuston,Winslow,,1908.1,0.5,954.05,10,0.010481631,0,0,0,0,0,0,0,0,0,0,0,0,0,0,0,0,124,0,0,5,23,0,0,0,3,4,0,0,0,0,31,0,4,0,0,0,0,0,0,0,0,0,0,1,0,0,0,0,1,0,0,0,0,0,0,0,4,0,0,0,0,0,200,0,0,0,0,0,0,0,0,0,0,0,0,0,0,0,0,0,0,0,0,0,0,0,0,0,0,0,0,0,0,0,0,0,0,0,0,0,0,0,0,0,0,0,0,0,0,0,0,0,0,0,0,0,0,0,0,0,0,0
S261-049-TTD,1-Aug-15,S261,2015,2108,Night,-1.412,-175.012,0.072,4985,110,30.6,2.98,34.54,98,risen,260.44,McKean,Deep Tucker,Winslow,,1217.1195,1,1217.1195,36,0.029578032,0,0,0,0,0,0,0,0,0,0,0,0,0,0,0,0,65,3,48,1,6,0,0,25,0,0,0,3,0,38,0,0,9,0,0,0,0,0,0,0,0,0,0,1,0,0,0,0,0,0,0,0,0,0,0,0,0,0,0,1,0,0,200,0,1,0,0,0,0,0,0,0,0,0,0,0,0,0,0,0,0,0,0,12,0,0,0,0,0,0,0,0,0,1,0,0,0,0,0,3,0,0,1,0,0,0,3,0,0,0,0,0,0,0,0,0,0,0,21,0.017253852,21,0.017253852
S261-049-TTS,1-Aug-15,S261,2015,2131,Night,-1.403,-175.022,0.072,4985,44,30.6,2.98,34.54,98,risen,261.78,McKean,Shallow Tucker,Winslow,,1144.6557,1,1144.6557,37,0.03232413,0,0,0,0,0,0,0,0,0,0,0,0,0,0,0,0,82,4,15,14,11,0,0,66,3,0,0,0,0,0,0,0,2,0,0,1,0,0,0,0,1,0,0,0,0,0,1,0,0,0,0,0,0,0,0,0,0,0,0,0,0,0,200,0,0,0,0,0,0,0,0,0,0,0,0,0,0,0,0,0,0,0,0,50,0,0,0,0,0,0,0,0,0,0,0,0,0,0,0,0,0,0,0,0,0,0,0,0,0,0,0,0,0,0,0,0,0,0,50,0.043681257,50,0.043681257
S261-051-NT,2-Aug-15,S261,2015,210,Night,-1.618,-175.09,0.055,3205,0,30.4,3.14,34.42,94,risen,243.21,McKean,Neuston,Winslow,,2010.6,0.5,1005.3,6.8,0.00676415,0,0,0,0,0,0,0,0,0,0,0,0,0,0,0,0,128,0,5,16,19,0,0,0,10,3,0,3,3,0,5,0,1,0,0,0,0,0,0,0,0,0,0,5,0,0,0,0,1,0,0,0,0,0,0,0,0,0,0,1,0,0,200,0,0,0,0,0,0,0,0,0,0,0,0,0,0,0,0,0,0,0,0,0,0,0,0,0,0,0,0,0,0,0,0,0,0,0,0,0,0,0,0,0,0,0,0,0,0,0,0,0,0,0,0,0,0,0,0,0,0,0
S261-051-TTD,2-Aug-15,S261,2015,138,Night,-1.632,-175.102,0.055,3205,91,30.5,3.12,34.48,94,risen,242.42,McKean,Deep Tucker,Winslow,,1560.5082,1,1560.5082,36,0.023069408,0,0,0,0,0,0,0,0,0,0,0,0,0,0,0,0,82,8,11,17,4,0,0,27,8,2,1,0,0,12,2,0,21,0,0,0,0,0,0,3,0,0,0,1,1,0,0,0,0,0,0,0,0,0,0,0,0,0,0,0,0,0,200,0,0,0,0,0,0,0,0,0,0,0,0,1,0,0,0,0,0,0,0,61,0,0,0,0,0,0,0,0,0,0,0,0,0,0,0,0,0,0,0,0,0,0,6,0,0,0,0,0,1,0,0,0,0,0,69,0.044216365,69,0.044216365
S261-051-TTS,2-Aug-15,S261,2015,205,Night,-1.62,-175.093,0.055,3205,41,30.5,3.12,34.48,94,risen,243.16,McKean,Shallow Tucker,Winslow,,1174.3194,1,1174.3194,37,0.031507612,0,0,0,0,0,0,0,0,0,0,0,0,0,0,0,0,133,0,17,8,5,0,0,17,0,1,1,0,0,7,0,0,11,0,0,0,0,0,0,0,0,0,0,0,0,0,0,0,0,0,0,0,0,0,0,0,0,0,0,0,0,0,200,0,0,0,0,0,0,0,0,0,0,0,0,2,0,0,0,0,0,0,0,91,0,0,0,0,0,0,0,0,0,0,0,0,0,0,0,2,0,0,0,0,0,0,2,0,0,0,0,0,0,0,0,0,0,0,97,0.082601037,97,0.082601037
S261-053-NT,2-Aug-15,S261,2015,812,Day,-1.878,-175.243,0.237,4689,0,30.4,3.14,34.6,94,set,226.64,McKean,Neuston,Winslow,,1886.1,0.5,943.05,36.5,0.038704204,0,0,0,0,0,0,0,0,0,0,0,0,0,0,0,0,187,0,0,0,1,0,0,2,0,0,0,0,10,0,1,0,0,0,0,0,0,0,0,0,0,0,0,0,0,0,9,0,0,0,0,0,0,0,0,0,0,0,0,0,0,0,210,0,0,0,0,0,0,0,0,0,0,0,0,0,0,0,0,0,0,0,0,0,0,0,0,0,0,0,1,0,0,0,0,0,0,0,0,0,0,0,0,0,0,0,0,0,0,0,0,0,0,0,0,0,0,0,1,0.001060389,1,0.001060389
S261-053-TTD,2-Aug-15,S261,2015,803,Day,-1.875,-175.248,0.237,4689,93,30.4,3.11,34.6,94,set,227.21,McKean,Deep Tucker,Winslow,,1426.6878,1,1426.6878,20,0.014018484,0,0,0,0,0,0,0,0,0,0,0,0,0,0,0,0,93,0,59,4,1,0,0,4,4,4,6,0,0,17,3,0,0,0,0,0,0,0,0,0,0,0,0,0,0,0,0,0,1,0,4,0,0,0,0,0,0,0,0,0,0,0,200,0,0,0,0,0,0,1,0,1,0,0,0,0,0,1,0,0,0,0,0,1,0,0,0,0,0,0,0,0,1,0,0,0,0,0,0,4,0,0,1,0,0,0,2,0,0,0,0,0,0,0,0,0,0,0,12,0.00841109,12,0.00841109
S261-053-TTS,2-Aug-15,S261,2015,829,Day,-1.88,-175.235,0.237,4689,39,30.4,3.11,34.6,94,set,225.95,McKean,Shallow Tucker,Winslow,,1217.5734,1,1217.5734,14,0.01149828,0,0,0,0,0,0,0,0,0,0,0,0,0,0,0,0,23,0,46,5,6,0,0,15,36,6,1,10,0,16,16,0,0,0,0,3,0,0,0,12,0,0,0,0,0,0,0,0,0,0,5,0,0,0,0,0,0,0,0,0,0,0,200,0,0,0,0,0,0,0,0,0,0,0,0,0,0,1,0,0,0,0,0,2,0,0,0,0,0,0,0,0,0,0,0,0,0,0,0,0,0,0,0,0,0,0,0,1,0,0,0,0,0,0,0,0,0,0,4,0.003285223,4,0.003285223
S261-054-NT,2-Aug-15,S261,2015,2253,Night,-2.267,-175.172,0.218,5440,0,30.3,3.34,34.49,94,risen,187.11,McKean,Neuston,PIPA,,1624,0.5,812,6,0.007389163,0,0,0,0,0,0,0,0,0,0,0,0,0,0,0,0,140,0,0,16,12,0,0,0,13,0,0,0,4,1,3,0,6,0,0,0,0,0,0,0,0,0,0,0,0,0,0,0,1,0,2,0,0,0,0,0,0,0,0,1,1,0,200,0,0,0,0,0,0,0,0,0,0,0,0,0,0,0,0,0,0,0,0,0,0,0,0,0,0,0,0,0,0,0,0,0,0,0,0,0,0,0,0,0,0,0,0,0,0,0,0,0,0,0,0,0,0,0,0,0,0,0
S261-054-TTD,2-Aug-15,S261,2015,2230,Night,-2.277,-175.168,0.218,5440,100,30.4,3.34,34.54,94,risen,185.94,McKean,Deep Tucker,PIPA,,N/A,1,#VALUE!,23,#VALUE!,0,0,0,0,0,0,0,0,0,0,0,0,0,0,0,0,51,6,4,20,7,0,0,16,4,0,0,0,4,57,0,0,29,0,0,0,0,0,0,0,1,0,0,1,0,0,0,0,0,0,0,0,0,0,0,0,0,0,0,0,0,0,200,2,0,0,0,0,0,0,0,0,0,0,0,0,0,0,0,0,0,0,0,0,0,0,0,0,0,0,0,0,0,0,0,0,0,0,0,0,0,0,0,0,0,0,0,0,0,0,0,0,0,0,0,0,0,0,2,#VALUE!,2,#VALUE!
S261-054-TTS,2-Aug-15,S261,2015,2230,Night,-2.263,-174.993,0.218,5440,44,30.4,3.34,34.54,94,risen,175.77,McKean,Shallow Tucker,PIPA,,N/A,1,#VALUE!,15,#VALUE!,0,0,0,0,0,0,0,0,0,0,0,0,0,0,0,0,37,3,21,24,6,0,0,17,16,0,1,0,0,16,1,0,58,0,0,0,0,0,0,0,0,0,0,0,0,0,0,0,0,0,0,0,0,0,0,0,0,0,0,0,0,0,200,0,0,0,0,0,0,0,0,0,0,0,0,0,0,0,0,0,0,0,0,0,0,0,0,0,0,0,0,0,0,0,0,0,0,0,0,0,0,0,0,0,0,0,0,0,0,0,0,0,0,0,0,0,0,1,1,#VALUE!,1,#VALUE!
S261-055-NT,3-Aug-15,S261,2015,1040,Day,-2.687,-174.998,0.19,4287,0,30.6,2.62,34.64,87,set,,,Neuston,PIPA,,2819,0.5,1409.5,4,0.002837886,0,0,0,0,0,0,0,0,0,0,0,0,0,0,0,0,N/A,N/A,N/A,N/A,N/A,N/A,N/A,N/A,N/A,N/A,N/A,N/A,N/A,N/A,N/A,N/A,N/A,N/A,N/A,N/A,N/A,N/A,N/A,N/A,N/A,N/A,N/A,N/A,N/A,N/A,N/A,N/A,N/A,N/A,N/A,N/A,N/A,N/A,N/A,N/A,N/A,N/A,N/A,N/A,N/A,N/A,N/A,0,0,0,0,0,0,0,0,0,0,0,0,0,0,0,0,0,0,0,0,0,0,0,0,0,0,0,0,0,0,0,0,0,0,0,0,0,0,0,0,0,0,0,0,0,0,0,0,0,0,0,0,0,0,0,0,0,0,0
S261-055-TTD,3-Aug-15,S261,2015,1025,Day,-2.693,-174.993,0.19,4287,90,30.6,2.7,34.63,87,set,138.48,McKean,Deep Tucker,PIPA,,1547.265,1,1547.265,12,0.00775562,0,0,0,0,0,0,0,0,0,0,0,0,0,0,0,0,2,0,0,0,0,0,0,0,8,0,0,59,0,125,0,0,0,0,0,0,0,0,0,0,0,0,0,1,0,0,0,0,0,0,0,0,0,0,0,0,4,0,0,1,0,0,200,0,0,0,0,0,0,0,0,0,0,0,0,0,0,0,0,0,0,0,0,0,0,0,0,0,0,0,0,0,0,0,0,0,0,0,0,0,0,0,0,0,0,0,0,0,0,0,0,0,0,0,0,0,0,0,0,0,0,0
S261-055-TTS,3-Aug-15,S261,2015,1052,Day,-2.678,-175,0.19,4287,40,30.6,2.7,34.63,87,set,140.21,McKean,Shallow Tucker,PIPA,,1246.4895,1,1246.4895,18,0.014440555,0,0,0,0,0,0,0,0,0,0,0,0,0,0,0,0,2,0,1,0,0,0,0,0,5,4,1,27,0,156,2,0,0,0,1,0,0,0,0,0,0,1,0,0,0,0,0,0,0,0,0,0,0,0,0,0,0,0,0,0,0,0,200,0,0,0,0,0,0,0,0,0,0,0,0,0,0,0,0,0,0,0,0,0,0,0,0,0,0,0,0,0,0,0,0,0,0,0,0,0,0,0,0,0,0,0,0,0,0,0,0,0,0,0,0,0,0,0,0,0,0,0
S261-056-NT,3-Aug-15,S261,2015,2310,Night,-2.932,-174.862,0.13,5820,0,30.6,3.5,34.6,87,risen,,,Neuston,PIPA,,2021.6,0.5,1010.8,4,0.003957262,0,0,0,0,0,0,0,0,0,0,0,0,0,0,0,0,28,4,0,14,10,0,0,0,6,0,0,0,12,0,9,0,8,0,0,0,0,0,0,0,0,0,0,1,0,0,0,0,8,0,0,0,0,0,0,0,0,0,0,0,0,0,100,0,0,0,0,0,0,0,0,0,0,0,0,0,0,0,0,0,0,0,0,0,0,0,0,0,0,0,0,0,0,0,0,0,0,0,0,0,0,0,0,0,0,0,0,0,0,0,0,0,0,0,0,0,0,0,0,0,0,0
S261-056-TTD,3-Aug-15,S261,2015,2238,Night,-2.928,-174.845,0.13,5820,106,30.6,3.48,34.62,87,risen,108.55,McKean,Deep Tucker,PIPA,,1224.195,1,1224.195,14,0.011436087,0,0,0,0,0,0,0,0,0,0,0,0,0,0,0,0,107,6,16,12,3,0,0,10,3,0,0,0,12,8,4,0,17,0,0,0,0,0,0,0,0,1,0,1,0,0,0,0,0,0,0,0,0,0,0,0,0,0,0,0,0,0,200,1,0,0,0,0,0,0,0,0,0,0,0,0,0,0,0,0,0,0,0,0,0,0,0,0,0,0,0,0,0,0,0,0,0,0,0,0,0,0,0,0,0,0,0,0,0,0,0,0,0,0,0,0,0,0,1,0.000816863,1,0.000816863
S261-056-TTS,3-Aug-15,S261,2015,2307,Night,-2.932,-174.86,0.13,5820,42,30.6,3.48,34.62,87,risen,109.48,McKean,Shallow Tucker,PIPA,,1323.0651,1,1323.0651,37,0.027965366,1,0,1,1,0,0,0,0,0.000755821,0,0.000755821,0.000755821,0,0,0,0,86,7,12,1,3,0,0,9,27,0,0,0,7,0,0,0,48,0,0,0,0,0,0,0,0,0,0,0,0,0,0,0,0,0,0,0,0,0,0,0,0,0,0,0,0,0,200,0,0,0,0,0,0,0,0,0,0,0,0,0,0,0,0,0,0,0,0,1,0,0,0,0,0,0,0,0,0,0,0,0,0,0,0,0,0,0,0,0,0,0,0,0,0,1,0,0,0,0,0,0,0,0,2,0.001511641,1,0.000755821
S261-057-NT,4-Aug-15,S261,2015,1117,Day,-3.41,-174.667,0.117,3326,0,30.6,2.85,34.81,78,set,63.39,McKean,Neuston,PIPA,,2242.6,0.5,1121.3,3,0.002675466,0,0,0,0,0,0,0,0,0,0,0,0,0,0,0,0,93,0,0,1,1,0,0,0,1,0,0,1,3,0,0,0,0,0,0,0,0,0,0,0,0,0,0,0,0,0,0,0,0,0,0,0,0,0,0,0,0,0,0,0,0,0,100,0,0,0,0,0,0,0,0,0,0,0,0,0,0,0,0,0,0,0,0,0,0,0,0,0,0,0,0,0,0,0,0,0,0,0,0,0,0,0,0,0,0,0,0,0,0,0,0,0,0,0,0,0,0,0,0,0,0,0
S261-057-TTD,4-Aug-15,S261,2015,1043,Day,-3.405,-174.647,0.117,3326,101,30.6,3.06,34.82,78,set,61.45,McKean,Deep Tucker,PIPA,,1375.1301,1,1375.1301,28,0.02036171,1,1,0,0,0,0,0,0,0.000727204,0.000727204,0,0,0,0,0,0,N/A,N/A,N/A,N/A,N/A,N/A,N/A,N/A,N/A,N/A,N/A,N/A,N/A,N/A,N/A,N/A,N/A,N/A,N/A,N/A,N/A,N/A,N/A,N/A,N/A,N/A,N/A,N/A,N/A,N/A,N/A,N/A,N/A,N/A,N/A,N/A,N/A,N/A,N/A,N/A,N/A,N/A,N/A,N/A,N/A,N/A,N/A,0,0,1,0,0,0,0,0,1,0,0,0,0,0,0,0,0,0,0,0,0,0,0,0,0,0,0,0,0,0,0,0,0,0,0,0,0,0,0,0,0,0,0,0,0,0,1,0,0,0,0,0,0,0,0,3,0.002181612,2,0.001454408
S261-057-TTS,4-Aug-15,S261,2015,1111,Day,-3.41,-174.663,0.117,3326,55,30.6,3.06,34.82,78,set,,,Shallow Tucker,PIPA,,1258.6113,1,1258.6113,14,0.011123371,0,0,0,0,0,0,0,0,0,0,0,0,0,0,0,0,12,0,14,5,0,0,0,0,14,2,0,3,0,0,2,0,1,0,0,0,0,0,0,21,0,0,0,0,0,0,0,0,0,0,0,0,0,0,0,0,26,0,0,0,0,0,100,0,0,0,0,0,0,0,0,0,0,0,0,0,0,0,0,0,0,0,0,0,0,0,0,0,0,0,0,0,0,0,0,0,0,0,0,0,0,0,0,0,0,0,0,0,0,0,0,0,0,0,0,0,0,0,0,0,0,0
S261-059-NT,4-Aug-15,S261,2015,1500,Day,-3.427,-174.822,0.101,3796,0,30.7,2.98,34.84,78,set,79.42,McKean,Neuston,PIPA,,703.8,0.5,351.9,1,0.002841716,0,0,0,0,0,0,0,0,0,0,0,0,0,0,0,0,89,0,1,0,0,0,0,0,1,0,0,0,8,0,1,0,0,0,0,0,0,0,0,0,0,0,0,0,0,0,0,0,0,0,0,0,0,0,0,0,0,0,0,0,0,0,100,0,0,0,0,0,0,0,0,0,0,0,0,0,0,0,0,0,0,0,0,0,0,0,0,0,0,0,0,0,0,0,0,0,0,0,0,0,0,0,0,0,0,0,0,0,0,0,0,0,0,0,0,0,0,0,0,0,0,0
S261-059-TTD,4-Aug-15,S261,2015,1448,Day,-3.427,-174.813,0.101,3796,105,30.7,2.89,34.85,78,set,78.44,McKean,Deep Tucker,PIPA,,1587.6888,1,1587.6888,14,0.008817849,0,0,0,0,0,0,0,0,0,0,0,0,0,0,0,0,2,2,3,0,0,0,0,0,22,0,0,59,7,0,1,0,0,0,0,0,0,0,0,0,0,0,0,4,0,0,0,0,0,0,0,0,0,0,0,0,0,0,0,0,0,0,100,0,0,0,0,0,0,0,0,0,0,0,0,0,0,0,0,0,0,0,0,0,0,0,0,0,0,0,0,0,0,0,0,0,0,0,0,0,0,0,0,0,0,0,0,0,0,0,0,0,0,0,0,0,0,0,0,0,0,0
S261-059-TTS,4-Aug-15,S261,2015,1517,Day,-3.427,-174.832,0.101,3796,45,30.7,2.89,34.85,78,set,80.49,McKean,Shallow Tucker,PIPA,,1292.013,1,1292.013,16,0.012383776,0,0,0,0,0,0,0,0,0,0,0,0,0,0,0,0,4,0,7,0,0,0,0,1,34,0,0,7,40,4,0,0,0,0,0,0,0,0,0,0,0,1,1,1,0,0,0,0,0,0,0,0,0,0,0,0,0,0,0,0,0,0,100,0,0,0,0,0,0,0,0,0,0,0,0,0,0,0,0,0,0,0,0,0,0,0,0,0,0,0,0,0,0,0,0,0,0,0,0,0,0,0,0,0,0,0,0,0,0,0,0,0,0,0,0,0,0,0,0,0,0,0
S261-061-NT ,5-Aug-15,S261,2015,1121,Day,-4.702,-174.56,0.192,2765,0,30.1,5.22,35,68,set,3.57,Nikumaroro,Neuston,PIPA,,1436.1,0.5,718.05,14.1,0.019636516,0,0,0,0,0,0,0,0,0,0,0,0,0,0,0,0,142,0,0,3,12,0,0,2,8,0,1,0,0,0,4,0,0,0,0,1,0,0,0,0,0,0,0,0,0,0,1,0,0,0,26,0,0,0,0,0,0,0,0,0,0,0,200,0,0,0,0,0,0,0,0,0,0,0,0,0,0,0,0,0,0,0,0,4,0,0,0,0,0,0,0,0,0,0,0,0,0,0,0,0,0,0,0,0,0,0,0,0,0,0,0,0,0,0,0,0,0,0,4,0.005570643,4,0.005570643
S261-061-TTD,5-Aug-15,S261,2015,1115,Day,-4.698,-174.562,0.192,2765,109,30.2,5.05,35,68,set,3.45,Nikumaroro,Deep Tucker,Nikumaroro,,1377.6399,1,1377.6399,21,0.015243461,0,0,0,0,0,0,0,0,0,0,0,0,0,0,0,0,96,9,11,4,2,0,0,3,54,0,0,16,0,0,4,0,0,0,0,0,0,0,0,0,0,0,0,0,0,0,1,0,0,0,0,0,0,0,0,0,0,0,0,0,0,0,200,0,0,0,0,0,0,0,0,0,0,0,0,0,0,0,0,0,0,0,0,4,0,0,0,0,0,0,0,0,0,0,0,0,0,0,0,0,1,0,0,0,0,0,4,0,0,0,0,0,0,0,0,0,0,0,9,0.006532912,9,0.006532912
S261-061-TTS,5-Aug-15,S261,2015,1143,Day,-4.718,-174.537,0.192,2765,41,30.2,5.05,35,68,set,3.98,Nikumaroro,Shallow Tucker,Nikumaroro,,1138.8351,1,1138.8351,76,0.066734859,2,2,0,0,0,0,0,0,0.001756181,0.001756181,0,0,0,0,0,0,2,0,0,0,0,0,0,0,45,7,0,135,3,0,8,0,0,0,0,0,0,0,0,0,0,0,0,0,0,0,0,0,0,0,0,0,0,0,0,0,0,0,0,0,0,0,200,0,0,0,0,0,0,0,0,0,0,0,0,0,0,0,0,0,0,0,0,4,0,0,0,0,0,0,0,0,0,0,0,0,0,0,0,1,0,0,1,0,0,0,0,0,0,2,0,0,0,0,0,0,0,1,9,0.007902812,7,0.006146632
S261-062-NT,7-Aug-15,S261,2015,38,Night,-5.148,-174.247,0.191,5544,0,30.2,8.17,35.2,46,risen,56.85,Nikumaroro,Neuston,PIPA,,1871.6,0.5,935.8,13,0.013891857,1,1,0,0,0,0,0,0,0.001068604,0.001068604,0,0,0,0,0,0,134,0,22,14,2,0,0,7,1,2,0,2,1,0,1,0,9,0,0,0,0,2,0,0,1,1,0,1,0,0,0,0,0,0,0,0,0,0,0,0,0,0,0,0,0,0,200,0,0,0,0,0,0,0,0,0,0,0,0,0,0,0,0,0,0,0,0,0,0,0,0,0,0,0,0,0,0,0,0,0,0,0,0,0,0,0,0,0,0,0,0,0,0,1,0,0,0,0,0,0,0,0,1,0.001068604,0,0
S261-062-TTD,7-Aug-15,S261,2015,8,Night,-5.12,-174.233,0.191,5544,87,30.2,8.15,35.15,46,risen,54.95,Nikumaroro,Deep Tucker,PIPA,,1482.7044,1,1482.7044,46.5,0.031361612,6,6,0,0,0,0,0,0,0.00404666,0.00404666,0,0,0,0,0,0,112,9,13,14,6,0,0,22,7,1,3,0,0,0,2,0,5,0,0,0,0,0,0,0,0,1,0,0,0,0,0,0,0,0,0,0,0,0,0,0,0,0,0,5,0,0,200,0,0,0,0,0,0,0,0,0,0,0,0,0,0,0,0,0,0,0,0,89,0,0,1,0,0,0,0,0,0,3,0,0,0,0,0,2,0,0,0,0,0,0,0,0,0,6,0,0,0,0,0,0,0,0,101,0.06811877,95,0.06407211
S261-062-TTS,7-Aug-15,S261,2015,36,Night,-5.148,-174.247,0.191,5544,43,30.2,8.15,35.15,46,risen,56.85,Nikumaroro,Shallow Tucker,PIPA,,1215.1971,1,1215.1971,64,0.052666353,1,1,0,0,0,0,0,0,0.000822912,0.000822912,0,0,0,0,0,0,96,12,18,20,10,0,0,21,6,0,0,0,0,2,0,0,9,0,0,0,0,0,0,1,1,2,0,0,0,0,0,0,0,0,0,0,0,0,0,0,0,0,0,2,0,0,200,0,0,0,0,0,0,0,0,0,0,0,0,0,0,0,0,0,0,0,0,36,0,0,0,0,0,0,0,0,0,1,0,0,0,0,0,5,0,0,3,0,0,0,1,0,0,4,0,0,0,0,0,0,0,0,50,0.041145589,49,0.040322677
S261-063-NT,7-Aug-15,S261,2015,1143,Day,-5.632,-173.88,0.194,1821,0,30,6.74,35.21,46,set,123.75,Nikumaroro,Neuston,PIPA,,2205,0.5,1102.5,4.8,0.004353741,0,0,0,0,0,0,0,0,0,0,0,0,0,0,0,0,40,0,2,2,1,0,0,0,0,1,2,7,35,3,1,0,2,0,0,2,0,0,0,0,0,0,0,1,0,0,0,0,1,0,0,0,0,0,0,0,0,0,0,0,0,0,100,0,0,0,0,0,0,0,0,0,0,0,0,0,0,0,0,0,0,0,0,3,0,0,0,0,0,0,0,0,0,0,0,0,0,0,0,0,0,0,0,0,0,0,0,0,0,1,0,0,0,0,0,0,0,0,4,0.003628118,4,0.003628118
S261-063-TTD,7-Aug-15,S261,2015,1103,Day,-5.608,-173.877,0.194,1821,96,30,6.82,35.21,46,set,121.71,Nikumaroro,Deep Tucker,PIPA,,1408.0245,1,1408.0245,28,0.019886018,0,0,0,0,0,0,0,0,0,0,0,0,0,0,0,0,43,3,7,18,3,0,0,0,56,0,0,0,16,38,2,0,0,0,3,0,0,6,0,0,0,2,0,3,0,0,0,0,0,0,0,0,0,0,0,0,0,0,0,0,0,0,200,0,0,0,0,0,0,0,0,0,0,0,0,0,0,0,0,0,0,0,0,0,0,0,0,0,0,0,0,0,0,0,0,0,0,0,0,0,0,0,1,0,0,0,0,0,0,0,0,0,0,0,0,0,0,0,1,0.000710215,1,0.000710215
S261-063-TTS,7-Aug-15,S261,2015,1128,Day,-5.623,-173.878,0.194,1821,42,30,6.82,35.21,46,set,123.03,Nikumaroro,Shallow Tucker,PIPA,,1248.5187,1,1248.5187,11.5,0.009210915,0,0,0,0,0,0,0,0,0,0,0,0,0,0,0,0,12,1,6,8,1,0,0,0,96,7,3,19,4,6,7,0,0,0,1,0,0,11,0,0,0,0,0,1,0,0,0,0,0,0,11,1,0,0,0,0,0,0,0,5,0,0,200,0,0,0,0,0,0,0,0,0,0,0,0,0,0,0,0,0,0,0,0,2,0,0,0,0,0,0,0,0,0,0,0,0,0,0,0,0,0,0,5,0,0,0,0,0,0,0,0,0,0,0,0,0,0,0,7,0.005606644,7,0.005606644
S261-064-NT ,7-Aug-15,S261,2015,2237,Night,-6.47,-173.602,0.329,2550,0,30.1,10.07,35.52,46,set,219.51,Nikumaroro,Neuston,PIPA,,1522,0.5,761,26,0.034165572,4,4,0,0,0,0,0,0,0.005256242,0.005256242,0,0,0,0,0,0,76,0,2,25,17,0,0,9,14,0,7,0,2,0,9,0,24,0,0,0,0,0,0,0,0,0,0,0,0,0,11,0,2,0,2,0,0,0,0,0,0,0,0,0,0,0,200,0,0,0,0,0,0,0,0,0,0,0,0,0,0,0,0,0,0,0,0,0,0,0,0,0,0,0,0,0,0,0,0,0,0,0,0,0,0,0,0,0,0,0,0,0,0,4,0,0,0,0,0,0,0,0,4,0.005256242,0,0
S261-064-TTD,7-Aug-15,S261,2015,2224,Night,-6.465,-173.608,0.329,2550,88,30.2,10.12,35.32,46,set,218.74,Nikumaroro,Deep Tucker,PIPA,,1400.4684,1,1400.4684,121,0.086399665,2,2,0,0,0,0,0,0,0.001428094,0.001428094,0,0,0,0,0,0,62,35,17,21,6,0,0,33,9,0,6,0,0,0,5,0,2,0,2,0,0,0,0,0,0,0,0,2,0,0,0,0,0,0,0,0,0,0,0,0,0,0,0,0,0,0,200,0,0,0,0,0,0,0,0,0,0,2,0,0,0,0,0,0,0,0,0,12,0,0,0,0,0,0,0,0,0,0,0,0,0,0,0,1,0,0,0,0,0,0,3,0,0,2,0,0,0,0,0,0,0,0,20,0.014280936,18,0.012852843
S261-064-TTS,7-Aug-15,S261,2015,2251,Night,-6.473,-173.608,0.329,2550,43,30.2,10.12,35.32,46,set,219.51,Nikumaroro,Shallow Tucker,PIPA,,1192.3686,1,1192.3686,67,0.056190678,4,4,0,0,0,0,0,0,0.003354667,0.003354667,0,0,0,0,0,0,70,17,17,10,9,0,0,34,7,1,5,4,0,0,2,0,19,0,0,2,0,0,0,0,0,1,0,1,0,0,1,0,0,0,0,0,0,0,0,0,0,0,0,0,0,0,200,0,0,0,0,0,0,0,0,0,0,0,0,0,0,0,0,0,0,0,0,21,0,0,0,0,0,0,0,0,0,0,0,0,0,0,0,1,0,0,0,0,0,0,0,0,0,5,0,0,0,0,0,0,0,0,27,0.022644005,23,0.019289337
S268-002-NT,5-Jul-16,S268,2016,2132,Night,18.905,-159.367,0.161,4842,0,27.4,3.17,34.65,5,set,,,Neuston,NPSG,NPSG,2989.8,0.5,1494.9,9.5,0.00635494,0,0,0,0,0,0,0,0,0,0,0,0,0,0,0,0,46,5,7,43,42,0,0,6,1,1,9,0,0,1,10,2,25,0,0,0,0,0,0,0,0,0,0,0,0,0,2,0,0,0,0,0,0,0,0,0,0,0,0,0,0,0,200,N/A,N/A,N/A,N/A,N/A,N/A,N/A,N/A,N/A,N/A,N/A,N/A,N/A,N/A,N/A,N/A,N/A,N/A,N/A,N/A,N/A,N/A,N/A,N/A,N/A,N/A,N/A,N/A,N/A,N/A,N/A,N/A,N/A,N/A,N/A,N/A,N/A,N/A,N/A,N/A,N/A,N/A,N/A,N/A,N/A,N/A,N/A,N/A,N/A,N/A,N/A,N/A,N/A,N/A,N/A,1,0.000668941,1,0.000668941
S268-004-NT,6-Jul-16,S268,2016,2202,Night,16.607,-160.687,0.231,5573,0,27.4,3.04,34.52,5,set,,,Neuston,NEC,NEC,1834.9,0.5,917.45,6,0.006539866,0,0,0,0,0,0,0,0,0,0,0,0,0,0,0,0,N/A,N/A,N/A,N/A,N/A,N/A,N/A,N/A,N/A,N/A,N/A,N/A,N/A,N/A,N/A,N/A,N/A,N/A,N/A,N/A,N/A,N/A,N/A,N/A,N/A,N/A,N/A,N/A,N/A,N/A,N/A,N/A,N/A,N/A,N/A,N/A,N/A,N/A,N/A,N/A,N/A,N/A,N/A,N/A,N/A,N/A,N/A,N/A,N/A,N/A,N/A,N/A,N/A,N/A,N/A,N/A,N/A,N/A,N/A,N/A,N/A,N/A,N/A,N/A,N/A,N/A,N/A,N/A,N/A,N/A,N/A,N/A,N/A,N/A,N/A,N/A,N/A,N/A,N/A,N/A,N/A,N/A,N/A,N/A,N/A,N/A,N/A,N/A,N/A,N/A,N/A,N/A,N/A,N/A,N/A,N/A,N/A,N/A,N/A,N/A,N/A,N/A,0,N/A,0,N/A
S268-006-TTD,7-Jul-16,S268,2016,2159,Night,14.405,-161.74,0.165,5625,106,27.4,2.67,34.62,10,,,,Deep Tucker,NPSG,NPSG,1459.996,1,1459.996,31,0.021232935,2,2,0,0,0,0,0,0,0.001369867,0.001369867,0,0,0,0,0,0,107,0,1,21,8,3,14,8,4,1,1,5,0,10,5,0,1,0,0,2,0,7,0,0,0,0,0,0,0,1,0,0,0,0,0,0,1,0,0,0,0,0,0,0,0,0,200,N/A,N/A,N/A,N/A,N/A,N/A,N/A,N/A,N/A,N/A,N/A,N/A,N/A,N/A,N/A,N/A,N/A,N/A,N/A,N/A,N/A,N/A,N/A,N/A,N/A,N/A,N/A,N/A,N/A,N/A,N/A,N/A,N/A,N/A,N/A,N/A,N/A,N/A,N/A,N/A,N/A,N/A,N/A,N/A,N/A,N/A,N/A,N/A,N/A,N/A,N/A,N/A,N/A,N/A,N/A,3,0.0020548,2,0.001369867
S268-006-TTS,7-Jul-16,S268,2016,2229,Night,14.392,-161.743,0.165,5625,42,27.5,2.88,34.62,10,,,,Shallow Tucker,NPSG,NPSG,1459.983,1,1459.983,43,0.029452398,3,3,0,0,0,0,0,0,0.002054818,0.002054818,0,0,0,0,0,0,93,3,12,56,1,0,2,8,0,2,1,0,0,8,7,0,3,0,0,2,0,0,0,0,0,0,0,0,0,0,1,0,0,1,0,0,0,0,0,0,0,0,0,0,0,0,200,N/A,N/A,N/A,N/A,N/A,N/A,N/A,N/A,N/A,N/A,N/A,N/A,N/A,N/A,N/A,N/A,N/A,N/A,N/A,N/A,N/A,N/A,N/A,N/A,N/A,N/A,N/A,N/A,N/A,N/A,N/A,N/A,N/A,N/A,N/A,N/A,N/A,N/A,N/A,N/A,N/A,N/A,N/A,N/A,N/A,N/A,N/A,N/A,N/A,N/A,N/A,N/A,N/A,N/A,N/A,25,0.017123487,22,0.015068669
S268-008-TTD,8-Jul-16,S268,2016,2146,Night,12.078,-162.353,0.288,4861,110,28.3,2.82,34.3,18,,,,Deep Tucker,NPSG,NPSG,1527.053,1,1527.053,49,0.03208795,0,0,0,0,0,0,0,0,0,0,0,0,0,0,0,0,105,3,59,8,7,3,0,7,0,0,1,0,0,0,2,1,0,0,0,1,0,0,0,0,0,2,1,0,0,0,0,0,0,0,0,0,0,0,0,0,0,0,0,0,0,0,200,N/A,N/A,N/A,N/A,N/A,N/A,N/A,N/A,N/A,N/A,N/A,N/A,N/A,N/A,N/A,N/A,N/A,N/A,N/A,N/A,N/A,N/A,N/A,N/A,N/A,N/A,N/A,N/A,N/A,N/A,N/A,N/A,N/A,N/A,N/A,N/A,N/A,N/A,N/A,N/A,N/A,N/A,N/A,N/A,N/A,N/A,N/A,N/A,N/A,N/A,N/A,N/A,N/A,N/A,N/A,0,N/A,0,N/A
S268-008-TTS,8-Jul-16,S268,2016,2220,Night,12.063,-162.355,0.288,4696,53,28.2,3,34.3,18,,,,Shallow Tucker,NPSG,NPSG,1358.282,1,1358.282,48,0.035338759,0,0,0,0,0,0,0,0,0,0,0,0,0,0,0,0,95,13,0,17,1,0,0,38,0,0,0,0,0,0,24,0,10,0,0,0,0,0,0,0,0,0,0,0,0,0,1,0,1,0,0,0,0,0,0,0,0,0,0,0,0,0,200,N/A,N/A,N/A,N/A,N/A,N/A,N/A,N/A,N/A,N/A,N/A,N/A,N/A,N/A,N/A,N/A,N/A,N/A,N/A,N/A,N/A,N/A,N/A,N/A,N/A,N/A,N/A,N/A,N/A,N/A,N/A,N/A,N/A,N/A,N/A,N/A,N/A,N/A,N/A,N/A,N/A,N/A,N/A,N/A,N/A,N/A,N/A,N/A,N/A,N/A,N/A,N/A,N/A,N/A,N/A,23,0.016933155,23,0.016933155
S268-010-NT,9-Jul-16,S268,2016,2310,Night,10.013,-163.165,0.393,4449,0,28.6,3.5,34.1,27,set,,,Neuston,NEC,NEC,1780.5,0.5,890.25,24,0.026958719,0,0,0,0,0,0,0,0,0,0,0,0,0,0,0,0,128,1,10,14,10,0,0,11,0,2,13,1,0,0,7,0,1,0,0,0,0,0,0,0,0,0,0,0,0,0,1,0,0,0,0,1,0,0,0,0,0,0,0,0,0,0,200,N/A,N/A,N/A,N/A,N/A,N/A,N/A,N/A,N/A,N/A,N/A,N/A,N/A,N/A,N/A,N/A,N/A,N/A,N/A,N/A,N/A,N/A,N/A,N/A,N/A,N/A,N/A,N/A,N/A,N/A,N/A,N/A,N/A,N/A,N/A,N/A,N/A,N/A,N/A,N/A,N/A,N/A,N/A,N/A,N/A,N/A,N/A,N/A,N/A,N/A,N/A,N/A,N/A,N/A,N/A,0,N/A,0,N/A
S268-010-TTD,9-Jul-16,S268,2016,2202,Night,10.052,-163.162,0.393,4731,91,28.6,2.99,34.08,27,set,,,Deep Tucker,NEC,NEC,1700.229,1,1700.229,64,0.037641988,1,0,1,0,1,0,0,0,0.000588156,0,0.000588156,0,0.000588156,0,0,0,91,11,34,16,7,0,0,3,0,1,7,3,0,14,0,1,5,4,0,0,0,0,0,0,0,1,0,0,0,0,0,0,0,0,1,0,0,0,0,0,0,0,0,0,0,1,200,N/A,N/A,N/A,N/A,N/A,N/A,N/A,N/A,N/A,N/A,N/A,N/A,N/A,N/A,N/A,N/A,N/A,N/A,N/A,N/A,N/A,N/A,N/A,N/A,N/A,N/A,N/A,N/A,N/A,N/A,N/A,N/A,N/A,N/A,N/A,N/A,N/A,N/A,N/A,N/A,N/A,N/A,N/A,N/A,N/A,N/A,N/A,N/A,N/A,N/A,N/A,N/A,N/A,N/A,N/A,0,N/A,0,N/A
S268-010-TTS,9-Jul-16,S268,2016,2237,Night,10.032,-163.163,0.393,4423,48,28.6,3.23,34.09,27,set,,,Shallow Tucker,NEC,NEC,1221.071,1,1221.071,60,0.049137192,4,3,1,0,0,1,0,0,0.003275813,0.00245686,0.000818953,0,0,0.000818953,0,0,118,4,22,16,12,1,0,9,0,3,6,0,0,1,0,0,5,0,0,0,0,0,0,0,0,2,0,0,0,0,1,0,0,0,0,0,0,0,0,0,0,0,0,0,0,0,200,N/A,N/A,N/A,N/A,N/A,N/A,N/A,N/A,N/A,N/A,N/A,N/A,N/A,N/A,N/A,N/A,N/A,N/A,N/A,N/A,N/A,N/A,N/A,N/A,N/A,N/A,N/A,N/A,N/A,N/A,N/A,N/A,N/A,N/A,N/A,N/A,N/A,N/A,N/A,N/A,N/A,N/A,N/A,N/A,N/A,N/A,N/A,N/A,N/A,N/A,N/A,N/A,N/A,N/A,N/A,51,0.041766613,47,0.0384908
S268-012-NT,10-Jul-16,S268,2016,2308,Night,8.475,-164.378,0.221,3751,0,29.1,3.5,34.07,36,risen,,,Neuston,NEC,NEC,1921,0.5,960.5,8,0.008328995,0,0,0,0,0,0,0,0,0,0,0,0,0,0,0,0,120,6,2,1,6,0,0,5,0,1,4,0,0,1,46,0,2,0,0,0,0,0,0,0,0,1,0,0,0,0,5,0,0,0,0,0,0,0,0,0,0,0,0,0,0,0,200,N/A,N/A,N/A,N/A,N/A,N/A,N/A,N/A,N/A,N/A,N/A,N/A,N/A,N/A,N/A,N/A,N/A,N/A,N/A,N/A,N/A,N/A,N/A,N/A,N/A,N/A,N/A,N/A,N/A,N/A,N/A,N/A,N/A,N/A,N/A,N/A,N/A,N/A,N/A,N/A,N/A,N/A,N/A,N/A,N/A,N/A,N/A,N/A,N/A,N/A,N/A,N/A,N/A,N/A,N/A,0,N/A,0,N/A
S268-012-TTD,10-Jul-16,S268,2016,2140,Night,8.47,-164.37,0.221,3462,99,29.1,3.48,34.06,36,risen,,,Deep Tucker,NEC,NEC,2043.671,1,2043.671,53,0.025933724,0,0,0,0,0,0,0,0,0,0,0,0,0,0,0,0,117,5,30,13,11,2,3,7,0,0,0,0,1,3,0,0,0,0,0,1,0,6,0,0,0,0,0,0,0,0,0,0,0,0,1,0,0,0,0,0,0,0,0,0,0,0,200,N/A,N/A,N/A,N/A,N/A,N/A,N/A,N/A,N/A,N/A,N/A,N/A,N/A,N/A,N/A,N/A,N/A,N/A,N/A,N/A,N/A,N/A,N/A,N/A,N/A,N/A,N/A,N/A,N/A,N/A,N/A,N/A,N/A,N/A,N/A,N/A,N/A,N/A,N/A,N/A,N/A,N/A,N/A,N/A,N/A,N/A,N/A,N/A,N/A,N/A,N/A,N/A,N/A,N/A,N/A,31,0.015168782,31,0.015168782
S268-012-TTS,10-Jul-16,S268,2016,2218,Night,8.478,-164.363,0.221,3462,74,29,3.53,34.06,36,risen,,,Shallow Tucker,NEC,NEC,1399.908,1,1399.908,61,0.043574292,0,0,0,0,0,0,0,0,0,0,0,0,0,0,0,0,100,3,38,20,0,3,0,6,0,0,0,0,0,14,3,0,0,6,0,1,0,5,0,0,0,0,0,0,0,0,0,0,1,0,0,0,0,0,0,0,0,0,0,0,0,0,200,N/A,N/A,N/A,N/A,N/A,N/A,N/A,N/A,N/A,N/A,N/A,N/A,N/A,N/A,N/A,N/A,N/A,N/A,N/A,N/A,N/A,N/A,N/A,N/A,N/A,N/A,N/A,N/A,N/A,N/A,N/A,N/A,N/A,N/A,N/A,N/A,N/A,N/A,N/A,N/A,N/A,N/A,N/A,N/A,N/A,N/A,N/A,N/A,N/A,N/A,N/A,N/A,N/A,N/A,N/A,10,0.007143327,10,0.007143327
S268-014-NT,11-Jul-16,S268,2016,2301,Night,6.63,-166.248,0.377,4750,0,29.4,5.18,34.22,45,risen,,,Neuston,ITCZ,ITCZ,1913.7,0.5,956.85,24.5,0.025604849,0,0,0,0,0,0,0,0,0,0,0,0,0,0,0,0,86,2,4,5,4,0,1,14,0,5,53,2,0,0,0,0,3,0,0,0,0,0,0,0,0,0,0,0,0,0,14,0,0,3,0,0,0,4,0,0,0,0,0,0,0,0,200,N/A,N/A,N/A,N/A,N/A,N/A,N/A,N/A,N/A,N/A,N/A,N/A,N/A,N/A,N/A,N/A,N/A,N/A,N/A,N/A,N/A,N/A,N/A,N/A,N/A,N/A,N/A,N/A,N/A,N/A,N/A,N/A,N/A,N/A,N/A,N/A,N/A,N/A,N/A,N/A,N/A,N/A,N/A,N/A,N/A,N/A,N/A,N/A,N/A,N/A,N/A,N/A,N/A,N/A,N/A,15,0.015676438,15,0.015676438
S268-014-TTD,11-Jul-16,S268,2016,2141,Night,6.64,-166.237,0.377,4800,168.8,29.4,4.89,34.19,45,risen,,,Deep Tucker,South of ITCZ,South of ITCZ,1675.265,1,1675.265,63.5,0.037904451,0,0,0,0,0,0,0,0,0,0,0,0,0,0,0,0,90,33,17,8,10,0,11,3,7,1,0,2,3,0,2,0,0,0,0,2,0,2,0,0,0,2,0,0,0,0,0,0,0,0,7,0,0,0,0,0,0,0,0,0,0,0,200,N/A,N/A,N/A,N/A,N/A,N/A,N/A,N/A,N/A,N/A,N/A,N/A,N/A,N/A,N/A,N/A,N/A,N/A,N/A,N/A,N/A,N/A,N/A,N/A,N/A,N/A,N/A,N/A,N/A,N/A,N/A,N/A,N/A,N/A,N/A,N/A,N/A,N/A,N/A,N/A,N/A,N/A,N/A,N/A,N/A,N/A,N/A,N/A,N/A,N/A,N/A,N/A,N/A,N/A,N/A,8,0.004775364,8,0.004775364
S268-014-TTS,11-Jul-16,S268,2016,2215,Night,6.642,-166.237,0.377,4900,66.1,29.4,5.12,34.2,45,risen,,,Shallow Tucker,South of ITCZ,South of ITCZ,1721.803,1,1721.803,79,0.045882136,0,0,0,0,0,0,0,0,0,0,0,0,0,0,0,0,72,70,15,8,1,1,0,10,0,0,0,0,0,0,4,0,18,0,0,1,0,0,0,0,0,0,0,0,0,0,0,0,0,0,0,0,0,0,0,0,0,0,0,0,0,0,200,N/A,N/A,N/A,N/A,N/A,N/A,N/A,N/A,N/A,N/A,N/A,N/A,N/A,N/A,N/A,N/A,N/A,N/A,N/A,N/A,N/A,N/A,N/A,N/A,N/A,N/A,N/A,N/A,N/A,N/A,N/A,N/A,N/A,N/A,N/A,N/A,N/A,N/A,N/A,N/A,N/A,N/A,N/A,N/A,N/A,N/A,N/A,N/A,N/A,N/A,N/A,N/A,N/A,N/A,N/A,17,0.009873371,17,0.009873371
S268-016-NT,12-Jul-16,S268,2016,2257,Night,4.123,-167.393,0.182,5223,0,29.5,10.26,34.72,55,risen,,,Neuston,NECC,NECC,2125.6,0.5,1062.8,67,0.063041024,0,0,0,0,0,0,0,0,0,0,0,0,0,0,0,0,76,30,5,15,23,0,0,11,1,0,0,3,0,2,2,0,2,15,0,0,0,11,0,0,0,0,0,0,0,2,0,0,0,0,0,0,0,0,0,0,2,0,0,0,0,0,200,N/A,N/A,N/A,N/A,N/A,N/A,N/A,N/A,N/A,N/A,N/A,N/A,N/A,N/A,N/A,N/A,N/A,N/A,N/A,N/A,N/A,N/A,N/A,N/A,N/A,N/A,N/A,N/A,N/A,N/A,N/A,N/A,N/A,N/A,N/A,N/A,N/A,N/A,N/A,N/A,N/A,N/A,N/A,N/A,N/A,N/A,N/A,N/A,N/A,N/A,N/A,N/A,N/A,N/A,N/A,5,0.004704554,5,0.004704554
S268-016-TTD,12-Jul-16,S268,2016,2142,Night,4.15,-167.36,0.182,5225,101.5,29.5,10.79,34.64,55,risen,,,Deep Tucker,NECC,NECC,1520.805,1,1520.805,234,0.15386588,0,0,0,0,0,0,0,0,0,0,0,0,0,0,0,0,88.5,35,9,9.5,26,1,0,4.5,2.5,0,0,0.5,2,1,3.5,0,3,10,0,1,0,3,0,0,0,0,0,0,0,0,0,0,0,0,0,0,0,0,0,0,0,0,0,0,0,0,200,N/A,N/A,N/A,N/A,N/A,N/A,N/A,N/A,N/A,N/A,N/A,N/A,N/A,N/A,N/A,N/A,N/A,N/A,N/A,N/A,N/A,N/A,N/A,N/A,N/A,N/A,N/A,N/A,N/A,N/A,N/A,N/A,N/A,N/A,N/A,N/A,N/A,N/A,N/A,N/A,N/A,N/A,N/A,N/A,N/A,N/A,N/A,N/A,N/A,N/A,N/A,N/A,N/A,N/A,N/A,16,0.010520744,16,0.010520744
S268-016-TTS,12-Jul-16,S268,2016,2215,Night,4.14,-167.375,0.182,5200,41.1,29.5,10.55,34.64,55,risen,,,Shallow Tucker,NECC,NECC,1212.581,1,1212.581,284,0.234211158,1,1,0,0,0,0,0,0,0.000824687,0.000824687,0,0,0,0,0,0,83,54.5,12.5,10,16.5,0.5,1,2.5,2.5,0.5,0,0,1.5,3.5,0.5,0,1.5,1.5,0,2,0,4.5,0,0,0,0,0,0,0.5,0,0,0,0.5,0,0,0,0,0,0,0,0,0,0,0.5,0,0,200,N/A,N/A,N/A,N/A,N/A,N/A,N/A,N/A,N/A,N/A,N/A,N/A,N/A,N/A,N/A,N/A,N/A,N/A,N/A,N/A,N/A,N/A,N/A,N/A,N/A,N/A,N/A,N/A,N/A,N/A,N/A,N/A,N/A,N/A,N/A,N/A,N/A,N/A,N/A,N/A,N/A,N/A,N/A,N/A,N/A,N/A,N/A,N/A,N/A,N/A,N/A,N/A,N/A,N/A,N/A,13,0.010720933,12,0.009896246
S268-018-NT,13-Jul-16,S268,2016,2315,Night,2.293,-168.933,0.432,3768,0,28.9,15.7,34.97,64,risen,,,Neuston,NECC,NECC,1804.5,0.5,902.25,88,0.097533943,0,0,0,0,0,0,0,0,0,0,0,0,0,0,0,0,144,1,5,8,28,0,0,1,0,0,5,2,0,0,1,0,5,0,0,0,0,0,0,0,0,0,0,0,0,0,0,0,0,0,0,0,0,0,0,0,0,0,0,0,0,0,200,N/A,N/A,N/A,N/A,N/A,N/A,N/A,N/A,N/A,N/A,N/A,N/A,N/A,N/A,N/A,N/A,N/A,N/A,N/A,N/A,N/A,N/A,N/A,N/A,N/A,N/A,N/A,N/A,N/A,N/A,N/A,N/A,N/A,N/A,N/A,N/A,N/A,N/A,N/A,N/A,N/A,N/A,N/A,N/A,N/A,N/A,N/A,N/A,N/A,N/A,N/A,N/A,N/A,N/A,N/A,7,0.007758382,7,0.007758382
S268-018-TTD,13-Jul-16,S268,2016,2148,Night,2.313,-168.88,0.432,3768,100.1,29,15.73,34.97,64,risen,,,Deep Tucker,SEC,SEC,1526.973,1,1526.973,261,0.170926401,1,1,0,0,0,0,0,0,0.00065489,0.00065489,0,0,0,0,0,0,114.5,5.5,6,9,39.5,0.5,2,1,2,0,0,0,1.5,4,1,0,2,6.5,0,0.5,0,3.5,0,0,0,0,0,0,0.5,0,0,0,0,0,0,0.5,0,0,0,0,0,0,0,0,0,0,200,N/A,N/A,N/A,N/A,N/A,N/A,N/A,N/A,N/A,N/A,N/A,N/A,N/A,N/A,N/A,N/A,N/A,N/A,N/A,N/A,N/A,N/A,N/A,N/A,N/A,N/A,N/A,N/A,N/A,N/A,N/A,N/A,N/A,N/A,N/A,N/A,N/A,N/A,N/A,N/A,N/A,N/A,N/A,N/A,N/A,N/A,N/A,N/A,N/A,N/A,N/A,N/A,N/A,N/A,N/A,96,0.062869481,95,0.062214591
S268-018-TTS,13-Jul-16,S268,2016,2222,Night,2.307,-168.898,0.432,3768,46,29,15.47,34.97,64,risen,,,Shallow Tucker,SEC,SEC,1310.222,1,1310.222,359,0.273999368,1,1,0,0,0,0,0,0,0.000763229,0.000763229,0,0,0,0,0,0,119.5,9,8,11,36.5,0,0,1.5,0.5,0.5,0,0,0,5,0.5,0,4,1.5,0,0,0,1.5,0,1,0,0,0,0,0,0,0,0,0,0,0,0,0,0,0,0,0,0,0,0,0,0,200,N/A,N/A,N/A,N/A,N/A,N/A,N/A,N/A,N/A,N/A,N/A,N/A,N/A,N/A,N/A,N/A,N/A,N/A,N/A,N/A,N/A,N/A,N/A,N/A,N/A,N/A,N/A,N/A,N/A,N/A,N/A,N/A,N/A,N/A,N/A,N/A,N/A,N/A,N/A,N/A,N/A,N/A,N/A,N/A,N/A,N/A,N/A,N/A,N/A,N/A,N/A,N/A,N/A,N/A,N/A,26,0.019843965,25,0.019080736
S268-020-NT,14-Jul-16,S268,2016,1050,Day,1.592,-169.425,0.186,3700,0,28.9,7.7,35.5,73,set,,,Neuston,EUC,EUC,2015.9,0.5,1007.95,5.8,0.005754254,0,0,0,0,0,0,0,0,0,0,0,0,0,0,0,0,58,1,2,102,21,1,0,0,0,0,0,2,0,8,0,0,5,0,0,0,0,0,0,0,0,0,0,0,0,0,0,0,0,0,0,0,0,0,0,0,0,0,0,0,0,0,200,N/A,N/A,N/A,N/A,N/A,N/A,N/A,N/A,N/A,N/A,N/A,N/A,N/A,N/A,N/A,N/A,N/A,N/A,N/A,N/A,N/A,N/A,N/A,N/A,N/A,N/A,N/A,N/A,N/A,N/A,N/A,N/A,N/A,N/A,N/A,N/A,N/A,N/A,N/A,N/A,N/A,N/A,N/A,N/A,N/A,N/A,N/A,N/A,N/A,N/A,N/A,N/A,N/A,N/A,N/A,0,N/A,0,N/A
S268-021-NT,14-Jul-16,S268,2016,2300,Night,0.508,-169.872,0.254,5077,0,28.3,23.87,35.11,73,risen,,,Neuston,SEC/EUC,SEC/EUC,2308.7,0.5,1154.35,21,0.018192056,0,0,0,0,0,0,0,0,0,0,0,0,0,0,0,0,156,0,5,7,8,0,0,0,0,0,14,1,1,0,1,0,0,0,0,0,0,0,0,0,0,0,0,0,0,0,7,0,0,0,0,0,0,0,0,0,0,0,0,0,0,0,200,N/A,N/A,N/A,N/A,N/A,N/A,N/A,N/A,N/A,N/A,N/A,N/A,N/A,N/A,N/A,N/A,N/A,N/A,N/A,N/A,N/A,N/A,N/A,N/A,N/A,N/A,N/A,N/A,N/A,N/A,N/A,N/A,N/A,N/A,N/A,N/A,N/A,N/A,N/A,N/A,N/A,N/A,N/A,N/A,N/A,N/A,N/A,N/A,N/A,N/A,N/A,N/A,N/A,N/A,N/A,2,0.001732577,2,0.001732577
S268-021-TTD,14-Jul-16,S268,2016,2140,Night,0.558,-169.857,0.254,>5000 (chart,65.2,28.3,22.52,35.1,73,risen,,,Deep Tucker,SEC/EUC,SEC/EUC,1841.072,1,1841.072,202,0.109718686,0,0,0,0,0,0,0,0,0,0,0,0,0,0,0,0,110,31,5,9,23,0,1,6,0,0,0,2,0,2,2,0,6,0,0,0,0,0,0,0,0,0,0,0,1,0,2,0,0,0,0,0,0,0,0,0,0,0,0,0,0,0,200,N/A,N/A,N/A,N/A,N/A,N/A,N/A,N/A,N/A,N/A,N/A,N/A,N/A,N/A,N/A,N/A,N/A,N/A,N/A,N/A,N/A,N/A,N/A,N/A,N/A,N/A,N/A,N/A,N/A,N/A,N/A,N/A,N/A,N/A,N/A,N/A,N/A,N/A,N/A,N/A,N/A,N/A,N/A,N/A,N/A,N/A,N/A,N/A,N/A,N/A,N/A,N/A,N/A,N/A,N/A,5,0.002715809,5,0.002715809
S268-021-TTS,14-Jul-16,S268,2016,2213,Night,0.538,-169.862,0.254,>5000 (chart,46.4,28.3,23.12,35.1,73,risen,,,Shallow Tucker,SEC/EUC,SEC/EUC,1317.164,1,1317.164,206,0.156396622,0,0,0,0,0,0,0,0,0,0,0,0,0,0,0,0,97,16,38,5,8,0,1,15,2.5,0,0,1,0.5,4,3,0,2,0,0,0.5,0,5,0,0,0,1,0.5,0,0,0,0,0,0,0,0,0,0,0,0,0,0,0,0,0,0,0,200,N/A,N/A,N/A,N/A,N/A,N/A,N/A,N/A,N/A,N/A,N/A,N/A,N/A,N/A,N/A,N/A,N/A,N/A,N/A,N/A,N/A,N/A,N/A,N/A,N/A,N/A,N/A,N/A,N/A,N/A,N/A,N/A,N/A,N/A,N/A,N/A,N/A,N/A,N/A,N/A,N/A,N/A,N/A,N/A,N/A,N/A,N/A,N/A,N/A,N/A,N/A,N/A,N/A,N/A,N/A,4,0.003036828,4,0.003036828
S268-022-NT,15-Jul-16,S268,2016,1204,Day,-0.51,-170.163,0.166,4366,0,28.5,7.46,35.18,81,set,,,Neuston,EUC,EUC,1731,0.5,865.5,1.6,0.001848642,0,0,0,0,0,0,0,0,0,0,0,0,0,0,0,0,52,1,3,111,10,0,0,0,0,5,0,3,0,6,0,0,2,0,0,0,0,0,0,0,0,0,0,0,0,0,4,0,0,0,0,0,0,0,0,0,3,0,0,0,0,0,200,N/A,N/A,N/A,N/A,N/A,N/A,N/A,N/A,N/A,N/A,N/A,N/A,N/A,N/A,N/A,N/A,N/A,N/A,N/A,N/A,N/A,N/A,N/A,N/A,N/A,N/A,N/A,N/A,N/A,N/A,N/A,N/A,N/A,N/A,N/A,N/A,N/A,N/A,N/A,N/A,N/A,N/A,N/A,N/A,N/A,N/A,N/A,N/A,N/A,N/A,N/A,N/A,N/A,N/A,N/A,0,N/A,0,N/A
S268-022-TTD,15-Jul-16,S268,2016,1047,Day,-0.468,-170.137,0.166,4366,95.4,28.4,7.79,35.18,81,set,,,Deep Tucker,EUC,EUC,1588.33,1,1588.33,176,0.110808207,0,0,0,0,0,0,0,0,0,0,0,0,0,0,0,0,101.5,14,5,15,30.5,0,0,0,2,0.5,0,0,0,17.5,0.5,0,8,3.5,0,0,0,0.5,0,0,0,0,0,0,0,1.5,0,0,0,0,0,0,0,0,0,0,0,0,0,0,0,0,200,N/A,N/A,N/A,N/A,N/A,N/A,N/A,N/A,N/A,N/A,N/A,N/A,N/A,N/A,N/A,N/A,N/A,N/A,N/A,N/A,N/A,N/A,N/A,N/A,N/A,N/A,N/A,N/A,N/A,N/A,N/A,N/A,N/A,N/A,N/A,N/A,N/A,N/A,N/A,N/A,N/A,N/A,N/A,N/A,N/A,N/A,N/A,N/A,N/A,N/A,N/A,N/A,N/A,N/A,N/A,18,0.011332658,18,0.011332658
S268-022-TTS,15-Jul-16,S268,2016,1121,Day,-0.488,-170.148,0.166,4366,35.7,28.5,7.29,35.18,81,set,,,Shallow Tucker,EUC,EUC,1331.449,1,1331.449,164,0.123174076,1,0,1,0,1,0,0,0,0.000751061,0,0.000751061,0,0.000751061,0,0,0,N/A,N/A,N/A,N/A,N/A,N/A,N/A,N/A,N/A,N/A,N/A,N/A,N/A,N/A,N/A,N/A,N/A,N/A,N/A,N/A,N/A,N/A,N/A,N/A,N/A,N/A,N/A,N/A,N/A,N/A,N/A,N/A,N/A,N/A,N/A,N/A,N/A,N/A,N/A,N/A,N/A,N/A,N/A,N/A,N/A,N/A,N/A,N/A,N/A,N/A,N/A,N/A,N/A,N/A,N/A,N/A,N/A,N/A,N/A,N/A,N/A,N/A,N/A,N/A,N/A,N/A,N/A,N/A,N/A,N/A,N/A,N/A,N/A,N/A,N/A,N/A,N/A,N/A,N/A,N/A,N/A,N/A,N/A,N/A,N/A,N/A,N/A,N/A,N/A,N/A,N/A,N/A,N/A,N/A,N/A,N/A,N/A,N/A,N/A,N/A,N/A,N/A,55,0.041308379,54,0.040557318
S268-023-NT,15-Jul-16,S268,2016,2300,Night,-1.067,-170.353,0.13,3257,0,28.6,13.9,35.18,88,risen  ,239.41,Enderbury,Neuston,EUC,EUC,2461.2,0.5,1230.6,117,0.095075573,0,0,0,0,0,0,0,0,0,0,0,0,0,0,0,0,67,60,1,0,20,0,1,4,35,0,1,0,0,2,0,0,0,0,0,0,0,0,0,0,0,0,0,0,0,2,7,0,0,0,0,0,0,0,0,0,0,0,0,0,0,0,200,0,0,0,0,0,0,0,0,0,0,0,0,0,0,0,1,0,0,0,0,0,0,3,0,0,0,0,0,0,0,0,0,0,0,0,0,0,0,0,0,0,0,0,0,0,0,0,0,0,0,0,0,0,0,0,4,0.003250447,4,0.003250447
S268-023-TTD,15-Jul-16,S268,2016,2148,Night,-1.035,-170.335,0.13,3120,98.8,28.6,13.88,35.17,88,risen  ,243.44,Enderbury,Deep Tucker,SEC/EUC,SEC/EUC,1414.673,1,1414.673,211,0.149151076,1,1,0,0,0,0,0,0,0.000706877,0.000706877,0,0,0,0,0,0,96,15,2,6.666666667,28.66666667,0.333333333,1.333333333,5.333333333,9,0.666666667,0.333333333,0.666666667,0.666666667,12.33333333,4,0,7,0,0,0.333333333,0,7.333333333,0,0,0,0,0,0,0.333333333,1.333333333,0.333333333,0,0.333333333,0,0,0,0,0,0,0,0,0,0,0,0,0,200,0,0,0,0,0,0,0,0,0,0,0,0,2,0,0,0,0,0,0,0,0,0,0,0,0,0,0,0,0,0,0,0,0,0,0,0,4,0,0,1,0,0,0,0,0,0,1,0,0,0,0,0,0,0,0,8,0.005655017,7,0.00494814
S268-023-TTS,15-Jul-16,S268,2016,2221,Night,-1.052,-170.343,0.13,3258,51.4,28.7,13.63,35.17,88,risen  ,241.35,Enderbury,Shallow Tucker,SEC/EUC,SEC/EUC,1143,1,1143,319,0.279090114,0,0,0,0,0,0,0,0,0,0,0,0,0,0,0,0,96,24,6,5,18,0,0,10,5,0,5,5,0,9,1,0,6,1,0,0,0,0,0,0,1,4,0,0,0,0,0,0,0,0,3,0,0,0,0,0,1,0,0,0,0,0,200,0,0,0,0,0,0,0,0,0,0,0,0,0,0,0,0,0,0,0,0,0,0,0,0,0,0,0,0,0,0,0,0,0,0,0,0,2,0,0,0,0,0,0,0,0,0,0,0,0,0,0,0,0,0,0,2,0.001749781,2,0.001749781
S268-024-NT,16-Jul-16,S268,2016,1209,Day,-1.482,-170.413,0.117,5450,0,29.2,5.76,35.22,88,set,194.24,Enderbury,Neuston,PIPA,,2047,0.5,1023.5,64,0.062530532,0,0,0,0,0,0,0,0,0,0,0,0,0,0,0,0,184,0,0,2,4,0,0,0,6,0,0,2,1,1,0,0,0,0,0,0,0,0,0,0,0,0,0,0,0,0,0,0,0,0,0,0,0,0,0,0,0,0,0,0,0,0,200,0,0,0,0,0,0,0,0,0,0,0,0,0,0,0,0,0,0,0,0,0,0,8,0,0,0,0,282,0,0,0,0,0,0,0,0,1,0,0,0,0,0,0,0,0,0,0,0,0,0,0,0,0,0,0,291,0.284318515,291,0.284318515
S268-024-TTD,16-Jul-16,S268,2016,1048,Day,-1.455,-170.393,0.117,5450,97.5,28.9,6.98,35.23,88,set,197.81,Enderbury,Deep Tucker,PIPA,,1655.053,1,1655.053,256,0.154677826,1,1,0,0,0,0,0,0,0.00060421,0.00060421,0,0,0,0,0,0,112.5,18,1,6.5,24.5,0,0,2,1.5,1.5,0,0,0,27,3,0,0,0,0,1,0,0.5,0,0,0,0,0,0,0,1,0,0,0,0,0,0,0,0,0,0,0,0,0,0,0,0,200,0,0,0,0,0,0,0,0,0,0,0,0,1,0,0,0,0,0,0,0,0,0,0,2,0,0,0,9,0,0,0,0,0,0,0,0,2,0,0,5,0,0,0,0,0,0,1,0,0,0,0,0,0,0,2,22,0.013292626,21,0.012688415
S268-024-TTS,16-Jul-16,S268,2016,1127,Day,-1.464,-170.402,0.117,5450,46.3,29,6.22,35.22,88,set,196.54,Enderbury,Shallow Tucker,PIPA,,998.767,1,998.767,178,0.178219745,1,1,0,0,0,0,0,0,0.001001235,0.001001235,0,0,0,0,0,0,128,1,1.5,3,48.5,0,0,0.5,0,0.5,0.5,0,0,12.5,1,0,2.5,0,0,0,0,0,0,0,0,0.5,0,0,0,0,0,0,0,0,0,0,0,0,0,0,0,0,0,0,0,0,200,0,0,0,0,0,0,0,0,0,0,0,0,1,0,0,0,0,0,0,0,0,0,0,0,0,0,0,6,0,0,0,0,0,0,1,0,2,0,0,6,0,0,0,0,0,0,1,0,0,0,0,0,0,0,1,18,0.018022221,17,0.017020987
S268-025-NT,17-Jul-16,S268,2016,4,Night,-2.077,-170.425,0.128,5000,0,29.3,19.25,35.26,93,risen,135.05,Enderbury,Neuston,PIPA,,2379,0.5,1189.5,101.5,0.085329971,22,22,0,0,0,0,0,0,0.018495166,0.018495166,0,0,0,0,0,0,136.5,22.5,1.5,8,12.5,0.5,0,4,0,0,2,1,0,0.5,0,0.5,10.5,0,0,0,0,0,0,0,0,0,0,0,0,0,0,0,0,0,0,0,0,0,0,0,0,0,0,0,0,0,200,0,0,0,0,0,0,0,0,0,0,0,0,0,0,0,7,0,0,0,0,5,0,1,0,0,0,0,3,0,0,0,0,0,0,0,0,1,0,0,0,0,0,0,0,0,0,22,0,0,0,0,0,1,0,0,40,0.033627575,18,0.015132409
S268-025-TTD,16-Jul-16,S268,2016,2241,Night,-2.04,-170.443,0.128,5000,108,29.3,17.3,35.28,93,risen,137.57,Enderbury,Deep Tucker,PIPA,,1401.91,1,1401.91,206,0.146942386,21,21,0,0,0,0,0,0,0.014979564,0.014979564,0,0,0,0,0,0,116.5,20.5,3,6,22,0,0,9,0.5,0,0,1,0,7,1.5,1,5,2,0,2.5,0,0,0,0,1,1.5,0,0,0,0,0,0,0,0,0,0,0,0,0,0,0,0,0,0,0,0,200,0,0,0,0,0,0,0,0,0,0,0,0,2,0,0,1,0,0,0,0,159,0,0,1,0,0,1,4,0,1,0,0,0,2,0,0,31,0,0,5,0,0,0,1,2,0,20,0,0,0,0,0,0,0,0,230,0.164061887,209,0.149082323
S268-025-TTS,16-Jul-16,S268,2016,2315,Night,-2.057,-170.437,0.128,5000,49.8,29.3,17.72,35.27,93,risen,136.34,Enderbury,Shallow Tucker,PIPA,,655.058,1,655.058,265,0.40454433,13,11,2,1,1,0,0,0,0.019845571,0.016792406,0.003053165,0.001526582,0.001526582,0,0,0,127,24.5,3.5,3.5,23,1,0,3,0,1,0,0.5,0,5.5,1,0,5.5,0,0,1,0,0,0,0,0,0,0,0,0,0,0,0,0,0,0,0,0,0,0,0,0,0,0,0,0,0,200,0,0,0,0,0,0,0,0,0,0,1,0,0,0,0,0,0,0,1,0,302,0,2,0,0,0,0,4,0,0,1,0,0,0,0,0,3,0,0,0,0,0,0,0,0,0,13,0,0,0,0,0,0,0,1,328,0.50071902,315,0.480873449
S268-026-NT,17-Jul-16,S268,2016,1206,Day,-2.507,-170.835,0.234,5120,0,30,3.92,35.1,93,set,71.53,Enderbury,Neuston,PIPA,,1245,0.5,622.5,15,0.024096386,0,0,0,0,0,0,0,0,0,0,0,0,0,0,0,0,150,0,1,24,22,0,0,0,0,1,0,0,0,0,0,0,2,0,0,0,0,0,0,0,0,0,0,0,0,0,0,0,0,0,0,0,0,0,0,0,0,0,0,0,0,0,200,0,0,0,0,0,0,0,0,0,0,0,0,0,0,0,0,0,0,0,0,0,0,0,0,0,0,0,4,0,0,0,0,0,0,0,0,0,0,0,0,0,0,0,0,0,0,0,0,0,0,0,0,0,0,0,4,0.006425703,4,0.006425703
S268-026-TTD,17-Jul-16,S268,2016,1045,Day,-2.497,-170.862,0.234,5300,79.7,30,4.62,35.1,93,set,71.46,Enderbury,Deep Tucker,PIPA,,1184.279,1,1184.279,64,0.05404132,1,1,0,0,0,0,0,0,0.000844396,0.000844396,0,0,0,0,0,0,61,86,6,5,17,0,4,0,1,0,0,0,3,5,0,0,0,3,0,5,0,4,0,0,0,0,0,0,0,0,0,0,0,0,0,0,0,0,0,0,0,0,0,0,0,0,200,0,0,0,0,0,0,0,0,0,0,0,0,0,0,0,0,0,0,0,0,2,0,0,3,0,0,0,1,0,8,0,0,0,0,0,0,9,0,0,0,0,0,0,2,0,0,1,0,0,0,0,0,0,0,0,26,0.021954286,25,0.02110989
S268-026-TTS ,17-Jul-16,S268,2016,1117,Day,-2.502,-170.848,0.234,5175,48,30,3.95,35.1,93,set,71.51,Enderbury,Shallow Tucker,PIPA,,743.355,1,743.355,106,0.142596741,3,2,1,0,0,1,0,0,0.004035757,0.002690505,0.001345252,0,0,0.001345252,0,0,101,5,27,18,16,4,0,2,0,0,2,0,0,17,0,0,1,2,0,5,0,0,0,0,0,0,0,0,0,0,0,0,0,0,0,0,0,0,0,0,0,0,0,0,0,0,200,0,0,0,0,0,0,0,0,0,0,0,0,0,0,0,1,0,0,0,0,1,0,0,0,0,0,0,0,0,0,0,0,0,0,1,0,9,0,0,1,0,0,0,1,0,0,3,0,0,0,0,0,0,0,0,17,0.022869289,14,0.018833532
S268-027-NT,17-Jul-16,S268,2016,2357,Night,-2.948,-170.507,0.531,5334,0,29.6,13.43,35.12,93,risen,66.23,Enderbury,Neuston,PIPA,,1112.6,0.5,556.3,58,0.104260291,14,14,0,0,0,0,0,0,0.025166277,0.025166277,0,0,0,0,0,0,108,47,4,15,5,1,0,1,0,0,0,0,0,6,0,0,11,0,0,0,0,0,0,0,0,0,0,0,0,0,2,0,0,0,0,0,0,0,0,0,0,0,0,0,0,0,200,0,0,0,0,0,0,0,0,0,0,0,0,0,0,0,0,0,0,0,0,4,0,0,0,0,0,0,0,0,0,0,0,0,0,0,0,1,0,0,0,0,0,0,0,0,0,12,0,0,0,0,0,0,0,0,17,0.030559051,3,0.005392774
S268-027-TTD,17-Jul-16,S268,2016,2235,Night,-2.918,-170.52,0.531,5122,95,29.6,10.9,35.09,93,risen,65.83,Enderbury,Deep Tucker,PIPA,,1581.761,1,1581.761,156,0.098624255,66,64,2,2,0,0,0,0,0.041725646,0.040461233,0.001264414,0.001264414,0,0,0,0,98,34,7.5,6,7,2,0.5,8,2.5,0.5,3,1.5,0,15,0.5,0,3.5,2.5,0,0,0,7.5,0,0,0,0.5,0,0,0,0,0,0,0,0,0,0,0,0,0,0,0,0,0,0,0,0,200,0,0,0,0,0,0,0,0,0,0,0,0,1,0,0,0,0,0,0,0,542,0,0,0,0,0,0,1,0,0,0,0,0,0,0,0,3,0,1,0,0,0,0,0,0,0,66,0,0,0,0,0,0,0,0,614,0.388174952,548,0.346449306
S268-027-TTS,17-Jul-16,S268,2016,2309,Night,-2.932,-170.512,0.531,5157,36.3,29.6,12.06,35.1,93,risen,66.18,Enderbury,Shallow Tucker,PIPA,,881.02,1,881.02,137,0.155501578,104,104,0,0,0,0,0,0,0.118044993,0.118044993,0,0,0,0,0,0,88,30.5,24,4.5,14,1,0,6,0.5,0,1,1,0,21,0,0.5,4.5,1.5,0,0.5,0,0,0.5,0,0.5,0,0,0,0,0,0,0,0,0.5,0,0,0,0,0,0,0,0,0,0,0,0,200,0,0,0,0,0,0,0,0,0,0,0,0,1,0,0,0,0,0,0,0,249,0,0,0,0,0,0,0,0,0,0,0,0,0,0,0,0,0,0,0,0,0,0,0,0,0,104,0,0,0,0,0,0,0,0,354,0.401806996,250,0.283762003
S268-028-NT ,18-Jul-16,S268,2016,1300,Day,-3.118,-171.167,0.258,1822,0,29.7,3.85,34.91,98,set,8.37,Enderbury,Neuston,PIPA,,2008.2,0.5,1004.1,15.5,0.015436709,0,0,0,0,0,0,0,0,0,0,0,0,0,0,0,0,71,38,8,17,21,2,0,0,1,0,0,3,0,33,1,0,2,0,0,2,0,0,0,0,0,0,0,0,0,0,0,0,0,0,1,0,0,0,0,0,0,0,0,0,0,0,200,0,0,0,0,0,0,0,0,0,0,0,0,0,0,0,0,0,0,0,0,0,0,0,0,0,0,0,15,0,0,0,0,0,0,0,0,0,0,0,0,0,0,0,0,0,0,0,0,0,0,0,0,0,0,0,15,0.014938751,15,0.014938751
S268-028-TTD,18-Jul-16,S268,2016,1137,Day,-3.107,-171.122,0.258,1034,91.6,29.7,4.47,35.02,98,set,3.31,Enderbury,Deep Tucker,PIPA,,1606.753,1,1606.753,63,0.039209511,3,2,1,1,0,0,0,0,0.00186712,0.001244746,0.000622373,0.000622373,0,0,0,0,128.5,26,3,9,19.5,0,0,2,0,0,0,0,0,2,6.5,0,1,0,0,2,0,0,0,0,0,0,0,0,0,0,0,0,0,0,0,0.5,0,0,0,0,0,0,0,0,0,0,200,0,0,0,1,0,0,0,0,0,0,0,0,2,0,1,5,0,0,0,0,1,0,0,0,0,0,0,5,0,0,0,0,0,1,0,0,5,0,0,6,0,0,0,0,0,0,3,0,0,0,0,0,0,0,1,31,0.019293569,28,0.017426449
S268-028-TTS,18-Jul-16,S268,2016,1211,Day,-3.107,-171.14,0.258,1033,38.7,29.7,4.23,35.02,98,set,5.31,Enderbury,Shallow Tucker,PIPA,,1051.633,1,1051.633,176,0.167358765,1,0,1,1,0,0,0,0,0.000950902,0,0.000950902,0.000950902,0,0,0,0,63,3,10,14,27,25,0,3,0,3,1,3,0,20,3,0,4,2,0,10,0,0,0,0,0,0,0,0,0,0,0,0,0,5,0,0,0,0,0,0,0,0,0,0,0,4,200,0,0,0,0,0,0,0,0,0,0,0,0,7,0,1,0,0,0,0,0,56,0,0,1,0,0,0,0,0,0,0,0,0,0,0,0,8,0,0,0,0,0,0,0,0,0,1,0,0,0,0,0,0,0,0,74,0.070366753,73,0.069415851
S268-029-NT,19-Jul-16,S268,2016,21,Night,-3.032,-171.365,0.387,1108,0,29.4,10.07,34.87,98,risen,31.5,Enderbury,Neuston,PIPA,,1681.6,0.5,840.8,31,0.036869648,0,0,0,0,0,0,0,0,0,0,0,0,0,0,0,0,142,25,1,4,2,0,0,1,7,0,3,1,0,0,1,0,0,0,0,0,0,7,0,0,0,0,0,0,0,5,0,0,0,0,0,0,0,0,0,0,1,0,0,0,0,0,200,0,0,0,0,0,0,0,0,0,0,0,0,0,0,0,0,0,0,0,0,7,0,0,0,0,0,0,0,0,0,0,0,0,0,0,0,1,0,0,0,0,0,0,0,0,0,0,0,0,0,0,0,0,0,0,8,0.009514748,8,0.009514748
S268-029-TTD,18-Jul-16,S268,2016,2308,Night,-3.01,-171.38,0.387,1223,110.5,29.5,10.23,34.95,98,risen,30.5,Kanton,Deep Tucker,PIPA,,1447.193,1,1447.193,111,0.076700205,0,0,0,0,0,0,0,0,0,0,0,0,0,0,0,0,123,34,9.5,4,9.5,0.5,0,4.5,1,0.5,0,1,0,3.5,1,0,1.5,0,0,2,0,3,0,0,0,0,0,0,0,0.5,0,0,0,0,0,0.5,0.5,0,0,0,0,0,0,0,0,0,200,0,1,0,1,0,0,0,0,0,0,0,0,0,0,0,0,0,0,0,0,88,0,0,0,0,0,0,0,0,0,0,0,0,0,0,0,13,0,0,1,0,0,0,0,0,0,0,0,0,0,0,1,0,0,0,105,0.072554248,105,0.072554248
S268-029-TTS,18-Jul-16,S268,2016,2340,Night,-3.02,-171.375,0.387,1132,47.5,29.5,10.15,34.93,98,risen,31.55,Kanton,Shallow Tucker,PIPA,,1366.079,1,1366.079,190,0.139084196,1,1,0,0,0,0,0,0,0.000732022,0.000732022,0,0,0,0,0,0,115,36.5,15,4.5,11,0,0,2.5,1,1.5,1.5,1,0,1,0.5,0,3,0,0,4,0,0,0,0,0,0.5,0,0,0,0,0,0,0,1.5,0,0,0,0,0,0,0,0,0,0,0,0,200,0,0,0,0,0,0,0,0,0,0,0,0,5,0,0,0,0,0,0,0,199,0,0,0,0,0,0,0,0,0,0,0,0,0,0,0,3,0,0,1,0,0,0,1,0,0,1,0,0,0,0,0,0,0,0,210,0.153724638,209,0.152992616
S268-031-NT,23-Jul-16,S268,2016,1925,Night,-2.88,-171.788,0.309,2439,0,29.7,8.87,35.1,86,set,10.39,Kanton,Neuston,PIPA,,2086.7,0.5,1043.35,125,0.119806393,0,0,0,0,0,0,0,0,0,0,0,0,0,0,0,0,30,164,0,3,0.5,0,0,0,0.5,0,0,1,0,0.5,0,0,0,0,0,0,0,0,0,0,0,0,0,0,0,0,0,0,0,0,0.5,0,0,0,0,0,0,0,0,0,0,0,200,0,0,0,0,0,0,0,0,0,0,0,0,0,0,0,0,0,0,0,0,3,0,0,0,0,0,0,0,0,0,0,0,0,0,0,0,0,0,0,0,0,0,0,0,0,0,0,0,0,0,0,0,0,0,0,3,0.002875353,3,0.002875353
S268-031-TTD,23-Jul-16,S268,2016,1749,Night,-2.835,-171.75,0.309,1720,96.9,29.8,7.26,35.04,86,set,4.36,Kanton,Deep Tucker,PIPA,,1609.396,1,1609.396,78,0.048465387,1,0,1,1,0,0,0,0,0.000621351,0,0.000621351,0.000621351,0,0,0,0,62,68,8,7,9,0,3,2,5,4,0,7,0,5,0,0,0,3,0,3,0,7,0,0,0,0,1,0,1,0,0,0,0,0,5,0,0,0,0,0,0,0,0,0,0,0,200,0,0,0,0,0,0,0,0,0,0,0,0,0,0,5,0,0,0,0,0,11,0,0,0,0,0,0,0,0,1,0,0,0,0,0,0,12,0,0,0,0,0,0,0,0,0,1,0,0,0,0,0,0,0,0,30,0.018640533,29,0.018019182
S268-031-TTS,23-Jul-16,S268,2016,1827,Night,-2.852,-171.728,0.309,1118,40.2,29.7,7.3,35.11,86,set,3.14,Kanton,Shallow Tucker,PIPA,,1323.92,1,1323.92,111,0.083841924,3,2,1,1,0,0,0,0,0.002265998,0.001510665,0.000755333,0.000755333,0,0,0,0,82,97,1,4,3,0,0,1,0,1,0,3,0,4,0,0,2,0,0,0,0,0,0,0,0,0,0,0,0,0,0,0,0,0,2,0,0,0,0,0,0,0,0,0,0,0,200,0,0,0,0,0,0,0,0,0,0,0,0,1,0,0,0,0,0,0,0,14,0,0,1,0,0,1,0,0,0,0,0,0,0,0,0,2,0,0,0,0,0,0,1,0,0,3,0,0,0,0,0,0,0,0,23,0.017372651,20,0.015106653
S268-032-NT,24-Jul-16,S268,2016,1208,Day,-3.527,-172.075,0.411,5076,0,29.6,5.1,35.13,77,set,61.82,Birnie,Neuston,PIPA,,2293.3,0.5,1146.65,9.5,0.008285004,0,0,0,0,0,0,0,0,0,0,0,0,0,0,0,0,177,2,0,2,0,3,0,0,0,0,0,0,0,12,0,0,0,0,0,2,0,0,0,0,0,0,0,0,0,0,0,0,0,0,2,0,0,0,0,0,0,0,0,0,0,0,200,0,0,0,0,0,0,0,0,0,0,0,0,0,0,0,0,0,0,0,0,1,0,1,0,0,0,0,6,0,0,0,0,0,0,0,0,0,0,0,0,0,0,0,0,0,0,0,0,0,0,0,0,0,0,0,8,0.006976846,8,0.006976846
S268-032-TTD,24-Jul-16,S268,2016,1054,Day,-3.492,-171.053,0.411,5407,96,29.6,5.11,35.14,77,set,38.34,Enderbury,Deep Tucker,PIPA,,1500.433,1,1500.433,112,0.074645119,4,3,1,1,0,0,0,0,0.002665897,0.001999423,0.000666474,0.000666474,0,0,0,0,43,82,14,9,0.5,6,0,1.5,0,4.5,0,0.5,0.5,24.5,0,0,2,6.5,0,0.5,0,4,0,0,0,0,0,0,0,0.5,0,0,0,0,0,0,0.5,0,0,0,0,0,0,0,0,0,200,0,0,0,0,0,0,0,0,0,0,0,0,0,0,0,0,0,0,0,0,40,0,0,0,0,0,0,0,0,0,0,0,0,0,0,0,0,0,0,0,0,0,0,0,0,0,3,0,0,0,0,0,0,0,0,43,0.028658394,39,0.025992497
S268-032-TTS,24-Jul-16,S268,2016,1127,Day,-3.508,-172.063,0.411,5594,51,29.6,5.15,35.14,77,set,60.74,Birnie,Shallow Tucker,PIPA,,2622.901,1,2622.901,142,0.054138528,18,14,4,4,0,0,0,0,0.00686263,0.005337601,0.001525029,0.001525029,0,0,0,0,9,3,25,4,1,11,0,2,1,1,1,5,0,101,2,2,0,15,0,8,0,0,0,0,4,0,0,0,0,0,0,0,0,1,3,0,0,0,0,0,1,0,0,0,0,0,200,0,0,0,0,0,0,0,0,0,0,0,0,4,0,1,0,0,0,0,0,55,0,0,0,0,0,0,0,0,0,0,0,0,0,0,0,7,0,0,0,0,0,0,0,0,0,18,0,0,0,0,0,0,0,1,86,0.032788123,68,0.025925492
S268-033-NT,24-Jul-16,S268,2016,13,Night,-4.203,-172.298,0.59,5500,0,29.6,14.31,35.11,67,risen,34.46,Orona,Neuston,PIPA,,2993.7,0.5,1496.85,13,0.008684905,1,1,0,0,0,0,0,0,0.00066807,0.00066807,0,0,0,0,0,0,120,32,19,7,8,0,0,1,0,0,1,2,0,1,2,0,3,0,0,0,0,0,0,0,0,0,0,0,0,0,3,0,0,1,0,0,0,0,0,0,0,0,0,0,0,0,200,0,0,0,0,0,0,1,0,0,0,0,0,0,0,0,0,0,0,0,0,0,0,1,0,0,0,0,0,0,0,0,0,0,0,0,0,0,0,0,0,0,0,0,0,0,0,0,0,0,0,0,0,0,0,0,2,0.001336139,1,0.00066807
S268-033-TTD,24-Jul-16,S268,2016,2256,Night,-4.158,-172.288,0.59,5489,99.7,29.6,14.07,35.11,67,risen,38.68,Orona,Deep Tucker,PIPA,,1492.236,1,1492.236,106,0.07103434,23,22,1,0,0,1,0,0,0.015413112,0.014742976,0.000670135,0,0,0.000670135,0,0,84.5,43.5,13,5,4,2.5,0,6.5,1,4,1.5,1.5,0,16,1,0,4.5,6,0,2.5,0,3,0,0,0,0,0,0,0,0,0,0,0,0,0,0,0,0,0,0,0,0,0,0,0,0,200,0,1,0,0,0,0,0,0,0,0,0,0,0,0,0,0,0,0,0,0,96,1,0,0,0,0,0,0,0,0,0,0,0,0,0,0,16,0,0,0,0,0,0,6,0,0,23,0,0,0,0,0,0,0,0,143,0.095829346,120,0.080416234
S268-033-TTS,24-Jul-16,S268,2016,2331,Night,-4.178,-172.293,0.59,5504,64,29.6,14.73,35.1,67,risen,36.83,Orona,Shallow Tucker,PIPA,,989.021,1,989.021,119,0.120321004,5,5,0,0,0,0,0,0,0.005055504,0.005055504,0,0,0,0,0,0,72,47,8,6,5,0,0,2,1,1,0,2,0,46,1,0,8,0,0,0,0,0,0,0,1,0,0,0,0,0,0,0,0,0,0,0,0,0,0,0,0,0,0,0,0,0,200,0,0,0,0,0,0,0,0,0,0,0,0,1,0,1,0,0,0,0,0,126,0,0,0,0,0,0,0,0,0,0,0,0,0,0,0,3,0,0,0,0,0,0,0,0,0,5,0,0,0,0,0,0,0,1,137,0.13852082,132,0.133465316
S268-034-NT,25-Jul-16,S268,2016,1636,Day,-4.59,-172.303,0.575,3279,0,29.7,5.87,35.14,67,set,11.46,Orona,Neuston,PIPA,,2088.8,0.5,1044.4,11,0.010532363,0,0,0,0,0,0,0,0,0,0,0,0,0,0,0,0,44,2,47,33,34,3,0,0,0,2,0,0,2,0,0,0,29,0,0,0,0,0,0,0,0,0,0,0,0,0,4,0,0,0,0,0,0,0,0,0,0,0,0,0,0,0,200,0,0,0,0,0,0,0,0,0,0,0,0,0,0,0,0,0,0,0,0,0,0,0,0,0,0,0,1,0,0,0,0,0,0,0,0,3,0,0,0,0,0,0,0,0,0,0,0,0,0,0,0,0,0,0,4,0.00382995,4,0.00382995
S268-034-TTD,25-Jul-16,S268,2016,1523,Day,-4.553,-172.272,0.575,2242,92.4,29.8,5.54,35.06,67,set,6.28,Orona,Deep Tucker,PIPA,,1859.281,1,1859.281,90,0.048405808,1,0,1,1,0,0,0,0,0.000537842,0,0.000537842,0.000537842,0,0,0,0,45,99,4,8,4,3,3,0,5,1,0,0,1,16,0,0,0,0,0,2,0,6,0,0,0,0,0,0,0,0,0,0,0,0,1,0,1,0,0,0,0,0,0,1,0,0,200,0,0,0,0,0,0,0,0,0,0,0,0,0,0,0,0,0,0,0,0,3,0,0,1,0,0,0,0,0,0,0,0,0,0,0,0,5,0,0,0,0,0,0,0,0,0,1,0,0,1,0,0,0,0,0,11,0.005916265,10,0.005378423
S268-034-TTS,25-Jul-16,S268,2016,1556,Day,-4.568,-172.287,0.575,2706,42.9,29.7,6.01,35.07,67,set,8.59,Orona,Shallow Tucker,PIPA,,1444.043,1,1444.043,71,0.049167511,0,0,0,0,0,0,0,0,0,0,0,0,0,0,0,0,96,30,18,10,6,5,0,2,0,4,0,3,0,16,4,0,3,1,0,1,0,0,0,0,0,0,0,0,0,0,0,0,0,0,1,0,0,0,0,0,0,0,0,0,0,0,200,0,0,0,0,0,0,0,0,0,0,0,0,0,0,1,1,0,0,0,0,30,0,0,0,0,0,1,0,0,0,0,0,0,0,0,0,14,0,0,0,0,0,0,0,0,0,0,0,0,0,0,0,0,0,0,47,0.032547507,47,0.032547507
S268-035-NT,25-Jul-16,S268,2016,2339,Night,-4.683,-172.36,0.354,3851,0,29.7,11.47,35.08,55,risen,23.16,Orona,Neuston,PIPA,,2018,0.5,1009,12,0.011892963,0,0,0,0,0,0,0,0,0,0,0,0,0,0,0,0,104,41,15,6,4,0,0,4,2,0,5,0,0,3,2,0,13,0,0,0,0,0,0,0,1,0,0,0,0,0,0,0,0,0,0,0,0,0,0,0,0,0,0,0,0,0,200,0,0,0,0,0,0,0,0,0,0,0,0,0,0,0,0,0,0,0,0,0,0,0,0,0,0,0,0,0,0,0,0,0,0,0,0,1,0,0,0,0,0,0,0,0,0,0,0,0,0,0,0,0,0,0,1,0.00099108,1,0.00099108
S268-036-NT,29-Jul-16,S268,2016,4,Night,-4.103,-173.013,0.641,4673,0,29.7,11.47,35.11,22,set,98.59,Orona,Neuston,PIPA,,1730.7,0.5,865.35,25,0.028890044,0,0,0,0,0,0,0,0,0,0,0,0,0,0,0,0,98,45,2,5,1,0,1,2,14,0,0,1,1,3,0,0,3,0,0,0,0,23,0,0,0,0,0,0,0,1,0,0,0,0,0,0,0,0,0,0,0,0,0,0,0,0,200,0,0,0,0,0,0,0,0,0,0,0,0,0,0,0,0,0,0,0,0,0,0,0,0,0,0,0,0,0,0,0,0,0,0,0,0,0,0,0,0,0,0,0,0,0,0,0,0,0,0,0,0,0,0,0,0,0,0,0
S268-036-TTD,28-Jul-16,S268,2016,2245,Night,-4.065,-172.997,0.641,4624,118.7,29.8,10.93,35.14,22,set,99.05,Orona,Deep Tucker,PIPA,,1099.239,1,1099.239,81,0.073687342,0,0,0,0,0,0,0,0,0,0,0,0,0,0,0,0,118,33,8,9,12,1,0,3,0,1,2,3,0,2,1,0,6,0,0,0,0,0,0,0,0,0,0,0,0,0,0,0,0,1,0,0,0,0,0,0,0,0,0,0,0,0,200,0,0,0,0,0,0,0,0,0,0,0,0,1,0,0,1,0,0,0,0,1,0,0,0,0,0,0,0,0,0,0,0,0,0,0,0,3,0,0,1,0,0,0,0,0,0,0,0,0,0,0,0,0,0,1,8,0.007277762,8,0.007277762
S268-036-TTS,28-Jul-16,S268,2016,2320,Night,-4.078,-173.002,0.641,4503,42.7,29.8,11,35.13,22,set,98.83,Orona,Shallow Tucker,PIPA,,1238.586,1,1238.586,146,0.117876353,0,0,0,0,0,0,0,0,0,0,0,0,0,0,0,0,111,24.5,8.5,4.5,6.5,0.5,0,7,2,1,0,0,0,10,1,5.5,17,0.5,0,0,0,0,0,0,0,0,0,0,0,0,0,0,0,0.5,0,0,0,0,0,0,0,0,0,0,0,0,200,0,0,0,0,0,0,0,0,0,0,0,0,0,0,0,0,0,0,0,0,2,0,0,0,0,0,0,0,0,0,1,0,0,0,0,0,0,0,0,0,0,0,0,0,0,0,0,0,0,0,0,0,0,0,0,3,0.002422117,3,0.002422117
S268-037-NT,29-Jul-16,S268,2016,1208,Day,-3.565,-173.573,0.388,5875,0,29.7,4.62,35.16,22,risen,60.82,McKean,Neuston,PIPA,,2099.6,0.5,1049.8,3.5,0.003333968,0,0,0,0,0,0,0,0,0,0,0,0,0,0,0,0,75,19,7,7,6,0,0,0,0,7,1,6,0,35,2,2,22,0,0,11,0,0,0,0,0,0,0,0,0,0,0,0,0,0,0,0,0,0,0,0,0,0,0,0,0,0,200,0,0,0,0,0,0,0,0,0,0,0,0,0,0,0,0,0,0,0,0,0,0,1,0,0,0,0,4,0,0,0,0,0,0,0,0,0,0,0,0,0,0,0,0,0,0,0,0,0,0,0,0,0,0,0,5,0.004762812,5,0.004762812
S268-037-TTD,29-Jul-16,S268,2016,1052,Day,-3.518,-173.555,0.388,5822,99,29.6,4.86,35.14,22,risen,63.48,McKean,Deep Tucker,PIPA,,1888.544,1,1888.544,99,0.052421336,2,0,2,2,0,0,0,0,0.001059017,0,0.001059017,0.001059017,0,0,0,0,77,64,15,4.5,13.5,1,0,1.5,2.5,4,1,1,0,5,0,0,4.5,1.5,0,2,0,1.5,0,0,0,0,0,0,0,0,0,0,0,0,0,0,0.5,0,0,0,0,0,0,0,0,0,200,0,0,0,0,0,0,0,0,0,0,0,0,0,0,0,0,0,0,0,0,8,0,0,1,0,0,0,0,0,0,0,0,0,0,0,0,4,0,0,7,0,0,0,0,0,0,1,0,0,0,0,0,0,0,0,21,0.011119677,19,0.01006066
S268-037-TTS,29-Jul-16,S268,2016,1128,Day,-3.538,-173.647,0.388,5444,35.1,29.7,4.6,35.15,22,risen,53.06,McKean,Shallow Tucker,PIPA,,1552.472,1,1552.472,35,0.02254469,5,1,4,1,0,3,0,0,0.00322067,0.000644134,0.002576536,0.000644134,0,0.001932402,0,0,35,20,19,16,13,3,0,3,1,18,2,27,0,14,2,0,9,0,0,16,0,0,0,0,0,0,0,0,0,0,0,0,0,2,0,0,0,0,0,0,0,0,0,0,0,0,200,23,0,0,0,0,0,0,0,0,0,0,0,0,1,3,0,0,0,0,0,30,0,0,0,0,0,5,0,0,0,0,0,0,0,1,0,28,0,0,2,0,0,1,1,0,0,5,0,0,0,0,0,0,0,2,102,0.065701668,97,0.062480998
S268-038-NT,29-Jul-16,S268,2016,2358,Night,-3.028,-173.928,0.32,5008,0,29.7,9.72,35.1,22,set,65.93,McKean,Neuston,PIPA,,1939.5,0.5,969.75,47.5,0.048981696,1,1,0,0,0,0,0,0,0.001031194,0.001031194,0,0,0,0,0,0,86,52,18,2,5,0,0,5,7,1,0,15,0,0,4,0,4,0,0,0,0,0,0,0,0,0,0,0,0,0,1,0,0,0,0,0,0,0,0,0,0,0,0,0,0,0,200,0,0,0,0,0,0,0,0,0,0,0,0,0,0,0,0,0,0,0,0,0,0,0,0,0,0,0,0,0,0,0,0,0,0,0,0,0,0,0,0,0,0,0,0,0,0,1,0,0,0,0,0,0,0,0,1,0.001031194,0,0
S268-038-TTD,29-Jul-16,S268,2016,2239,Night,-2.975,-173.95,0.32,5531,89,29.7,9.57,35.1,22,set,70.79,McKean,Deep Tucker,PIPA,,1751.146,1,1751.146,141,0.0805187,2,1,1,1,0,0,0,0,0.001142109,0.000571055,0.000571055,0.000571055,0,0,0,0,100,46.5,11.5,8.5,2.5,0,0.5,5.5,2.5,3.5,0.5,2,0.5,1,3,0,1.5,3.5,0,2,0,4.5,0,0,0,0,0,0,0,0,0,0,0,0,0.5,0,0,0,0,0,0,0,0,0,0,0,200,5,0,0,0,0,0,0,0,1,1,0,0,1,0,0,0,0,0,0,0,47,0,0,0,0,0,0,0,0,1,1,0,0,0,0,0,16,0,0,0,0,0,0,0,0,0,2,0,1,2,0,0,0,0,1,79,0.045113314,77,0.043971205
S268-038-TTS,29-Jul-16,S268,2016,2312,Night,-2.997,-173.952,0.32,5531,40,29.7,9.76,35.09,22,set,65.93,McKean,Shallow Tucker,PIPA,,1254.873,1,1254.873,178,0.141847024,0,0,0,0,0,0,0,0,0,0,0,0,0,0,0,0,67,67,11.5,8,13.5,0,0,6,0,1,1.5,2,0.5,9,1,1.5,3.5,2.5,0,2,0,0,0,0,1,0,0,0,0,0,0,0,0,0,1,0,0,0,0.5,0,0,0,0,0,0,0,200,3,0,0,0,0,0,0,0,0,0,0,0,0,0,0,0,0,0,0,0,145,0,0,1,0,0,0,0,1,0,0,0,0,0,0,0,9,0,0,0,0,0,0,2,0,0,0,0,0,0,0,0,0,0,0,161,0.128299836,161,0.128299836
S268-039-NT,30-Jul-16,S268,2016,1150,Day,-2.57,-174.332,0.267,3930,0,29.9,3.99,35.15,14,risen,115.31,McKean,Neuston,PIPA,,2150.9,0.5,1075.45,4,0.003719373,0,0,0,0,0,0,0,0,0,0,0,0,0,0,0,0,145,1,4,9,4,0,0,0,0,0,0,17,0,18,0,0,1,0,0,1,0,0,0,0,0,0,0,0,0,0,0,0,0,0,0,0,0,0,0,0,0,0,0,0,0,0,200,0,0,0,0,0,0,0,0,0,0,0,0,1,0,0,0,0,0,0,0,0,0,1,0,0,0,0,4,0,0,0,0,0,0,0,0,0,0,0,0,0,0,0,0,0,0,0,0,0,0,0,0,0,0,0,6,0.00557906,6,0.00557906
S268-039-TTD,30-Jul-16,S268,2016,1035,Day,-2.533,-174.34,0.267,4011,84.7,29.9,5.31,35.18,14,risen,119.5,McKean,Deep Tucker,PIPA,,991.691,1,991.691,107,0.107896512,0,0,0,0,0,0,0,0,0,0,0,0,0,0,0,0,11,30,3.5,2,0.5,0,0,0.5,2.5,3,0,116.5,0.5,24,1,0,1.5,3,0,0,0,0,0,0,0,0,0,0,0.5,0,0,0,0,0,0,0,0,0,0,0,0,0,0,0,0,0,200,0,0,0,0,0,0,0,0,0,0,0,0,0,0,0,0,0,0,0,1,1,0,0,0,0,0,1,0,0,0,0,0,0,0,0,0,22,0,0,0,0,0,0,5,0,0,0,0,0,0,0,0,0,0,0,30,0.030251359,30,0.030251359
S268-039-TTS,30-Jul-16,S268,2016,1107,Day,-2.547,-174.337,0.267,3095,37.1,29.9,5.07,35.17,14,risen,117.91,McKean,Shallow Tucker,PIPA,,1060.604,1,1060.604,212,0.199886103,1,0,1,0,0,1,0,0,0.000942859,0,0.000942859,0,0,0.000942859,0,0,1,3,5,1,0,0,0,0,0,4,0,161,0,24,0,0,0,0,0,0,0,0,0,0,0,0,0,0,0,0,0,0,0,1,0,0,0,0,0,0,0,0,0,0,0,0,200,0,0,0,0,0,0,0,0,0,0,0,0,1,1,0,0,0,0,0,0,4,0,0,0,1,0,0,0,0,0,0,0,0,0,0,0,9,0,0,2,0,0,0,0,0,0,1,0,0,0,0,0,0,0,0,19,0.017914321,18,0.016971462
S268-040-NT,31-Jul-16,S268,2016,8,Night,-1.993,-174.672,0.448,3614,0,29.7,14.37,35.14,7,set,186.96,McKean,Neuston,PIPA,,1438.3,0.5,719.15,51,0.070917055,1,0,1,1,0,0,0,0,0.00139053,0,0.00139053,0.00139053,0,0,0,0,70,75,4,5,5,0,0,3,0,2,0,27,0,2,3,1,2,0,0,0,0,0,0,0,0,0,0,0,0,0,0,0,0,0,0,0,0,0,0,0,0,0,0,0,0,1,200,0,0,0,0,0,0,0,0,0,0,0,0,0,0,0,0,0,0,0,0,3,0,0,0,0,0,0,0,0,0,0,0,0,0,0,0,0,0,0,0,0,0,0,0,0,0,1,0,0,0,0,0,0,0,0,4,0.005562122,3,0.004171591
S268-040-TTD,30-Jul-16,S268,2016,2242,Night,-1.948,-174.652,0.448,3774,82.5,29.7,13.99,35.15,14,set,190.98,McKean,Deep Tucker,PIPA,,1787.885,1,1787.885,151,0.084457334,1,0,1,1,0,0,0,0,0.00055932,0,0.00055932,0.00055932,0,0,0,0,73,58.5,16,8.5,7.5,0.5,4,9.5,1.5,2.5,0,6,0,6,1.5,0,1,1.5,0,0.5,0,1.5,0,0,0,0,0,0,0,0,0,0,0,0,0.5,0,0,0,0,0,0,0,0,0,0,0,200,1,0,0,0,0,0,0,0,0,0,0,0,0,0,1,0,0,0,0,0,36,0,0,0,0,0,0,0,0,0,0,0,0,0,0,0,17,0,0,0,0,0,0,2,0,0,1,0,0,0,0,0,0,0,0,58,0.032440565,57,0.031881245
S268-040-TTS,30-Jul-16,S268,2016,2314,Night,-1.963,-174.662,0.448,3514,40.8,29.7,14.36,35.14,14,set,189.75,McKean,Shallow Tucker,PIPA,,1447.167,1,1447.167,215,0.14856613,2,0,2,1,0,1,0,0,0.001382011,0,0.001382011,0.000691005,0,0.000691005,0,0,105,31,18,3.5,10.5,0,0,4.5,0,1.5,0,16.5,0,6.5,0.5,0.5,0,0,0,0.5,0,0,0,0,0,0,0,0,0,0,0,0,0,0.5,0,0,0,0,0.5,0,0,0,0,0,0,0.5,200,0,0,0,0,0,0,0,0,0,0,0,0,2,0,1,0,0,0,0,0,69,0,0,0,0,0,0,0,0,0,0,0,0,0,1,0,8,0,0,2,0,0,0,0,0,0,2,0,0,0,0,0,0,0,0,85,0.058735447,83,0.057353436
S268-041-NT,31-Jul-16,S268,2016,1157,Day,-1.605,-174.828,0.42,3595,0,29.8,5.25,35.17,7,risen,233.19,McKean,Neuston,PIPA,,2099,0.5,1049.5,4.5,0.004287756,0,0,0,0,0,0,0,0,0,0,0,0,0,0,0,0,111,6,21,19,5,1,0,1,0,1,1,16,0,12,1,1,3,0,0,0,0,0,0,1,0,0,0,0,0,0,0,0,0,0,0,0,0,0,0,0,0,0,0,0,0,0,200,0,0,0,0,0,0,0,0,0,0,0,0,0,0,0,0,0,0,0,0,0,0,0,0,0,0,0,0,0,0,0,0,0,0,0,0,0,0,0,0,0,0,0,0,0,0,0,0,0,0,0,0,0,0,1,1,0.000952835,1,0.000952835
S268-041-TTD,31-Jul-16,S268,2016,1049,Day,-1.567,-174.808,0.42,3300,97.9,29.7,5.62,35.18,7,risen,236.46,McKean,Deep Tucker,PIPA,,1443.028,1,1443.028,59,0.040886248,1,0,1,0,0,1,0,0,0.000692987,0,0.000692987,0,0,0.000692987,0,0,57,86,1,5,6,0,0,0,4,0,0,4,1,12,0,0,0,14,0,2,0,7,0,0,0,0,0,0,0,0,0,0,0,0,0,0,0,0,1,0,0,0,0,0,0,0,200,4,0,0,0,0,0,0,0,0,0,0,0,1,0,0,0,0,0,0,0,0,0,0,0,0,0,0,0,0,0,0,0,0,0,0,0,13,0,0,0,0,0,0,0,0,0,1,0,0,0,0,0,0,0,0,19,0.013166758,18,0.01247377
S268-041-TTS,31-Jul-16,S268,2016,1118,Day,-1.587,-174.817,0.42,2268,34.2,29.7,5.36,35.17,7,risen,234.67,McKean,Shallow Tucker,PIPA,,1487.217,1,1487.217,61,0.041016207,0,0,0,0,0,0,0,0,0,0,0,0,0,0,0,0,11,5,34,6,2,1,0,1,1,10,12,32,0,63,1,7,1,5,0,5,0,0,0,0,0,0,0,0,0,0,0,0,0,3,0,0,0,0,0,0,0,0,0,0,0,0,200,3,0,0,0,0,0,0,0,0,0,0,0,1,0,1,0,0,0,0,0,0,0,0,0,0,0,0,0,0,0,0,0,0,0,0,0,6,0,0,1,0,0,0,0,0,0,0,0,0,0,0,0,0,0,1,13,0.008741159,13,0.008741159
S268-042-NT,1-Aug-16,S268,2016,48,Night,-1.97,-175.062,0.488,5022,0,29.7,14.69,35.18,2,set,207.39,McKean,Neuston,PIPA,,1743.9,0.5,871.95,109,0.125007168,0,0,0,0,0,0,0,0,0,0,0,0,0,0,0,0,20,60,5,0,4,0,1,4,8,2,0,85,0,5,1,0,0,2,0,0,0,0,0,0,0,0,0,0,0,1,2,0,0,0,0,0,0,0,0,0,0,0,0,0,0,0,200,0,0,0,0,0,0,0,0,0,0,0,0,0,0,0,0,0,0,0,0,0,0,0,0,0,0,0,0,0,0,0,0,0,0,0,0,0,0,0,0,0,0,0,0,0,0,0,0,0,0,0,0,0,0,0,0,0,0,0
S268-042-TTD,31-Jul-16,S268,2016,2244,Night,-1.917,-175.04,0.488,4975,98.1,29.7,13.79,35.15,7,set,211.29,McKean,Deep Tucker,PIPA,,1575.701,1,1575.701,103,0.065367732,1,0,1,0,0,1,0,0,0.000634638,0,0.000634638,0,0,0.000634638,0,0,54,75,9.5,2,5.5,0,0.5,14,1,0.5,0,11,0,17.5,1,0,2,0.5,0,0,1,2,0,0,0,0.5,0,0,0,0.5,0,0,0,0,0,0.5,0.5,0,0.5,0,0,0,0,0.5,0,0,200,0,0,0,0,0,0,0,0,0,0,0,0,1,0,0,1,0,0,0,0,8,0,0,0,0,0,0,0,0,0,0,0,0,0,0,0,9,0,0,0,0,0,0,1,0,0,1,0,1,0,0,0,0,0,0,22,0.01396204,21,0.013327402
S268-042-TTS,31-Jul-16,S268,2016,2319,Night,-1.6,-175.052,0.488,5115,42.9,29.7,14.34,35.16,7,set,243.18,McKean,Shallow Tucker,PIPA,,1165.001,1,1165.001,154,0.132188728,1,0,1,1,0,0,0,0,0.000858368,0,0.000858368,0.000858368,0,0,0,0,44.5,86,9,1,7.5,0,0,5.5,0.5,0,0.5,9.5,0,29.5,0.5,0.5,3.5,1,0,0,0,0,0.5,0,0,0.5,0,0,0,0,0,0,0,0,0,0,0,0,0,0,0,0,0,0,0,0,200,0,0,0,0,0,0,0,0,0,0,0,0,2,0,0,0,0,0,0,0,30,0,0,0,0,0,0,0,0,0,0,0,0,0,0,0,4,0,0,0,0,0,0,0,0,0,1,0,0,0,0,0,0,0,0,37,0.031759629,36,0.030901261
S268-043-NT,1-Aug-16,S268,2016,1232,Day,-2.713,-174.967,0.145,4250,0,29.9,3.96,35.16,2,risen,134.88,McKean,Neuston,PIPA,,1160.2,0.5,580.1,5,0.008619204,0,0,0,0,0,0,0,0,0,0,0,0,0,0,0,0,171,1,0,1,0,0,0,0,0,0,0,11,0,14,0,0,2,0,0,0,0,0,0,0,0,0,0,0,0,0,0,0,0,0,0,0,0,0,0,0,0,0,0,0,0,0,200,0,0,0,0,0,0,0,0,0,0,0,0,0,0,0,0,0,0,0,0,0,0,0,0,0,0,0,3,0,0,0,0,0,0,0,0,0,0,0,0,0,0,0,0,0,0,0,0,0,0,0,0,0,0,0,3,0.005171522,3,0.005171522
S268-043-TTD,1-Aug-16,S268,2016,1118,Day,-2.68,-174.985,0.145,4481,98.4,29.9,5.05,35.16,2,risen,138.9,McKean,Deep Tucker,PIPA,,1482.811,1,1482.811,65,0.043835661,0,0,0,0,0,0,0,0,0,0,0,0,0,0,0,0,15,129,4,1,0,0,0,1,1,1,0,9,0,26,2,0,1,5,0,0,0,3,0,0,0,0,0,0,0,1,0,0,0,0,0,0,0,0,1,0,0,0,0,0,0,0,200,0,0,0,0,0,0,0,0,0,0,0,0,0,0,0,0,0,0,0,0,0,0,0,0,0,0,0,0,0,0,0,0,0,0,0,0,1,0,0,0,0,0,0,0,0,0,0,0,0,0,0,0,0,0,0,1,0.000674395,1,0.000674395
S268-043-TTS,1-Aug-16,S268,2016,1152,Day,-2.693,-174.977,0.145,4395,42.9,29.8,4.63,35.16,2,risen,137.25,McKean,Shallow Tucker,PIPA,,1337.003,1,1337.003,140,0.104711807,0,0,0,0,0,0,0,0,0,0,0,0,0,0,0,0,7,6,3,0,0,0,0,0,1,0,1,71,0,69,1,0,0,37,0,0,0,0,0,0,2,0,0,0,0,0,0,0,0,2,0,0,0,0,0,0,0,0,0,0,0,0,200,1,0,0,0,0,0,0,0,0,0,0,0,0,0,1,0,0,0,0,0,0,0,0,0,0,0,0,0,0,0,0,0,0,0,0,0,5,0,0,0,0,0,0,0,0,0,1,0,0,0,0,0,0,0,1,9,0.006731473,9,0.006731473
S268-044-NT,2-Aug-16,S268,2016,14,Night,-3.127,-174.99,0.384,4510,0,29.7,10.76,35.13,0,risen,108.92,McKean,Neuston,PIPA,,2366.1,0.5,1183.05,44,0.037192004,0,0,0,0,0,0,0,0,0,0,0,0,0,0,0,0,78,88,5,2,12,0,0,2,0,1,0,6,0,0,3,1,2,0,0,0,0,0,0,0,0,0,0,0,0,0,0,0,0,0,0,0,0,0,0,0,0,0,0,0,0,0,200,0,0,0,0,0,0,0,0,0,0,0,0,0,0,0,0,0,0,0,0,0,0,0,0,0,0,0,0,0,0,0,0,0,0,0,0,0,0,0,0,0,0,0,0,0,0,0,0,0,0,0,0,0,0,0,0,0,0,0
S268-044-TTD,1-Aug-16,S268,2016,2247,Night,-3.072,-174.99,0.384,4547,78.1,29.7,10.82,35.13,2,risen,111.93,McKean,Deep Tucker,PIPA,,1558.559,1,1558.559,101,0.06480345,0,0,0,0,0,0,0,0,0,0,0,0,0,0,0,0,95,33.5,17.5,5,7,1,1,7.5,1.5,4,0,5.5,0.5,11.5,0.5,0,0.5,1,0,2.5,0,2,1,0,0,1,0,0,0,0,0,0,0,0,0,0,1,0,0,0,0,0,0,0,0,0,200,0,1,0,0,0,0,0,0,0,0,0,0,0,0,0,0,0,0,0,0,12,0,0,0,0,0,0,0,0,1,0,0,0,0,0,0,10,0,0,1,0,0,0,3,0,0,0,0,0,0,0,0,0,0,0,28,0.017965313,28,0.017965313
S268-044-TTS,1-Aug-16,S268,2016,2330,Night,-3.095,-174.992,0.384,5390,34,29.7,10.82,35.13,2,risen,110.83,McKean,Shallow Tucker,PIPA,,1615.804,1,1615.804,219,0.135536241,0,0,0,0,0,0,0,0,0,0,0,0,0,0,0,0,107.5,36.5,7,3,13.5,4.5,0,5.5,2.5,1.5,0.5,4.5,0,8,0.5,0.5,2.5,0,0,1,0,0,0,0,0,0,0,0,0,0,0.5,0,0,0,0,0,0,0,0,0,0.5,0,0,0,0,0,200,0,0,0,0,0,0,0,0,0,0,0,0,1,0,0,0,0,0,0,0,47,0,0,0,0,0,0,0,0,0,0,0,0,0,0,0,8,0,0,0,0,0,0,1,0,0,0,0,0,0,0,0,0,0,0,57,0.035276556,57,0.035276556
S268-045-NT,2-Aug-16,S268,2016,1206,Day,-3.635,-174.737,0.414,5428,0,29.6,5.07,35.13,0,risen,67.93,McKean,Neuston,PIPA,,2435.4,0.5,1217.7,6.5,0.005337932,0,0,0,0,0,0,0,0,0,0,0,0,0,0,0,0,108,2,5,28,11,1,16,0,0,1,1,2,0,13,1,1,9,0,0,1,0,0,0,0,0,0,0,0,0,0,0,0,0,0,0,0,0,0,0,0,0,0,0,0,0,0,200,0,0,0,0,0,0,0,0,0,0,0,0,0,0,0,1,0,0,0,0,0,0,1,0,1,0,0,1,0,0,0,0,0,0,0,0,0,0,0,0,0,0,0,0,0,0,0,0,0,0,0,0,0,0,0,4,0.003284881,4,0.003284881
S268-045-TTD,2-Aug-16,S268,2016,1053,Day,-3.59,-174.738,0.414,5386,91.5,29.6,5.51,35.13,0,risen,67.9,McKean,Deep Tucker,PIPA,,1591.907,1,1591.907,89,0.055907789,0,0,0,0,0,0,0,0,0,0,0,0,0,0,0,0,71,88,7,2,9,0,0,0,0,2,0,13,0,2,0,0,2,3,0,1,0,0,0,0,0,0,0,0,0,0,0,0,0,0,0,0,0,0,0,0,0,0,0,0,0,0,200,0,0,0,0,1,0,0,0,0,0,0,0,1,0,0,0,0,0,0,0,2,0,0,0,0,0,0,0,0,0,0,0,0,0,0,0,12,0,0,0,0,0,0,2,0,0,0,0,0,0,0,1,0,0,1,20,0.012563548,20,0.012563548
S268-045-TTS,2-Aug-16,S268,2016,1128,Day,-3.612,-174.738,0.414,5386,33.9,29.6,5.49,35.13,0,risen,67.93,McKean,Shallow Tucker,PIPA,,1379.669,1,1379.669,97,0.070306719,1,0,1,1,0,0,0,0,0.000724812,0,0.000724812,0.000724812,0,0,0,0,80,5,14,12,16,2,1,5,2,10,1,11,0,22,2,0,5,1,0,6,0,0,0,0,0,0,0,0,0,0,0,0,0,2,3,0,0,0,0,0,0,0,0,0,0,0,200,1,0,0,0,0,0,0,0,0,0,0,0,2,0,2,0,0,0,0,0,9,0,0,0,0,0,2,0,0,0,0,0,0,0,0,0,27,0,0,0,0,0,0,0,0,0,1,0,0,0,0,0,0,0,0,44,0.031891707,43,0.031166896
S268-046-NT,3-Aug-16,S268,2016,5,Night,-4.4,-174.68,0.472,5034,0,29.6,13.33,35.14,0,set,32.1,Nikumaroro,Neuston,PIPA,,2386.8,0.5,1193.4,20,0.01675884,0,0,0,0,0,0,0,0,0,0,0,0,0,0,0,0,144,13,7,7,5,0,0,4,0,2,6,4,0,0,3,0,3,0,0,0,0,0,0,0,1,0,0,0,0,0,0,0,0,0,0,0,0,1,0,0,0,0,0,0,0,0,200,0,0,0,0,0,0,0,0,0,0,0,0,0,0,0,0,0,0,0,0,0,0,0,0,0,0,0,0,0,0,0,0,0,0,0,0,0,0,0,0,0,0,0,0,0,0,0,0,0,0,0,0,0,0,0,0,0,0,0
S268-046-TTD,2-Aug-16,S268,2016,2240,Night,-4.348,-174.672,0.472,5119,94.6,29.6,13.55,35.14,0,set,36.98,Nikumaroro,Deep Tucker,PIPA,,1543.607,1,1543.607,87,0.056361496,0,0,0,0,0,0,0,0,0,0,0,0,0,0,0,0,94,32,12,7,9,0,0,5,2,3,0,1,2,8,4,0,2,5,0,4,0,10,0,0,0,0,0,0,0,0,0,0,0,0,0,0,0,0,0,0,0,0,0,0,0,0,200,0,0,0,0,0,0,0,0,0,0,0,0,1,0,0,0,0,0,0,0,0,0,0,0,0,0,0,0,0,0,1,0,0,0,0,0,7,0,0,1,0,0,0,0,0,0,0,0,0,0,0,0,0,0,0,10,0.006478333,10,0.006478333
S268-046-TTS ,2-Aug-16,S268,2016,2317,Night,-4.368,-174.678,0.472,5376,35.3,29.6,13.54,35.14,0,set,35.96,Nikumaroro,Shallow Tucker,PIPA,,1349.685,1,1349.685,126,0.093355116,0,0,0,0,0,0,0,0,0,0,0,0,0,0,0,0,95,30,13,6,10,0,0,18,0,0,0,6,0,15,2,0,4,1,0,0,0,0,0,0,0,0,0,0,0,0,0,0,0,0,0,0,0,0,0,0,0,0,0,0,0,0,200,0,0,0,0,0,0,0,0,0,0,0,0,1,0,0,0,0,0,0,0,3,0,0,1,0,0,3,0,0,1,0,0,0,0,0,0,21,0,0,0,0,0,0,0,0,0,0,0,0,0,0,0,0,0,0,30,0.022227409,30,0.022227409
S268-047-NT,4-Aug-16,S268,2016,2157,Night,-4.755,-174.635,0.845,3061,0,29.7,12.66,35.04,7,set,13.72,Nikumaroro,Neuston,PIPA,,2370,0.5,1185,18.5,0.015611814,0,0,0,0,0,0,0,0,0,0,0,0,0,0,0,0,106,19,11,15,14,0,0,5,0,9,0,10,0,0,5,0,2,0,0,1,0,0,0,0,0,0,0,0,0,0,3,0,0,0,0,0,0,0,0,0,0,0,0,0,0,0,200,0,0,0,0,0,0,0,0,0,0,0,0,0,0,0,0,0,0,0,0,2,0,0,1,0,0,0,0,0,0,0,0,0,0,0,0,1,0,0,0,0,0,0,0,0,0,0,0,0,0,0,0,0,0,0,4,0.003375527,4,0.003375527
S268-047-TTD,4-Aug-16,S268,2016,2039,Night,-4.713,-174.595,0.845,2281,93.3,29.7,11.83,35.04,7,set,7.42,Nikumaroro,Deep Tucker,PIPA,,1736.381,1,1736.381,118,0.067957436,0,0,0,0,0,0,0,0,0,0,0,0,0,0,0,0,80.5,43,16,12,11.5,0.5,1,4.5,3,2,0,0,2,6.5,0,0,1,1,0,4.5,0,10.5,0,0,0,0,0,0,0,0,0,0,0,0,0,0,0,0,0,0,0,0,0,0.5,0,0,200,0,1,0,0,0,0,0,0,0,0,0,0,1,0,0,0,0,0,0,0,1,0,0,0,0,0,1,0,0,0,1,0,0,0,0,0,6,0,0,3,0,0,0,1,0,0,0,0,0,0,0,0,0,0,0,15,0.008638657,15,0.008638657
S268-047-TTS,4-Aug-16,S268,2016,2115,Night,-4.73,-174.615,0.845,2281,39.2,29.7,12.49,35.04,7,set,10.3,Nikumaroro,Shallow Tucker,PIPA,,1320.235,1,1320.235,124,0.093922673,1,1,0,0,0,0,0,0,0.000757441,0.000757441,0,0,0,0,0,0,87,36,25,13,10,1,0,8,1,3,0,11,0,2,0,0,2,0,0,0,0,0,0,0,0,0,0,0,0,0,0,0,0,0,0,0,0,0,0,0,0,0,0,0,0,1,200,0,0,0,0,0,0,0,0,0,0,0,0,2,0,0,0,0,0,0,0,9,0,0,0,0,0,2,0,0,0,0,0,0,0,0,0,21,0,0,0,1,0,0,2,0,0,1,0,0,0,0,0,0,0,0,38,0.028782755,37,0.028025314
S268-048-NT,5-Aug-16,S268,2016,1214,Day,-5.895,-174.592,0.754,5003,0,29.8,4.71,34.99,7,risen,132.88,Nikumaroro,Neuston,PIPA,,2335.9,0.5,1167.95,3,0.002568603,0,0,0,0,0,0,0,0,0,0,0,0,0,0,0,0,145,0,2,9,1,5,0,0,0,0,0,1,0,20,0,0,10,2,0,3,0,0,0,0,0,0,0,0,0,0,0,0,0,0,0,0,0,0,0,0,0,0,0,0,0,2,200,0,0,0,0,0,0,0,0,0,0,0,0,0,0,0,0,0,0,0,0,0,0,1,0,0,0,0,7,0,0,0,0,0,0,0,0,0,0,0,0,0,0,0,0,0,0,0,0,0,0,0,0,0,0,0,8,0.006849608,8,0.006849608
S268-048-TTD,5-Aug-16,S268,2016,1046,Day,-5.822,-174.57,0.754,5810,95.1,29.7,4.95,35,7,risen,124.65,Nikumaroro,Deep Tucker,PIPA,,1511.941,1,1511.941,54,0.035715679,1,0,1,1,0,0,0,0,0.000661401,0,0.000661401,0.000661401,0,0,0,0,98,37,14,7,14,4,0,0,2,2,0,0,0,3,0,0,0,0,0,9,0,7,0,0,0,0,1,0,0,0,0,0,0,0,0,0,0,0,0,0,0,0,0,2,0,0,200,0,0,0,0,0,0,0,0,0,0,0,0,0,0,0,0,0,0,0,0,0,0,0,0,0,0,0,0,0,1,0,0,0,0,0,0,2,0,0,0,0,0,0,0,0,0,0,0,0,0,0,0,0,0,0,3,0.001984204,2,0.001322803
S268-048-TTS,5-Aug-16,S268,2016,1120,Day,-5.847,-174.58,0.754,5059,45,29.7,4.74,34.99,7,risen,127.48,Nikumaroro,Shallow Tucker,PIPA,,1696.732,1,1696.732,59,0.034772728,1,0,1,1,0,0,0,0,0.000589368,0,0.000589368,0.000589368,0,0,0,0,85,1,13,14,17,15,0,0,0,2,3,5,0,18,2,1,10,0,0,14,0,0,0,0,0,0,0,0,0,0,0,0,0,0,0,0,0,0,0,0,0,0,0,0,0,0,200,0,0,0,0,0,0,0,0,0,0,0,0,2,0,0,0,0,0,0,1,0,0,0,0,0,0,11,0,0,3,0,0,0,0,1,0,277,0,0,0,0,0,0,1,0,0,1,0,0,0,0,0,0,0,0,297,0.175042376,296,0.174453007
S268-049-NT,6-Aug-16,S268,2016,4,Night,-6.182,-174.302,0.387,5770,0,29.7,12.2,35,7,set,165.45,Nikumaroro,Neuston,PIPA,,2420.3,0.5,1210.15,19.5,0.016113705,0,0,0,0,0,0,0,0,0,0,0,0,0,0,0,0,102,29,4,17,10,0,0,5,0,0,28,2,0,0,0,0,2,0,0,0,0,0,0,0,0,0,0,0,0,0,0,0,0,0,0,0,0,1,0,0,0,0,0,0,0,0,200,0,0,0,0,0,0,0,0,0,0,0,0,0,0,0,0,0,0,0,0,0,0,0,0,0,0,0,0,0,0,0,0,0,0,0,0,0,0,0,0,0,0,0,0,0,0,0,0,0,0,0,0,0,0,0,0,0,0,0
S268-049-TTD,5-Aug-16,S268,2016,2245,Night,-6.127,-174.295,0.387,5377,95.3,29.7,11.98,34.99,7,set,159.62,Nikumaroro,Deep Tucker,PIPA,,1557.091,1,1557.091,95,0.061011206,2,0,2,1,1,0,0,0,0.001284446,0,0.001284446,0.000642223,0.000642223,0,0,0,89,43,5,6,1,3,0,10,10,3,0,0,1,5,1,0,0,1,0,5,0,17,0,0,0,0,0,0,0,0,0,0,0,0,0,0,0,0,0,0,0,0,0,0,0,0,200,0,0,0,0,0,0,0,0,0,0,0,0,0,0,2,0,0,0,0,0,0,0,0,0,0,0,2,0,0,2,1,0,0,0,0,0,20,0,0,1,0,0,0,5,0,0,1,0,0,0,0,0,0,0,0,34,0.02183559,32,0.020551143
S268-049-TTS,5-Aug-16,S268,2016,2320,Night,-6.148,-174.3,0.387,5777,47.5,29.7,12.08,34.99,7,set,161.84,Nikumaroro,Shallow Tucker,PIPA,,1257.837,1,1257.837,97.5,0.077514018,1,1,0,0,0,0,0,0,0.000795016,0.000795016,0,0,0,0,0,0,85,58,9,6,9,0,0,13,0,0,1,0,0,2,0,0,15,0,0,1,0,0,0,0,0,0,0,0,0,0,0,0,0,1,0,0,0,0,0,0,0,0,0,0,0,0,200,0,0,0,0,0,0,0,0,0,0,0,0,1,0,0,0,0,0,0,0,0,0,0,0,0,0,3,0,0,0,0,0,0,0,0,2,9,0,0,0,0,0,0,19,0,0,1,0,0,0,0,0,0,0,0,35,0.027825545,34,0.027030529
S268-050-NT,6-Aug-16,S268,2016,1446,Day,-6.448,-173.698,0.22,4531,0,29.8,4.35,35.04,14,risen,212.72,Nikumaroro,Neuston,PIPA,,1683.1,0.5,841.55,3.5,0.004158992,0,0,0,0,0,0,0,0,0,0,0,0,0,0,0,0,88,1,6,30,18,15,0,1,0,2,1,11,0,1,1,2,17,0,0,2,0,0,0,4,0,0,0,0,0,0,0,0,0,0,0,0,0,0,0,0,0,0,0,0,0,0,200,0,0,0,0,0,0,0,0,0,0,0,0,0,0,0,0,0,0,0,0,0,0,0,0,0,0,0,1,0,0,0,0,0,0,0,0,0,0,0,0,0,0,0,0,0,0,0,0,0,0,0,0,0,0,0,1,0.001188284,1,0.001188284
S268-050-TTD,6-Aug-16,S268,2016,1328,Day,-6.402,-173.75,0.22,4555,77,29.7,4.55,35.01,14,risen,205.73,Nikumaroro,Deep Tucker,PIPA,,1715.475,1,1715.475,80,0.046634314,1,0,1,1,0,0,0,0,0.000582929,0,0.000582929,0.000582929,0,0,0,0,97.5,63,7,12,5.5,1.5,0,2,2.5,1.5,0.5,0.5,0,0,2,2.5,0.5,0,0.5,1,0,0,0,0,0,0,0,0,0,0,0,0,0,0,0,0,0,0,0,0,0,0,0,0,0,0,200,1,0,0,0,0,0,0,0,0,0,0,0,0,0,0,0,0,0,0,0,0,0,0,0,0,0,0,0,0,0,0,0,0,0,1,0,5,0,0,3,0,0,0,0,0,0,1,0,0,0,0,0,0,0,0,11,0.006412218,10,0.005829289
S268-050-TTS,6-Aug-16,S268,2016,1402,Day,-6.422,-173.703,0.22,4556,51,29.8,4.47,35.02,14,risen,209.87,Nikumaroro,Shallow Tucker,PIPA,,1567.664,1,1567.664,88,0.056134478,1,0,1,0,0,1,0,0,0.000637892,0,0.000637892,0,0,0.000637892,0,0,104,3,18,21,33,6,0,2,1,6,0,2,0,0,1,0,1,0,0,2,0,0,0,0,0,0,0,0,0,0,0,0,0,0,0,0,0,0,0,0,0,0,0,0,0,0,200,0,0,0,0,0,0,0,0,0,0,0,0,1,0,1,0,0,0,0,0,0,0,0,0,0,0,0,0,0,0,0,0,0,0,0,0,54,0,0,0,0,0,0,0,0,0,1,0,0,0,0,0,0,0,0,57,0.036359832,56,0.03572194
S274-001-NT,11-Jul-17,S274,2017,1145,Day,-12.033,-170.288,0.207,5057,0,29.1,2.52,34.99,95,set,,,Neuston,SPSG,SPSG,2091,0.5,1045.5,0.9,0.000860832,0,0,0,0,0,0,0,0,0,0,0,0,0,0,0,0,N/A,N/A,N/A,N/A,N/A,N/A,N/A,N/A,N/A,N/A,N/A,N/A,N/A,N/A,N/A,N/A,N/A,N/A,N/A,N/A,N/A,N/A,N/A,N/A,N/A,N/A,N/A,N/A,N/A,N/A,N/A,N/A,N/A,N/A,N/A,N/A,N/A,N/A,N/A,N/A,N/A,N/A,N/A,N/A,N/A,N/A,N/A,0,0,0,0,0,0,0,0,0,0,0,0,0,0,0,0,0,0,0,0,0,0,0,0,0,0,0,1,0,0,0,0,0,0,0,0,0,0,0,0,0,0,0,0,0,0,0,0,0,0,0,0,0,0,0,1,0.00095648,1,0.00095648
S274-002-NT,11-Jul-17,S274,2017,2323,Night,-11.438,-170.117,0.22,4740,0,29.6,4.01,35.18,95,risen,,,Neuston,SPSG,SPSG,2235.7,0.5,1117.85,1.5,0.001341862,0,0,0,0,0,0,0,0,0,0,0,0,0,0,0,0,N/A,N/A,N/A,N/A,N/A,N/A,N/A,N/A,N/A,N/A,N/A,N/A,N/A,N/A,N/A,N/A,N/A,N/A,N/A,N/A,N/A,N/A,N/A,N/A,N/A,N/A,N/A,N/A,N/A,N/A,N/A,N/A,N/A,N/A,N/A,N/A,N/A,N/A,N/A,N/A,N/A,N/A,N/A,N/A,N/A,N/A,N/A,0,0,0,0,0,0,0,0,0,0,0,0,0,0,0,0,0,0,0,0,0,0,0,0,0,0,0,0,0,0,0,0,0,0,0,0,0,0,0,0,0,0,0,0,0,0,0,0,0,0,0,0,0,0,0,0,0,0,0
S274-003-NT,12-Jul-17,S274,2017,1118,Day,-10.553,-169.73,0.233,5167,0,29.8,3.08,35.36,90,set,,,Neuston,SPSG,SPSG,1682.9,0.5,841.45,1,0.001188425,0,0,0,0,0,0,0,0,0,0,0,0,0,0,0,0,N/A,N/A,N/A,N/A,N/A,N/A,N/A,N/A,N/A,N/A,N/A,N/A,N/A,N/A,N/A,N/A,N/A,N/A,N/A,N/A,N/A,N/A,N/A,N/A,N/A,N/A,N/A,N/A,N/A,N/A,N/A,N/A,N/A,N/A,N/A,N/A,N/A,N/A,N/A,N/A,N/A,N/A,N/A,N/A,N/A,N/A,N/A,0,0,0,0,0,0,0,0,0,0,0,0,0,0,0,0,0,0,0,0,0,0,0,0,0,0,0,0,0,0,0,0,0,0,0,0,0,0,0,0,0,0,0,0,0,0,0,0,0,0,0,0,0,0,0,0,0,0,0
S274-009-NT,15-Jul-17,S274,2017,1200,Day,-6.292,-169.325,0.331,5654,0,29.8,4.47,35.4,64,set,,,Neuston,SEC,SEC,1723.1,0.5,861.55,14,0.016249782,0,0,0,0,0,0,0,0,0,0,0,0,0,0,0,0,22,0,21,69,0,1,0,0,0,4,0,1,2,78,1,0,0,0,0,0,0,0,0,0,0,0,0,0,0,0,0,1,0,0,0,0,0,0,0,0,0,0,0,0,0,0,200,0,0,0,0,0,0,0,0,0,0,0,0,0,0,0,0,0,0,0,0,1,0,0,0,0,0,0,0,0,0,0,0,0,0,0,0,0,0,0,0,0,0,0,0,0,0,0,0,0,0,0,0,0,0,0,1,0.001160699,1,0.001160699
S274-009-TTD,15-Jul-17,S274,2017,1113,Day,-6.278,-169.312,0.331,5654,96,29.8,4.55,35.4,64,set,,,Deep Tucker,SEC,SEC,1078.066,1,1078.066,44,0.040813828,7,7,0,0,0,0,0,0,0.006493109,0.006493109,0,0,0,0,0,0,92,2,48,23,0,0,0,0,0,0,0,0,1,33,0,0,0,0,0,0,0,1,0,0,0,0,0,0,0,0,0,0,0,0,0,0,0,0,0,0,0,0,0,0,0,0,200,0,0,0,0,0,0,0,0,0,0,0,0,0,0,0,0,0,0,0,0,144,0,0,0,0,0,0,0,0,0,0,0,0,0,0,0,0,0,0,1,0,0,0,0,0,0,2,0,0,0,0,0,0,0,2,149,0.138210462,142,0.131717353
S274-010-NT,15-Jul-17,S274,2017,2343,Night,-5.43,-169.262,0.19,5336,0,29.7,17.12,35.39,54,risen,,,Neuston,SEC,SEC,1674.2,0.5,837.1,12,0.014335205,0,0,0,0,0,0,0,0,0,0,0,0,0,0,0,0,78,37,9,34,0,1,0,2,0,0,4,0,2,13,10,0,5,0,0,0,1,3,0,0,0,0,0,0,0,0,0,1,0,0,0,0,0,0,0,0,0,0,0,0,0,0,200,0,0,0,0,0,0,0,0,0,0,0,0,0,0,0,0,0,0,0,0,0,0,0,0,0,0,0,0,0,0,0,0,0,0,0,0,0,0,0,0,0,0,0,0,0,0,0,0,0,0,0,0,0,0,0,0,0,0,0
S274-011-NT,16-Jul-17,S274,2017,1147,Day,-4.767,-169.203,0.186,5302,0,29.9,9.6,35.44,54,set,,,Neuston,SEC,SEC,1498.7,0.5,749.35,17,0.022686328,0,0,0,0,0,0,0,0,0,0,0,0,0,0,0,0,10,0,0,0,0,0,0,0,0,1,0,0,0,3,102,0,1,4,0,79,0,0,0,0,0,0,0,0,0,0,0,0,0,0,0,0,0,0,0,0,0,0,0,0,0,0,200,0,0,0,0,0,0,0,0,0,0,0,0,0,0,0,0,0,0,0,0,81,0,0,0,0,0,0,6,0,0,0,0,0,0,0,0,1,0,0,0,0,0,0,0,0,0,0,0,0,0,0,0,0,0,0,88,0.11743511,88,0.11743511
S274-011-TTS,16-Jul-17,S274,2017,1106,Day,-4.757,-169.182,0.186,5064,38,29.5,8.74,35.43,54,set,,,Shallow Tucker,SEC,SEC,798.57,1,798.57,58,0.072629826,3,2,1,1,0,0,0,0,0.003756715,0.002504477,0.001252238,0.001252238,0,0,0,0,8,16,13,11,0,2,0,0,1,8,0,0,5,35,17,0,67,0,0,15,0,2,0,0,0,0,0,0,0,0,0,0,0,0,0,0,0,0,0,0,0,0,0,0,0,0,200,0,0,0,0,0,0,0,0,0,0,0,0,0,0,0,0,0,0,0,0,21,0,0,0,0,0,0,0,0,0,0,0,0,0,0,0,1,0,0,0,0,0,0,0,0,0,3,0,0,0,0,0,0,0,1,26,0.032558198,23,0.028801483
S274-013-NT,17-Jul-17,S274,2017,1224,Day,-3.807,-169.823,0.408,5699,0,29.4,8.02,35.44,42,risen,98.71,Rawaki,Neuston,PIPA,,1902.9,0.5,951.45,6,0.006306164,0,0,0,0,0,0,0,0,0,0,0,0,0,0,0,0,34,11,14,14,0,9,0,0,0,0,0,0,2,35,1,0,75,0,0,2,1,0,0,0,0,0,0,1,0,0,0,1,0,0,0,0,0,0,0,0,0,0,0,0,0,0,200,0,0,0,0,0,0,0,0,0,0,0,0,0,0,0,0,0,0,0,0,1,0,0,0,0,0,0,3,0,0,0,0,0,0,0,0,0,0,0,0,0,0,0,0,0,0,0,0,0,0,0,0,0,0,0,4,0.00420411,4,0.00420411
S274-013-TTD,17-Jul-17,S274,2017,1116,Day,-3.775,-169.79,0.408,5438,75,29.4,9.02,35.46,42,risen,102.1,Rawaki,Deep Tucker,PIPA,,1529.777,1,1529.777,112,0.073213285,3,2,1,0,0,1,0,0,0.00196107,0.00130738,0.00065369,0,0,0.00065369,0,0,38,113,7,12,0,0,0,0,0,4,0,1,3,0,3,0,16,0,0,3,0,0,0,0,0,0,0,0,0,0,0,0,0,0,0,0,0,0,0,0,0,0,0,0,0,0,200,0,0,0,0,0,0,0,0,0,0,0,0,0,0,0,0,0,0,0,0,94,0,0,0,0,0,0,0,0,0,0,0,0,0,0,0,3,0,0,1,0,0,0,0,0,0,4,0,0,0,0,0,0,0,0,102,0.066676385,99,0.064715315
S274-013-TTS,17-Jul-17,S274,2017,1145,Day,-3.79,-169.803,0.408,5438,45,29.4,7.54,35.45,42,risen,100.77,Rawaki,Shallow Tucker,PIPA,,864,1,864,117,0.135416667,1,0,1,1,0,0,0,0,0.001157407,0,0.001157407,0.001157407,0,0,0,0,44.5,45.5,25.5,15.5,0,4.5,0,0,0,3,0,0,3,6.5,10,0,32,0,0,9.5,0,0.5,0,0,0,0,0,0,0,0,0,0,0,0,0,0,0,0,0,0,0,0,0,0,0,0,200,0,0,0,0,0,0,0,0,0,0,0,0,0,0,0,0,0,0,0,0,52,0,0,1,0,0,0,0,0,0,0,0,0,0,0,0,2,0,0,0,0,0,0,0,0,0,1,0,0,0,0,0,0,0,0,56,0.064814815,55,0.063657407
S274-014-NT,18-Jul-17,S274,2017,42,Night,-3.242,-170.235,0.269,5269,0,29.3,13.96,35.46,31,set,74.54,Rawaki,Neuston,PIPA,,1955.2,0.5,977.6,41,0.041939444,0,0,0,0,0,0,0,0,0,0,0,0,0,0,0,0,64,98,8,5,0,1,0,5,0,1,0,0,5,8,5,0,0,0,0,0,0,0,0,0,0,0,0,0,0,0,0,0,0,0,0,0,0,0,0,0,0,0,0,0,0,0,200,0,0,0,0,0,0,0,0,0,0,0,0,0,0,0,0,0,0,0,0,0,0,0,0,0,0,0,0,0,0,0,0,0,0,0,0,7,0,0,0,0,0,0,0,0,0,0,0,0,0,0,0,0,0,0,7,0.007160393,7,0.007160393
S274-014-TTD,17-Jul-17,S274,2017,2327,Night,-3.205,-170.212,0.269,5431,94,29.2,15.8,35.45,31,set,79.25,Rawaki,Deep Tucker,PIPA,,2058.437,1,2058.437,110,0.053438604,1,0,1,0,0,1,0,0,0.000485805,0,0.000485805,0,0,0.000485805,0,0,36,83,16,11,0,1,0,13,0,3,1,0,6,4,4,0,19,0,0,2,0,0,0,0,0,0,0,0,0,0,0,0,0,0,0,0,1,0,0,0,0,0,0,0,0,0,200,0,0,0,0,0,0,0,0,0,1,0,0,0,0,0,1,0,0,0,0,0,0,0,0,0,0,0,0,0,0,0,0,0,0,0,1,5,0,0,1,0,0,0,1,1,0,1,0,0,0,0,0,0,0,0,12,0.005829666,11,0.00534386
S274-014-TTS,17-Jul-17,S274,2017,2357,Night,-3.217,-170.223,0.269,5184,37,29.3,15.27,35.46,31,set,77.54,Rawaki,Shallow Tucker,PIPA,,1504.091,1,1504.091,113,0.075128433,0,0,0,0,0,0,0,0,0,0,0,0,0,0,0,0,53,79.5,20.5,14.5,0,2,0,6,0,3,0,0,4,0,5,0.5,9.5,0,0,1.5,0,1,0,0,0,0,0,0,0,0,0,0,0,0,0,0,0,0,0,0,0,0,0,0,0,0,200,0,0,0,0,0,0,0,0,0,0,0,0,0,0,0,0,0,0,0,0,0,0,0,0,0,0,0,0,0,0,0,0,0,0,0,0,7,0,0,0,0,0,0,0,0,0,0,0,0,0,0,0,0,0,0,7,0.004653974,7,0.004653974
S274-015-NT,18-Jul-17,S274,2017,1235,Day,-3.13,-171.187,0.398,3070,0,29.5,13.85,35.43,31,risen,10.61,Enderbury,Neuston,Enderbury,,2251,0.5,1125.5,10,0.00888494,0,0,0,0,0,0,0,0,0,0,0,0,0,0,0,0,132,1,3,33,0,3,0,1,0,1,0,0,0,23,0,0,2,0,0,1,0,0,0,0,0,0,0,0,0,0,0,0,0,0,0,0,0,0,0,0,0,0,0,0,0,0,200,0,0,0,0,0,0,0,0,0,0,0,0,0,0,0,1,0,0,0,0,2,0,1,0,0,0,0,2,0,0,0,0,0,0,0,0,0,0,0,0,0,0,0,0,0,0,0,0,0,0,0,0,0,0,0,6,0.005330964,6,0.005330964
S274-015-TTD,18-Jul-17,S274,2017,1135,Day,-3.123,-171.142,0.398,2225,113,29.5,15.06,35.47,31,risen,5.58,Enderbury,Deep Tucker,Enderbury,,1079.988,1,1079.988,78,0.072223025,3,3,0,0,0,0,0,0,0.002777809,0.002777809,0,0,0,0,0,0,50,65,32,16,0,0,0,8,1,3,0,0,1,0,6,2,8,0,0,4,0,3,0,0,0,0,0,0,0,0,0,0,0,0,0,0,1,0,0,0,0,0,0,0,0,0,200,0,0,0,0,0,0,0,0,0,0,0,0,0,0,2,1,0,0,0,0,88,0,0,0,0,0,0,0,0,0,0,0,0,0,0,0,7,0,0,0,0,0,0,0,0,0,3,0,0,0,0,0,0,0,0,101,0.093519558,98,0.090741749
S274-015-TTS,18-Jul-17,S274,2017,1157,Day,-3.125,-171.158,0.398,3037,45,29.5,17.11,35.47,31,risen,7.38,Enderbury,Shallow Tucker,Enderbury,,1021.702,1,1021.702,79,0.077321959,0,0,0,0,0,0,0,0,0,0,0,0,0,0,0,0,84,86,9,5,0,1,0,1,0,1,0,0,2,3,5,0,2,0,0,1,0,0,0,0,0,0,0,0,0,0,0,0,0,0,0,0,0,0,0,0,0,0,0,0,0,0,200,0,0,0,0,0,0,0,0,0,0,0,0,0,0,0,0,0,0,0,0,3,0,0,0,0,0,0,0,0,0,0,0,0,0,0,0,1,0,0,2,0,0,0,0,0,0,0,0,0,0,0,0,0,0,0,6,0.005872554,6,0.005872554
S274-016-NT,18-Jul-17,S274,2017,2349,Night,-3.042,-171.417,0.461,2643,0,29.3,19.03,35.49,31,set,29.23,Enderbury,Neuston,PIPA,,2154,0.5,1077,10,0.009285051,0,0,0,0,0,0,0,0,0,0,0,0,0,0,0,0,75,16,45,22,0,1,0,6,1,3,1,0,5,3,9,0,6,0,0,6,0,0,0,0,0,0,0,0,0,0,0,0,0,0,0,0,1,0,0,0,0,0,0,0,0,0,200,0,0,0,0,0,0,0,0,0,0,0,0,0,0,0,0,0,0,0,0,34,0,0,0,0,0,0,0,0,0,0,0,0,0,0,0,0,0,0,0,0,0,0,0,0,0,0,0,0,0,0,0,0,0,0,34,0.031569174,34,0.031569174
S274-016-TTD,18-Jul-17,S274,2017,2242,Night,-3.01,-171.39,0.461,1900,78,29.3,16.23,35.48,31,set,29.55,Enderbury,Deep Tucker,PIPA,,1253.885,1,1253.885,230,0.1834299,6,6,0,0,0,0,0,0,0.004785128,0.004785128,0,0,0,0,0,0,47,66,38,22,0,1,0,8,0,0,0,0,3,4,1,0,10,0,0,0,0,0,0,0,0,0,0,0,0,0,0,0,0,0,0,0,0,0,0,0,0,0,0,0,0,0,200,0,0,0,0,0,0,0,0,0,0,0,0,0,0,0,0,0,0,0,0,109,0,0,0,0,0,0,0,0,0,0,0,0,0,0,0,3,0,0,0,0,0,0,0,0,0,6,0,0,0,0,0,0,0,0,118,0.094107514,112,0.089322386
S274-016-TTS,18-Jul-17,S274,2017,2306,Night,-3.022,-171.402,0.461,2100,43,29.3,17.86,35.48,31,set,29.17,Enderbury,Shallow Tucker,PIPA,,1244.647,1,1244.647,48,0.038565151,0,0,0,0,0,0,0,0,0,0,0,0,0,0,0,0,67,71,12,24,0,0,0,9,0,0,0,0,1,6,0,0,10,0,0,0,0,0,0,0,0,0,0,0,0,0,0,0,0,0,0,0,0,0,0,0,0,0,0,0,0,0,200,0,0,0,0,0,0,0,0,0,0,0,0,0,0,0,0,0,0,0,0,175,0,0,0,0,0,0,0,0,0,0,0,0,0,1,0,1,0,0,0,0,0,0,0,0,0,0,0,0,0,0,0,0,0,0,177,0.142208996,177,0.142208996
S274-017-NT,23-Jul-17,S274,2017,1705,Day,-2.85,-171.742,0.621,1694,0,29.3,10.23,35.48,0,risen,4.31,Kanton,Neuston,Kanton,,2706.3,0.5,1353.15,21,0.015519344,0,0,0,0,0,0,0,0,0,0,0,0,0,0,0,0,77,2,18,76,0,1,0,0,0,2,0,0,0,0,2,0,14,0,0,1,0,0,0,0,0,0,0,1,0,0,0,0,6,0,0,0,0,0,0,0,0,0,0,0,0,0,200,0,0,0,0,0,0,0,0,0,0,0,0,0,0,0,0,0,0,0,0,10,0,0,0,0,0,0,1,0,0,0,0,0,0,0,0,1,0,0,0,0,0,0,0,0,0,0,0,0,0,0,0,0,0,0,12,0.008868196,12,0.008868196
S274-017-TTD,23-Jul-17,S274,2017,1553,Day,-2.828,-171.747,0.621,1683,111,29.3,9.58,35.5,0,risen,3.82,Kanton,Deep Tucker,Kanton,,762.819,1,762.819,57,0.074722837,1,1,0,0,0,0,0,0,0.001310927,0.001310927,0,0,0,0,0,0,48,99,15,18,0,0,0,2,0,3,0,0,2,0,4,0,5,0,0,2,0,0,0,0,0,0,0,1,0,0,0,0,0,0,0,0,1,0,0,0,0,0,0,0,0,0,200,0,0,0,0,0,0,0,0,0,0,0,0,1,0,1,0,0,0,0,0,5,0,0,0,0,0,0,0,0,0,0,0,0,0,0,0,12,0,0,1,0,0,0,1,0,0,1,0,0,0,0,0,0,0,0,22,0.028840393,21,0.027529466
S274-017-TTS,23-Jul-17,S274,2017,1615,Day,-2.833,-171.747,0.621,1589,58,29.2,9.52,35.48,0,risen,3.97,Kanton,Shallow Tucker,Kanton,,751.925,1,751.925,113,0.150280946,1,1,0,0,0,0,0,0,0.00132992,0.00132992,0,0,0,0,0,0,60,78.5,27,14,0,0.5,0,0.5,0,1,0,0,2.5,0,4,0.5,3.5,0,0,6,0,0.5,0,0,0,0,0,1,0,0,0,0,0,0,0,0,0.5,0,0,0,0,0,0,0,0,0,200,0,0,0,0,0,0,0,0,0,0,0,0,1,0,0,3,0,0,0,0,14,0,0,0,0,0,0,0,0,0,0,0,0,0,0,0,18,0,0,0,0,0,0,1,0,0,0,0,0,0,0,0,0,0,0,37,0.049207035,36,0.047877115
S274-018-NT,24-Jul-17,S274,2017,4,Night,-3.143,-171.993,0.639,5209,0,29.1,14.88,35.46,2,set,46.74,Kanton,Neuston,Kanton,,2537.6,0.5,1268.8,39,0.030737705,0,0,0,0,0,0,0,0,0,0,0,0,0,0,0,0,58,71,2,31,0,0,0,14,0,0,9,0,3,0,8,2,2,0,0,0,0,0,0,0,0,0,0,0,0,0,0,0,0,0,0,0,0,0,0,0,0,0,0,0,0,0,200,0,0,0,0,0,0,0,0,0,0,0,0,0,0,0,0,0,1,0,0,0,0,0,0,0,0,0,0,0,0,0,0,0,0,0,0,1,0,0,0,0,0,0,0,0,0,0,0,0,0,0,0,0,0,0,2,0.001576293,2,0.001576293
S274-018-TTD,23-Jul-17,S274,2017,2249,Night,-3.097,-171.967,0.639,5144,121,29.1,13.71,35.46,2,set,41.07,Kanton,Deep Tucker,Kanton,,941.949,1,941.949,89,0.094484946,0,0,0,0,0,0,0,0,0,0,0,0,0,0,0,0,69.5,67.5,23,12,0,2,0,4.5,0,2.5,0,0,2.5,3,2.5,0,9,0,0,1,0,0,0,0,0,0,0,1,0,0,0,0,0,0,0,0,0,0,0,0,0,0,0,0,0,0,200,0,0,0,0,0,0,0,0,0,0,0,0,0,0,0,0,0,0,0,0,7,0,0,0,0,0,0,0,0,0,0,0,0,0,0,0,11,0,0,5,0,0,0,2,0,0,0,0,0,0,0,0,0,0,1,26,0.027602344,26,0.027602344
S274-018-TTS,23-Jul-17,S274,2017,2316,Night,-3.108,-171.977,0.639,5209,39,29.1,14.12,35.5,2,set,42.72,Kanton,Shallow Tucker,Kanton,,1125.779,1,1125.779,149,0.132352798,0,0,0,0,0,0,0,0,0,0,0,0,0,0,0,0,69.25,67.75,31.75,10.5,0,0,0,3.5,0.25,1.5,0,0,3.5,3.75,1,1.25,4.5,0,0,1.25,0,0.25,0,0,0,0,0,0,0,0,0,0,0,0,0,0,0,0,0,0,0,0,0,0,0,0,200,0,0,0,0,0,0,0,0,0,0,0,0,1,0,1,0,0,0,0,0,21,0,0,0,0,0,4,2,0,0,1,0,0,0,0,0,20,0,0,2,0,0,0,3,0,0,0,0,0,0,0,0,0,0,1,56,0.049743333,56,0.049743333
S274-019-NT,24-Jul-17,S274,2017,1201,Day,-4.115,-171.98,0.312,5606,0,29.4,6.04,35.48,2,risen,45.36,Orona,Neuston,PIPA,,2376.8,0.5,1188.4,10.5,0.008835409,0,0,0,0,0,0,0,0,0,0,0,0,0,0,0,0,48,1,2,5,0,0,0,0,0,0,0,0,0,33,68,0,22,0,0,9,7,0,0,0,0,0,0,0,0,0,0,5,0,0,0,0,0,0,0,0,0,0,0,0,0,0,200,0,0,0,0,0,0,0,0,0,0,0,0,0,0,0,0,0,0,0,0,111,0,0,0,0,0,0,9,0,0,0,0,0,0,0,0,1,0,0,0,0,0,0,0,0,0,0,0,0,0,0,0,0,0,0,121,0.10181757,121,0.10181757
S274-019-TTS,24-Jul-17,S274,2017,1120,Day,-4.087,-171.98,0.312,5619,40,29.4,6.83,35.47,2,risen,48.19,Orona,Shallow Tucker,PIPA,,1410.428,1,1410.428,38,0.026942176,1,1,0,0,0,0,0,0,0.000709005,0.000709005,0,0,0,0,0,0,42,27,25,16,0,5,0,0,1,8,0,2,2,57,3,0,1,0,0,6,0,1,0,0,0,0,0,2,0,0,0,0,0,0,0,0,2,0,0,0,0,0,0,0,0,0,200,0,0,0,0,0,0,0,0,0,0,0,0,0,0,0,0,0,0,0,0,0,0,0,0,0,0,0,0,0,0,0,0,0,0,0,0,3,0,0,0,0,0,0,0,0,0,1,0,0,0,0,0,0,0,0,4,0.002836019,3,0.002127014
S274-020-NT,25-Jul-17,S274,2017,9,Night,-4.293,-172.03,0.368,5351,0,29.5,13.68,35.49,6,set,25.08,Orona,Neuston,Orona,,2500,0.5,1250,51,0.0408,1,1,0,0,0,0,0,0,0.0008,0.0008,0,0,0,0,0,0,36,149,0,1,0,0,0,0,0,0,1,0,1,0,6,0,6,0,0,0,0,0,0,0,0,0,0,0,0,0,0,0,0,0,0,0,0,0,0,0,0,0,0,0,0,0,200,0,0,0,0,0,0,0,0,0,0,0,0,0,0,0,0,0,0,0,0,1,0,0,0,0,0,0,0,0,0,0,0,0,0,0,0,0,0,0,0,0,0,0,0,0,0,1,0,0,0,0,0,0,0,0,2,0.0016,1,0.0008
S274-020-TTD,24-Jul-17,S274,2017,2259,Night,-4.262,-171.993,0.368,5572,73,29.5,15.52,35.49,6,set,30.08,Orona,Deep Tucker,Orona,,1175.601,1,1175.601,127,0.10802985,0,0,0,0,0,0,0,0,0,0,0,0,0,0,0,0,52,71.5,20.5,7,0,1,0,26,0,1,0,0.5,2.5,5,3.5,0,7,0,0,0.5,0,0.5,0,0,0,0,0,0.5,0,0,0,0,0,0,0,0,1,0,0,0,0,0,0,0,0,0,200,0,0,0,0,0,0,0,0,0,0,0,0,0,0,0,1,0,0,0,0,139,0,0,0,0,0,0,0,0,0,0,0,0,0,0,0,9,0,0,0,0,0,0,0,0,0,0,0,0,0,0,0,0,0,0,149,0.126743683,149,0.126743683
S274-020-TTS,24-Jul-17,S274,2017,2325,Night,-4.273,-172.005,0.368,5553,43,29.5,15.17,35.49,6,set,28.36,Orona,Shallow Tucker,Orona,,1150.93,1,1150.93,169,0.146837775,0,0,0,0,0,0,0,0,0,0,0,0,0,0,0,0,51.5,110.5,9.5,2,0,0,0,14,0,0.5,0,0,1.5,0,2,0,7,0,0,1.5,0,0,0,0,0,0,0,0,0,0,0,0,0,0,0,0,0,0,0,0,0,0,0,0,0,0,200,0,0,0,0,0,0,0,0,0,0,0,0,0,0,2,0,0,0,0,0,117,0,0,0,0,0,0,0,0,0,0,0,0,0,0,0,3,0,0,0,0,0,0,0,0,0,0,0,0,0,0,0,0,0,0,122,0.106001234,122,0.106001234
S274-021-NT,25-Jul-17,S274,2017,1146,Day,-4.55,-172.325,0.263,2941,0,29.8,5.08,35.48,6,risen,11.56,Orona,Neuston,Orona,,1906.3,0.5,953.15,13,0.013638987,0,0,0,0,0,0,0,0,0,0,0,0,0,0,0,0,167,7,0,12,0,0,0,0,0,0,0,0,1,0,0,0,5,0,0,0,0,0,0,0,0,0,0,0,0,0,0,3,0,0,0,0,0,0,0,0,0,0,0,5,0,0,200,0,0,0,0,0,0,0,0,0,0,0,0,0,0,0,0,0,0,0,0,0,0,0,0,0,0,0,4,0,0,0,0,0,0,0,0,0,0,0,0,0,0,0,0,0,0,0,0,0,0,0,0,0,0,0,4,0.004196611,4,0.004196611
S274-021-TTD,25-Jul-17,S274,2017,1101,Day,-4.53,-172.303,0.263,2490,75,29.7,5.6,35.48,6,risen,8.68,Orona,Deep Tucker,Orona,,1305.416,1,1305.416,53,0.040600085,0,0,0,0,0,0,0,0,0,0,0,0,0,0,0,0,43,110,14,11,0,1,0,3,0,1,0,0,5,4,0,0,2,0,0,5,0,1,0,0,0,0,0,0,0,0,0,0,0,0,0,0,0,0,0,0,0,0,0,0,0,0,200,0,0,0,0,0,0,0,0,0,0,0,0,0,0,0,0,0,0,0,0,9,0,0,0,0,0,0,0,0,0,0,0,0,0,0,0,3,0,0,2,0,0,0,0,0,0,0,0,0,0,0,0,0,0,1,15,0.01149059,15,0.01149059
S274-022-NT,27-Jul-17,S274,2017,1154,Day,-4.44,-172.363,0.155,3876,0,29.6,8.87,35.47,20,risen,17.39,Orona,Neuston,Orona,,2789.8,0.5,1394.9,8,0.005735178,0,0,0,0,0,0,0,0,0,0,0,0,0,0,0,0,106,0,9,55,0,0,0,0,0,1,0,0,0,16,1,0,3,2,0,0,0,0,0,0,0,0,0,0,0,0,0,7,0,0,0,0,0,0,0,0,0,0,0,0,0,0,200,0,0,0,0,0,0,0,0,0,0,0,0,0,0,0,0,0,0,0,0,1,0,0,0,0,0,0,4,0,0,0,0,0,0,0,0,2,0,0,0,0,0,0,0,0,0,0,0,0,0,0,0,0,0,0,7,0.005018281,7,0.005018281
S274-022-TTS,27-Jul-17,S274,2017,1101,Day,-4.405,-172.338,0.155,3020,34,29.6,7.1,35.48,20,risen,17.38,Orona,Shallow Tucker,Orona,,1441.266,1,1441.266,58,0.040242398,4,4,0,0,0,0,0,0,0.002775338,0.002775338,0,0,0,0,0,0,98,23,5,21,0,3,0,0,1,11,0,0,0,3,11,0,6,0,0,16,0,1,0,0,0,0,0,0,0,0,0,0,0,0,0,0,1,0,0,0,0,0,0,0,0,0,200,0,0,0,0,0,0,0,0,0,0,0,0,0,0,0,0,0,0,0,0,219,0,0,0,0,0,0,0,0,0,0,0,0,0,0,0,0,0,0,1,0,0,0,0,0,0,4,0,0,0,0,0,0,0,0,224,0.155418916,220,0.152643579
S274-023-NT,28-Jul-17,S274,2017,5,Night,-4.062,-173.038,0.457,4520,0,29.5,15.89,35.47,20,set,103.18,Orona,Neuston,PIPA,,1959.9,0.5,979.95,15,0.015306903,2,2,0,0,0,0,0,0,0.00204092,0.00204092,0,0,0,0,0,0,50,95,15,15,0,0,0,1,0,0,0,0,2,0,12,0,6,0,0,0,1,0,0,0,0,0,0,0,0,0,0,3,0,0,0,0,0,0,0,0,0,0,0,0,0,0,200,0,0,0,0,0,0,0,0,0,0,0,0,0,0,0,0,0,0,0,0,5,0,0,0,0,0,0,0,0,0,0,0,0,0,0,0,0,0,0,0,0,0,0,0,0,0,2,0,0,0,0,0,0,0,0,7,0.007143222,5,0.005102301
S274-023-TTD,27-Jul-17,S274,2017,2258,Night,-4.025,-173.03,0.457,5003,86,29.5,16.75,35.48,20,set,104.46,Orona,Deep Tucker,PIPA,,1348.617,1,1348.617,118,0.087497043,1,1,0,0,0,0,0,0,0.0007415,0.0007415,0,0,0,0,0,0,68.5,63.5,23,6,0,1.5,0,11,0.5,3.5,0,0.5,4,5,3.5,0,8,0,0,1,0,0,0,0,0,0,0,0,0,0,0,0,0,0,0,0,0.5,0,0,0,0,0,0,0,0,0,200,0,1,0,0,0,0,0,0,0,0,0,0,0,0,4,1,0,0,0,0,212,0,0,0,0,0,0,1,0,0,0,0,0,0,0,0,9,0,0,0,0,0,0,0,0,0,1,1,0,0,0,0,0,0,1,231,0.171286585,230,0.170545084
S274-023-TTS,27-Jul-17,S274,2017,2325,Night,-4.037,-173.035,0.457,4645,35,29.5,16.99,35.48,20,set,104.26,Orona,Shallow Tucker,PIPA,,1451.546,1,1451.546,119,0.081981556,0,0,0,0,0,0,0,0,0,0,0,0,0,0,0,0,52.5,85.5,32.5,7,0,0,0,6.5,0,2.5,0,0,2,2,0.5,0,7.5,0,0,1.5,0,0,0,0,0,0,0,0,0,0,0,0,0,0,0,0,0,0,0,0,0,0,0,0,0,0,200,0,0,0,0,0,0,0,0,0,0,0,0,0,0,0,0,0,0,0,0,146,0,0,0,0,0,0,0,0,0,1,0,0,0,0,0,2,0,0,0,0,0,0,0,0,0,0,0,0,0,0,0,0,0,0,149,0.102649175,149,0.102649175
S274-024-NT,28-Jul-17,S274,2017,1227,Day,-3.497,-173.62,0.596,5511,0,29.5,8,35.45,29,risen,56.54,McKean,Neuston,PIPA,,1280.9,0.5,640.45,8,0.012491217,0,0,0,0,0,0,0,0,0,0,0,0,0,0,0,0,70,6,36,63,0,1,0,0,0,0,0,0,5,0,0,1,2,0,0,9,0,0,0,0,0,0,0,0,0,0,0,7,0,0,0,0,0,0,0,0,0,0,0,0,0,0,200,0,0,0,0,0,0,0,0,0,0,0,0,0,0,0,0,0,0,0,0,0,0,0,0,0,0,0,12,0,0,0,0,0,0,0,0,0,0,0,0,0,0,0,0,0,0,0,0,0,0,0,0,0,0,0,12,0.018736826,12,0.018736826
S274-024-TTD,28-Jul-17,S274,2017,1113,Day,-3.458,-173.6,0.596,5517,65,29.5,10.11,35.45,29,risen,59.66,McKean,Deep Tucker,PIPA,,1505.72,1,1505.72,84,0.055787265,2,2,0,0,0,0,0,0,0.001328268,0.001328268,0,0,0,0,0,0,67,71,12,15,0,2,0,2,0,12,0,0,6,0,1,2,5,0,0,5,0,0,0,0,0,0,0,0,0,0,0,0,0,0,0,0,0,0,0,0,0,0,0,0,0,0,200,0,0,0,0,0,0,0,0,0,0,0,0,0,0,3,1,0,0,0,0,180,0,0,3,0,0,0,0,0,0,0,0,0,0,0,0,21,0,0,1,0,0,0,8,0,0,10,0,0,0,0,0,0,0,0,227,0.150758441,225,0.149430173
S274-024-TTS,28-Jul-17,S274,2017,1140,Day,-3.468,-173.607,0.596,5527,31,29.5,9.4,35.45,29,risen,58.64,McKean,Shallow Tucker,PIPA,,1527.427,1,1527.427,100,0.065469577,1,1,0,0,0,0,0,0,0.000654696,0.000654696,0,0,0,0,0,0,106.5,30,17,19,0,0,0,1,0,3.5,0,0,4,9.5,5.5,0,2,0,0,2,0,0,0,0,0,0,0,0,0,0,0,0,0,0,0,0,0,0,0,0,0,0,0,0,0,0,200,0,0,0,0,0,0,0,0,0,0,0,0,0,0,0,0,0,0,0,0,110,0,0,0,0,0,0,0,0,0,0,0,0,0,0,0,0,0,0,3,0,0,0,0,0,0,1,0,0,0,0,0,0,0,0,114,0.074635318,113,0.073980622
S274-025-NT,29-Jul-17,S274,2017,7,Night,-2.658,-174.015,0.61,5482,0,29.5,18.83,35.48,39,set,103.91,McKean,Neuston,PIPA,,1929.4,0.5,964.7,23,0.023841609,3,3,0,0,0,0,0,0,0.003109775,0.003109775,0,0,0,0,0,0,48,37,14,13,0,0,0,24,0,2,0,0,7,0,12,5,35,0,0,0,1,0,0,0,0,0,0,0,0,0,0,0,2,0,0,0,0,0,0,0,0,0,0,0,0,0,200,0,0,0,0,0,0,0,0,0,0,0,0,0,0,0,1,0,0,0,0,18,0,0,0,0,0,0,0,0,0,0,0,0,0,0,0,2,0,0,0,0,0,0,0,0,0,0,0,0,0,0,0,0,0,0,21,0.021768425,18,0.01865865
S274-026-NT,29-Jul-17,S274,2017,1216,Day,-2.183,-174.418,0.574,5434,0,29.4,5.3,35.5,39,risen,159.15,McKean,Neuston,Winslow,,2157,0.5,1078.5,31,0.028743625,0,0,0,0,0,0,0,0,0,0,0,0,0,0,0,0,N/A,N/A,N/A,N/A,N/A,N/A,N/A,N/A,N/A,N/A,N/A,N/A,N/A,N/A,N/A,N/A,N/A,N/A,N/A,N/A,N/A,N/A,N/A,N/A,N/A,N/A,N/A,N/A,N/A,N/A,N/A,N/A,N/A,N/A,N/A,N/A,N/A,N/A,N/A,N/A,N/A,N/A,N/A,N/A,N/A,N/A,N/A,0,0,0,0,0,0,0,0,0,0,0,0,0,0,0,0,0,0,0,0,0,0,0,0,0,0,0,8,0,0,0,0,0,0,0,0,0,0,0,0,0,0,0,0,0,0,0,0,0,0,0,0,0,0,0,8,0.00741771,8,0.00741771
S274-026-TTD,29-Jul-17,S274,2017,1111,Day,-2.152,-174.383,0.574,5457,81,29.3,5.96,35.5,39,risen,161.77,McKean,Deep Tucker,Winslow,,1257.303,1,1257.303,59,0.04692584,1,1,0,0,0,0,0,0,0.000795353,0.000795353,0,0,0,0,0,0,81,42,48,4,0,0,0,1,2,0,0,3,0,13,3,0,1,0,0,2,0,0,0,0,0,0,0,0,0,0,0,0,0,0,0,0,0,0,0,0,0,0,0,0,0,0,200,1,0,0,0,0,0,0,0,0,0,0,0,0,0,1,0,0,0,0,0,28,0,0,2,0,0,0,0,0,0,0,0,0,0,0,0,16,0,0,0,0,0,0,2,0,0,1,0,0,0,0,0,0,0,0,51,0.040563015,50,0.039767661
S274-026-TTS,29-Jul-17,S274,2017,1136,Day,-2.163,-174.393,0.574,5459,36,29.3,5.38,35.5,39,risen,160.79,McKean,Shallow Tucker,Winslow,,1274.204,1,1274.204,101,0.079265173,4,4,0,0,0,0,0,0,0.003139215,0.003139215,0,0,0,0,0,0,92,37.5,28.5,16,0,0,0,0.5,0,1,0,0,0.5,7,7,0.5,1,0,0,7,0,0.5,0,0,0,0,0,0,0,0,0,0,0,0,0,0,1,0,0,0,0,0,0,0,0,0,200,0,0,0,0,0,0,0,0,0,0,0,0,1,0,0,0,0,0,0,0,54,0,0,0,0,0,0,0,0,0,0,1,0,0,0,0,7,0,0,3,0,0,0,1,0,0,4,0,0,0,0,0,0,0,0,71,0.055721062,67,0.052581847
S274-027-NT,29-Jul-17,S274,2017,2147,Night,-1.783,-174.662,0.566,369,0,29.3,16.32,35.47,39,risen,208.74,McKean,Neuston,Winslow,,2004,0.5,1002,25,0.0249501,0,0,0,0,0,0,0,0,0,0,0,0,0,0,0,0,115,31,14,8,0,1,0,9,0,0,0,2,4,2,2,1,9,0,0,0,1,1,0,0,0,0,0,0,0,0,0,0,0,0,0,0,0,0,0,0,0,0,0,0,0,0,200,0,0,0,0,0,0,0,0,0,0,0,0,0,0,0,0,0,0,0,0,1,0,0,0,0,0,0,0,0,0,0,0,0,0,0,0,1,0,0,0,0,0,0,0,0,0,0,0,0,0,0,0,0,0,0,2,0.001996008,2,0.001996008
S274-027-TTD,29-Jul-17,S274,2017,2238,Night,-1.815,-174.672,0.566,1740,87,29.3,15.9,35.47,39,risen,205.68,McKean,Deep Tucker,Winslow,,1156.137,1,1156.137,141,0.121957865,1,1,0,0,0,0,0,0,0.000864949,0.000864949,0,0,0,0,0,0,65.33333333,77.33333333,14,12.66666667,0,0.666666667,0,13,0.333333333,1.666666667,0,0,3.333333333,0,5.333333333,0,3.666666667,0,0,1,0,0,0,0,0,0,0.333333333,0.666666667,0,0,0,0,0.666666667,0,0,0,0,0,0,0,0,0,0,0,0,0,200,0,0,1,0,0,0,0,0,0,0,0,0,1,0,0,1,0,0,0,0,2,0,0,0,0,0,0,1,0,0,0,0,0,0,0,0,9,0,0,0,0,0,0,0,0,0,1,0,0,0,0,0,0,0,0,16,0.01383919,15,0.012974241
S274-027-TTS,29-Jul-17,S274,2017,2307,Night,-1.832,-174.677,0.566,2330,44,29.3,15.7,35.47,39,risen,204.05,McKean,Shallow Tucker,Winslow,,905.504,1,905.504,187,0.206514825,3,3,0,0,0,0,0,0,0.003313072,0.003313072,0,0,0,0,0,0,61,86.5,18.5,13.5,0,0,0,7.5,0,1,0,0,1.5,3,1.5,0,5.5,0,0,0.5,0,0,0,0,0,0,0,0,0,0,0,0,0,0,0,0,0,0,0,0,0,0,0,0,0,0,200,0,0,0,0,0,0,0,0,0,0,0,0,1,0,0,0,0,0,0,0,14,0,0,3,0,0,2,3,0,0,1,0,0,0,0,0,17,0,0,5,0,0,0,3,0,0,1,0,0,0,0,0,0,0,0,50,0.055217868,47,0.051904796
S274-028-NT ,30-Jul-17,S274,2017,1210,Day,-2.455,-174.823,0.533,5599,0,29.4,5.87,35.49,49,risen,147.71,McKean,Neuston,Winslow,,2857.8,0.5,1428.9,5.7,0.003989083,0,0,0,0,0,0,0,0,0,0,0,0,0,0,0,0,N/A,N/A,N/A,N/A,N/A,N/A,N/A,N/A,N/A,N/A,N/A,N/A,N/A,N/A,N/A,N/A,N/A,N/A,N/A,N/A,N/A,N/A,N/A,N/A,N/A,N/A,N/A,N/A,N/A,N/A,N/A,N/A,N/A,N/A,N/A,N/A,N/A,N/A,N/A,N/A,N/A,N/A,N/A,N/A,N/A,N/A,N/A,0,0,0,0,0,0,0,0,0,0,0,0,0,0,0,0,0,0,0,0,0,0,0,0,0,0,0,0,0,0,0,0,0,0,0,0,0,0,0,0,0,0,0,0,0,0,0,0,0,0,0,0,0,0,0,0,0,0,0
S274-028-TTD,30-Jul-17,S274,2017,1107,Day,-2.43,-174.782,0.533,5066,78,29.4,6.15,35.5,49,risen,147.77,McKean,Deep Tucker,Winslow,,1264.699,1,1264.699,55,0.043488609,0,0,0,0,0,0,0,0,0,0,0,0,0,0,0,0,11,140,13,4,0,2,0,0,0,3,0,0,4,5,7,0,5,0,0,3,0,2,0,0,0,0,0,1,0,0,0,0,0,0,0,0,0,0,0,0,0,0,0,0,0,0,200,0,1,0,0,0,0,0,0,0,0,0,0,0,0,0,0,0,0,0,0,75,0,0,0,0,0,0,0,0,0,0,0,0,0,0,0,7,0,0,0,0,0,0,0,0,0,0,0,0,0,0,0,0,0,0,83,0.065628264,83,0.065628264
S274-028-TTS,30-Jul-17,S274,2017,1131,Day,-2.44,-174.8,0.533,5005,43,29.4,6.04,35.5,49,risen,147.81,McKean,Shallow Tucker,Winslow,,1092.431,1,1092.431,47.6,0.043572546,2,1,1,0,1,0,0,0,0.001830779,0.00091539,0.00091539,0,0.00091539,0,0,0,30,28,25,6,0,1,0,6,1,8,0,0,2,25,30,1,7,0,0,29,0,0,0,0,0,0,0,1,0,0,0,0,0,0,0,0,0,0,0,0,0,0,0,0,0,0,200,0,0,0,0,0,0,0,0,0,0,0,0,0,0,0,0,0,0,0,0,120,0,0,0,0,0,0,0,0,0,0,0,4,0,0,0,8,0,0,0,0,0,0,0,0,0,2,0,0,5,0,0,0,0,0,139,0.127239157,137,0.125408378
S274-029-NT,30-Jul-17,S274,2017,2351,Night,-3.003,-174.955,0.578,5762,0,29.4,16.31,35.49,49,risen,116.5,McKean,Neuston,PIPA,,2663,0.5,1331.5,29.3,0.022005257,0,0,0,0,0,0,0,0,0,0,0,0,0,0,0,0,106,47,8,22,0,0,0,0,0,1,2,0,2,7,2,0,3,0,0,0,0,0,0,0,0,0,0,0,0,0,0,0,0,0,0,0,0,0,0,0,0,0,0,0,0,0,200,0,0,0,0,1,0,0,0,0,0,0,0,0,0,1,0,0,0,0,0,1,0,0,0,0,0,0,0,0,0,0,0,0,0,0,0,7,0,0,0,0,0,0,0,0,0,0,0,0,0,0,0,0,0,0,10,0.007510327,10,0.007510327
S274-029-TTD,42946,S274,2017,2246,Night,-2.97,-174.915,0.578,5521,71,29.4,17.56,35.49,49,risen,111.46,McKean,Deep Tucker,PIPA,,1411.682,1,1411.682,140,0.099172477,19,18,1,1,0,0,0,0,0.013459122,0.012750747,0.000708375,0.000708375,0,0,0,0,72.5,66,15.5,13,0,1,0,18,0.5,0,0,0,2.5,0,2.5,0,4.5,0,0,3,0,0.5,0,0,0,0,0,0,0,0,0,0,0,0,0,0,0.5,0,0,0,0,0,0,0,0,0,200,0,0,0,0,0,0,0,0,0,0,0,0,0,0,0,0,0,0,0,0,195,0,0,1,0,0,0,0,0,0,0,0,0,0,2,0,8,0,0,0,0,0,0,1,0,0,14,0,0,0,0,0,0,0,1,226,0.160092712,207,0.14663359
S274-029-TTS,30-Jul-17,S274,2017,2311,Night,-2.983,-174.93,0.578,5605,42,29.4,17,35.49,49,risen,111.92,McKean,Shallow Tucker,PIPA,,1017.484,1,1017.484,164.7,0.161869867,10,9,1,1,0,0,0,0,0.009828164,0.008845348,0.000982816,0.000982816,0,0,0,0,73,67.5,19,20,0,1,0,10,0,0.5,0,0,2,0,0,0.5,4,0,0,1.5,0,0.5,0,0,0,0,0,0,0,0,0,0,0,0,0,0,0.5,0,0,0,0,0,0,0,0,0,200,2,0,0,0,0,0,0,0,0,0,0,0,1,0,0,0,0,0,0,0,321,0,0,0,0,0,0,0,0,0,1,0,0,0,0,2,6,0,0,1,0,0,0,0,0,0,10,0,0,0,0,0,0,0,0,344,0.338088854,334,0.32826069
S274-030-NT ,31-Jul-17,S274,2017,1222,Day,-3.827,-174.66,0.402,5497,0,29.5,6,35.45,58,risen,64.52,McKean,Neuston,PIPA,,2804.9,0.5,1402.45,2,0.001426076,0,0,0,0,0,0,0,0,0,0,0,0,0,0,0,0,N/A,N/A,N/A,N/A,N/A,N/A,N/A,N/A,N/A,N/A,N/A,N/A,N/A,N/A,N/A,N/A,N/A,N/A,N/A,N/A,N/A,N/A,N/A,N/A,N/A,N/A,N/A,N/A,N/A,N/A,N/A,N/A,N/A,N/A,N/A,N/A,N/A,N/A,N/A,N/A,N/A,N/A,N/A,N/A,N/A,N/A,N/A,0,0,0,0,0,0,0,0,0,0,0,0,0,0,0,0,0,0,0,0,0,0,0,0,0,0,0,0,0,0,0,0,0,0,0,0,0,0,0,0,0,0,0,0,0,0,0,0,0,0,0,0,0,0,0,0,0,0,0
S274-030-TTD,31-Jul-17,S274,2017,1108,Day,-3.778,-174.635,0.402,5172,70,29.5,6.48,35.45,58,risen,59.95,McKean,Deep Tucker,PIPA,,1463.4,1,1463.4,68,0.046467131,3,3,0,0,0,0,0,0,0.002050021,0.002050021,0,0,0,0,0,0,68,53,24,23,0,2,0,2,0,0,4,0,1,9,3,0,5,0,0,5,0,0,0,0,0,0,0,0,0,0,0,0,0,0,0,0,1,0,0,0,0,0,0,0,0,0,200,0,0,0,0,0,0,0,0,0,0,0,0,0,0,0,0,0,0,0,0,164,0,0,0,0,0,0,0,0,0,0,0,0,0,0,0,27,0,0,1,0,1,0,1,0,0,3,0,0,0,0,0,0,0,3,200,0.136668033,197,0.134618013
S274-030-TTS,31-Jul-17,S274,2017,1132,Day,-3.793,-174.643,0.402,5172,28.1,29.5,6.34,35.45,58,risen,61.36,McKean,Shallow Tucker,PIPA,,1369.069,1,1369.069,119,0.086920382,7,5,1,0,1,0,1,0,0.005112964,0.003652117,0.000730423,0,0.000730423,0,0.000730423,0,99,13,43,17,0,0.5,0,1,1,2.5,1.5,0.5,2.5,5,2.5,0,2.5,0,0,8,0,0,0,0,0,0,0,0.5,0,0,0,0,0,0,0,0,0,0,0,0,0,0,0,0,0,0,200,0,0,0,0,0,0,0,0,0,0,0,0,1,0,0,1,0,0,0,0,351,0,0,0,0,0,0,0,0,0,0,0,0,0,1,0,15,0,0,6,0,0,0,0,0,0,8,0,0,0,0,0,0,0,2,385,0.281212999,378,0.276100036
S274-031-NT,31-Jul-17,S274,2017,28,Night,-4.687,-174.437,0.177,2632,0,29.7,14.6,35.45,68,risen,,,Neuston,Nikumaroro,,2370.6,0.5,1185.3,14,0.011811356,0,0,0,0,0,0,0,0,0,0,0,0,0,0,0,0,68,90,8,10,0,0,0,0,0,0,1,0,1,3,8,4,5,0,0,0,0,0,0,0,0,0,0,0,0,0,0,1,1,0,0,0,0,0,0,0,0,0,0,0,0,0,200,0,0,0,0,0,0,0,0,0,0,0,0,0,0,0,0,0,0,0,0,0,0,0,0,0,0,0,0,0,0,0,0,0,0,0,0,0,0,0,0,0,0,0,0,0,0,0,0,0,0,0,0,0,0,0,0,0,0,0
S274-031-TTD,31-Jul-17,S274,2017,2324,Night,-4.648,-174.422,0.177,3624,65,29.7,14.46,35.45,68,risen,9.17,Nikumaroro,Deep Tucker,Nikumaroro,,1547.132,1,1547.132,76,0.049123152,4,1,0,0,0,0,3,0,0.002585429,0.000646357,0,0,0,0,0.001939072,0,66,69,23,9,0,0,0,15,0,1,0,0,3,9,1,0,2,0,0,1,0,0,0,0,0,0,0,1,0,0,0,0,0,0,0,0,0,0,0,0,0,0,0,0,0,0,200,0,0,0,0,0,0,0,0,0,0,0,0,0,0,0,0,0,0,0,0,99,0,0,0,0,0,0,0,0,0,0,0,0,0,0,0,0,0,0,0,0,0,0,5,0,0,6,0,0,0,0,0,0,0,0,110,0.071099299,106,0.06851387
S274-031-TTS,31-Jul-17,S274,2017,2348,Night,-4.663,-174.428,0.177,3624,38,29.7,14.76,35.45,68,risen,7.84,Nikumaroro,Shallow Tucker,Nikumaroro,,1240.535,1,1240.535,201,0.162026867,1,1,0,0,0,0,0,0,0.000806104,0.000806104,0,0,0,0,0,0,63,71,16,19,0,0,0,7,2,1,0,0,4,11,2,1,2,0,0,1,0,0,0,0,0,0,0,0,0,0,0,0,0,0,0,0,0,0,0,0,0,0,0,0,0,0,200,0,0,0,0,0,0,0,0,0,0,0,0,0,0,0,0,0,0,0,0,104,0,0,0,0,0,0,0,0,0,1,0,0,0,0,0,0,0,0,0,0,0,0,1,0,0,1,0,0,0,0,0,0,0,0,107,0.086253109,106,0.085447005
S274-032-NT,1-Aug-17,S274,2017,1155,Day,-4.685,-174.59,0.132,2661,0,29.8,5.72,35.49,68,set,5.57,Nikumaroro,Neuston,Nikumaroro,,1970.2,0.5,985.1,7.5,0.00761344,0,0,0,0,0,0,0,0,0,0,0,0,0,0,0,0,75,8,0,38,0,0,0,0,0,2,0,0,2,34,3,0,19,0,0,0,7,1,0,0,0,0,0,0,0,0,0,10,0,0,0,0,1,0,0,0,0,0,0,0,0,0,200,0,0,0,0,0,0,0,0,0,0,0,0,0,0,0,0,0,0,0,0,0,0,2,0,0,0,0,2,0,0,0,0,0,0,0,0,0,0,0,0,0,0,0,0,0,0,0,0,0,0,0,0,0,0,0,4,0.004060501,4,0.004060501
S274-032-TTD,1-Aug-17,S274,2017,1052,Day,-4.658,-174.575,0.132,1829,74,29.8,6.34,35.47,68,set,3.54,Nikumaroro,Deep Tucker,Nikumaroro,,1357.562,1,1357.562,62,0.045670106,1,1,0,0,0,0,0,0,0.000736615,0.000736615,0,0,0,0,0,0,71,62,23,14,0,0,0,5,1,8,0,0,2,7,4,0,2,0,0,0,0,0,0,0,0,0,0,0,0,0,0,0,0,0,0,0,1,0,0,0,0,0,0,0,0,0,200,0,0,0,0,0,0,0,0,0,0,0,0,0,0,0,3,0,0,0,0,11,0,0,1,0,0,0,1,0,0,0,0,0,0,0,0,2,0,0,0,0,0,0,0,0,0,1,0,0,0,0,0,0,0,2,21,0.015468907,20,0.014732292
S274-032-TTS,1-Aug-17,S274,2017,1117,Day,-4.668,-174.58,0.132,2119,43,29.7,6.18,35.49,68,set,4.16,Nikumaroro,Shallow Tucker,Nikumaroro,,1012.437,1,1012.437,60,0.059262947,7,6,1,0,1,0,0,0,0.00691401,0.005926295,0.000987716,0,0.000987716,0,0,0,96,19,29,25,0,0,0,1,1,6,0,0,0,14,1,0,2,0,0,5,0,1,0,0,0,0,0,0,0,0,0,0,0,0,0,0,0,0,0,0,0,0,0,0,0,0,200,0,0,0,0,0,0,0,1,0,0,1,0,1,0,2,1,0,0,0,0,288,0,0,2,0,0,0,1,0,1,0,0,0,0,0,0,3,0,0,0,0,0,0,0,0,1,7,0,0,0,0,0,0,0,3,312,0.308167323,305,0.301253313
S274-033-NT,4-Aug-17,S274,2017,6,Night,-5.253,-174.257,0.276,5700,0,29.7,16.98,35.45,90,risen,66.81,Nikumaroro,Neuston,PIPA,,2336.2,0.5,1168.1,98,0.083896927,0,0,0,0,0,0,0,0,0,0,0,0,0,0,0,0,89,35,8,20,0,0,0,0,0,3,0,9,9,0,22,0,5,0,0,0,0,0,0,0,0,0,0,0,0,0,0,0,0,0,0,0,0,0,0,0,0,0,0,0,0,0,200,0,0,0,0,0,0,0,0,0,0,0,0,0,0,0,0,0,0,0,0,0,0,0,0,0,0,0,0,0,0,0,0,0,0,0,0,0,0,0,0,0,0,0,0,0,0,0,0,0,0,0,0,0,0,0,0,0,0,0
S274-033-TTD,3-Aug-17,S274,2017,2257,Night,-5.21,-174.253,0.276,5610,100,29.8,16.61,35.45,90,risen,66.62,Nikumaroro,Deep Tucker,PIPA,,1038.123,1,1038.123,40,0.03853108,0,0,0,0,0,0,0,0,0,0,0,0,0,0,0,0,85,57,9,23,0,0,0,14,0,0,0,0,6,0,1,0,3,0,0,1,0,1,0,0,0,0,0,0,0,0,0,0,0,0,0,0,0,0,0,0,0,0,0,0,0,0,200,0,0,0,0,0,0,0,0,0,0,0,0,0,0,0,0,0,0,0,0,0,0,1,0,0,0,0,0,0,0,0,0,0,0,0,0,2,0,0,0,0,0,0,0,0,0,0,0,0,0,0,0,0,0,0,3,0.002889831,3,0.002889831
S274-033-TTS,3-Aug-17,S274,2017,2323,Night,-5.223,-174.257,0.276,5366,35,29.8,16.83,36.45,90,risen,63.77,Nikumaroro,Shallow Tucker,PIPA,,1276.207,1,1276.207,101,0.079140766,3,3,0,0,0,0,0,0,0.002350716,0.002350716,0,0,0,0,0,0,61.5,101.5,6.5,9,0,0,0,5.5,0,0,0,0,4.5,3,2,1.5,4.5,0,0,0,0,0.5,0,0,0,0,0,0,0,0,0,0,0,0,0,0,0,0,0,0,0,0,0,0,0,0,200,0,0,0,0,0,0,0,0,0,0,0,0,0,0,0,0,0,0,0,0,19,0,0,0,0,0,0,0,0,0,0,0,0,0,0,0,0,0,0,0,0,0,0,0,0,0,2,0,0,0,0,0,0,0,0,21,0.016455011,18,0.014104295
S274-034-NT,4-Aug-17,S274,2017,1231,Day,-5.147,-174.848,0.492,5526,0,29.9,8.52,35.43,90,set,62.13,Nikumaroro,Neuston,PIPA,,2585.4,0.5,1292.7,6.5,0.005028235,0,0,0,0,0,0,0,0,0,0,0,0,0,0,0,0,30,6,0,22,0,0,0,0,0,1,0,0,0,52,5,0,44,0,0,0,18,0,0,0,0,0,0,0,0,0,0,20,0,0,0,0,0,0,0,2,0,0,0,0,0,0,200,0,0,0,0,0,0,0,0,0,0,0,0,0,0,0,0,0,0,0,0,0,0,0,0,0,0,0,5,0,0,0,0,0,0,0,0,0,0,0,0,0,0,0,0,0,0,0,0,0,0,0,0,0,0,0,5,0.003867873,5,0.003867873
S274-034-TTD,4-Aug-17,S274,2017,1125,Day,-5.095,-173.837,0.492,5903,70,29.8,9.43,35.43,90,set,85.03,Nikumaroro,Deep Tucker,PIPA,,1427.836,1,1427.836,58,0.040620912,3,3,0,0,0,0,0,0,0.002101082,0.002101082,0,0,0,0,0,0,26,112,14,14,0,0,0,1,0,1,0,0,8,13,6,1,1,0,0,2,0,0,0,0,0,0,0,1,0,0,0,0,0,0,0,0,0,0,0,0,0,0,0,0,0,0,200,0,0,0,0,0,0,0,0,0,0,0,0,0,0,0,0,0,0,0,0,8,0,0,0,0,0,0,0,0,0,0,0,0,0,0,0,1,0,0,0,0,0,0,0,0,0,3,0,0,0,0,0,0,0,0,12,0.008404327,9,0.006303245
S274-034-TTS,4-Aug-17,S274,2017,1150,Day,-5.115,-173.842,0.492,5791,53,29.8,8.42,35.43,90,set,85.74,Nikumaroro,Shallow Tucker,PIPA,,983.201,1,983.201,52,0.052888473,0,0,0,0,0,0,0,0,0,0,0,0,0,0,0,0,44,75,9,16,0,0,0,0,1,2,0,0,0,46,3,0,2,0,0,0,0,2,0,0,0,0,0,0,0,0,0,0,0,0,0,0,0,0,0,0,0,0,0,0,0,0,200,0,0,0,0,0,0,0,0,0,0,0,0,0,0,0,0,0,0,0,0,6,0,0,0,0,0,0,0,0,0,0,0,0,0,0,0,0,0,0,0,0,0,0,0,0,0,0,0,0,0,0,0,0,0,0,6,0.006102516,6,0.006102516
S274-035-NT,4-Aug-17,S274,2017,2301,Night,-5.973,-173.243,0.33,5802,0,29.8,15.7,35.42,90,risen,197.76,Nikumaroro,Neuston,PIPA,,2954.6,0.5,1477.3,24,0.016245854,0,0,0,0,0,0,0,0,0,0,0,0,0,0,0,0,45,56,31,9,0,0,0,1,0,0,0,3,11,0,30,0,4,0,0,0,4,0,0,0,0,0,0,0,0,0,0,6,0,0,0,0,0,0,0,0,0,0,0,0,0,0,200,0,0,0,0,0,0,0,0,0,0,0,0,0,0,0,0,0,0,0,0,0,0,0,0,0,0,0,0,0,0,0,0,0,0,0,0,3,0,0,0,0,0,0,0,0,0,0,0,0,0,0,0,0,0,0,3,0.002030732,3,0.002030732
S274-041-NT ,8-Aug-17,S274,2017,416,Night,-10.287,-170.403,0.261,5131,0,29.3,6.99,35.5,99,risen,,,Neuston,SPSG,SPSG,2300.4,0.5,1150.2,2,0.001738828,0,0,0,0,0,0,0,0,0,0,0,0,0,0,0,0,N/A,N/A,N/A,N/A,N/A,N/A,N/A,N/A,N/A,N/A,N/A,N/A,N/A,N/A,N/A,N/A,N/A,N/A,N/A,N/A,N/A,N/A,N/A,N/A,N/A,N/A,N/A,N/A,N/A,N/A,N/A,N/A,N/A,N/A,N/A,N/A,N/A,N/A,N/A,N/A,N/A,N/A,N/A,N/A,N/A,N/A,N/A,0,0,0,0,0,0,0,0,0,0,0,0,0,0,0,0,0,0,0,0,1,0,0,0,0,0,0,0,0,0,0,0,0,0,0,1,0,0,0,0,0,0,0,0,0,0,0,0,0,0,0,0,0,0,0,2,0.001738828,2,0.001738828
S274-042-NT ,8-Aug-17,S274,2017,845,Day,-10.555,-170.365,0.397,5138,0,29.3,5.82,35.38,99,set,,,Neuston,SPSG,SPSG,2480.2,0.5,1240.1,0.8,0.000645109,0,0,0,0,0,0,0,0,0,0,0,0,0,0,0,0,N/A,N/A,N/A,N/A,N/A,N/A,N/A,N/A,N/A,N/A,N/A,N/A,N/A,N/A,N/A,N/A,N/A,N/A,N/A,N/A,N/A,N/A,N/A,N/A,N/A,N/A,N/A,N/A,N/A,N/A,N/A,N/A,N/A,N/A,N/A,N/A,N/A,N/A,N/A,N/A,N/A,N/A,N/A,N/A,N/A,N/A,N/A,0,0,0,0,0,0,0,0,0,0,0,0,0,0,0,0,0,0,0,0,0,0,0,0,0,0,0,0,0,0,0,0,0,0,0,0,1,0,0,0,0,0,0,0,0,0,0,0,0,0,0,0,0,0,0,1,0.000806387,1,0.000806387
S274-043-NT ,8-Aug-17,S274,2017,1756,Night,-11.037,-170.382,0.287,5015,0,29.4,6.53,35.48,99,set,,,Neuston,SPSG,SPSG,2147.4,0.5,1073.7,2,0.001862718,0,0,0,0,0,0,0,0,0,0,0,0,0,0,0,0,N/A,N/A,N/A,N/A,N/A,N/A,N/A,N/A,N/A,N/A,N/A,N/A,N/A,N/A,N/A,N/A,N/A,N/A,N/A,N/A,N/A,N/A,N/A,N/A,N/A,N/A,N/A,N/A,N/A,N/A,N/A,N/A,N/A,N/A,N/A,N/A,N/A,N/A,N/A,N/A,N/A,N/A,N/A,N/A,N/A,N/A,N/A,0,0,0,0,0,0,0,0,0,0,0,0,0,0,0,0,0,0,0,0,0,0,0,0,0,0,0,0,0,0,0,0,0,0,0,0,0,0,0,0,0,0,0,0,0,0,0,0,0,0,0,0,0,0,0,0,0,0,0
S274-044-NT ,9-Aug-17,S274,2017,13,Night,-11.515,-170.443,0.248,5038,0,29.3,7.48,35.5,100,risen,,,Neuston,SPSG,SPSG,1533.7,0.5,766.85,2.5,0.00326009,0,0,0,0,0,0,0,0,0,0,0,0,0,0,0,0,N/A,N/A,N/A,N/A,N/A,N/A,N/A,N/A,N/A,N/A,N/A,N/A,N/A,N/A,N/A,N/A,N/A,N/A,N/A,N/A,N/A,N/A,N/A,N/A,N/A,N/A,N/A,N/A,N/A,N/A,N/A,N/A,N/A,N/A,N/A,N/A,N/A,N/A,N/A,N/A,N/A,N/A,N/A,N/A,N/A,N/A,N/A,0,0,0,0,0,0,0,0,0,0,0,0,0,0,1,0,0,0,0,0,2,0,0,0,0,0,0,0,0,0,0,0,0,0,0,0,0,0,0,0,0,0,0,0,0,0,0,0,0,0,0,0,0,0,0,3,0.003912108,3,0.003912108
S274-045-NT ,9-Aug-17,S274,2017,629,Day,-11.973,-170.49,0.176,5032,0,29.3,6.24,35.42,97,risen,,,Neuston,SPSG,SPSG,1864.6,0.5,932.3,1.4,0.001501663,1,0,1,0,0,0,0,1,0.001072616,0,0.001072616,0,0,0,0,0.001072616,N/A,N/A,N/A,N/A,N/A,N/A,N/A,N/A,N/A,N/A,N/A,N/A,N/A,N/A,N/A,N/A,N/A,N/A,N/A,N/A,N/A,N/A,N/A,N/A,N/A,N/A,N/A,N/A,N/A,N/A,N/A,N/A,N/A,N/A,N/A,N/A,N/A,N/A,N/A,N/A,N/A,N/A,N/A,N/A,N/A,N/A,N/A,0,0,0,0,0,0,0,0,0,0,0,0,0,0,0,0,0,0,0,0,2,0,0,0,0,0,0,0,0,0,0,0,0,0,0,0,1,0,0,0,0,0,0,0,0,0,1,0,0,0,0,0,0,0,0,4,0.004290464,3,0.003217848
S274-046-NT ,9-Aug-17,S274,2017,917,Day,-12.197,-170.545,0.283,4800,0,29,4.75,35.23,97,set,,,Neuston,SPSG,SPSG,1953.6,0.5,976.8,1.2,0.001228501,0,0,0,0,0,0,0,0,0,0,0,0,0,0,0,0,N/A,N/A,N/A,N/A,N/A,N/A,N/A,N/A,N/A,N/A,N/A,N/A,N/A,N/A,N/A,N/A,N/A,N/A,N/A,N/A,N/A,N/A,N/A,N/A,N/A,N/A,N/A,N/A,N/A,N/A,N/A,N/A,N/A,N/A,N/A,N/A,N/A,N/A,N/A,N/A,N/A,N/A,N/A,N/A,N/A,N/A,N/A,0,0,0,0,0,0,0,0,0,0,0,0,0,0,0,0,0,0,0,0,0,0,0,0,0,0,0,0,0,0,0,0,0,0,0,0,0,0,0,0,0,0,0,0,0,0,0,0,0,0,0,0,0,0,0,0,0,0,0
S281-002-NT,8-Jul-18,S281,2018,1048,Day,17.08,-159.85,0.276,5587,0,27.3,2.55,34.3,28,risen,,,Neuston,N/A,,1008.9,0.5,504.45,0.2,0.000396471,0,0,0,0,0,0,0,0,0,0,0,0,0,0,0,0,11,1,0,12,1,0,0,0,5,1,0,0,0,168,0,0,0,1,0,0,0,0,0,0,0,0,0,0,0,0,0,0,0,0,0,0,0,0,0,0,0,0,0,0,0,0,200,0,0,0,0,0,0,0,0,0,0,0,0,0,0,0,0,0,0,0,0,0,0,6,0,0,0,0,0,0,0,0,0,0,0,0,0,0,0,0,0,0,0,0,0,0,0,0,0,0,0,0,0,0,0,0,6,0.011894142,6,0.011894142
S281-003-NT,8-Jul-18,S281,2018,2241,Night,16.178,-160.418,0.103,5634,0,27.3,3.39,34.36,28,risen,,,Neuston,N/A,,2263.9,0.5,1131.95,14,0.012368037,0,0,0,0,0,0,0,0,0,0,0,0,0,0,0,0,84,2,15,18,9,0,2,15,5,2,22,1,0,7,5,0,6,0,1,5,0,0,0,0,0,0,0,1,0,0,0,0,0,0,0,0,0,0,0,0,0,0,0,0,0,0,200,0,0,0,0,0,0,0,0,0,0,0,0,0,0,0,0,0,0,0,0,0,0,0,0,0,0,0,0,0,0,0,0,0,0,0,0,0,0,0,0,0,0,0,0,0,0,0,0,0,0,0,0,0,0,0,0,0,0,0
S281-004-NT,9-Jul-18,S281,2018,1054,Day,15.168,-160.975,0.105,5472,0,27.8,3.15,34.36,18,risen,,,Neuston,N/A,,2224.4,0.5,1112.2,0.4,0.000359648,0,0,0,0,0,0,0,0,0,0,0,0,0,0,0,0,18,0,7,27,1,0,3,0,12,3,0,0,0,120,0,0,0,4,0,0,5,0,0,0,0,0,0,0,0,0,0,0,0,0,0,0,0,0,0,0,0,0,0,0,0,0,200,0,0,0,0,0,0,0,0,0,0,0,0,0,0,0,0,0,0,0,0,0,0,8,0,0,0,0,0,0,0,0,0,0,0,0,0,0,0,0,0,0,0,0,0,0,0,0,0,0,0,0,0,0,0,0,8,0.007192951,8,0.007192951
S281-005-NT,9-Jul-18,S281,2018,2329,Night,14.257,-161.587,0.286,5634,0,27.9,2.64,34.34,18,set,,,Neuston,N/A,,2530.2,0.5,1265.1,3.5,0.00276658,0,0,0,0,0,0,0,0,0,0,0,0,0,0,0,0,114,2,9,42,4,0,5,0,3,3,5,0,0,2,7,0,0,0,3,1,0,0,0,0,0,0,0,0,0,0,0,0,0,0,0,0,0,0,0,0,0,0,0,0,0,0,200,0,0,0,0,0,0,0,0,0,0,0,0,0,0,0,0,0,0,0,0,0,0,0,0,0,0,0,0,0,0,0,0,0,0,0,0,0,0,0,0,0,0,0,0,0,0,0,0,0,0,0,0,0,0,0,0,0,0,0
S281-005-TTD,9-Jul-18,S281,2018,2236,Night,14.28,-161.563,0.286,5701,112,27.9,3.6,34.35,18,set,,,Deep Tucker,,,2574.84,1,2574.84,68.5,0.026603595,4,4,0,0,0,0,0,0,0.001553495,0.001553495,0,0,0,0,0,0,93,24,11,35,4,0,3,1,5,6,3,0,0,5,7,0,0,0,0,2,0,0,0,0,0,0,0,1,0,0,0,0,0,0,0,0,0,0,0,0,0,0,0,0,0,0,200,0,0,0,0,0,0,0,0,0,0,0,0,0,0,0,2,0,0,0,0,11,0,0,3,0,0,17,0,0,1,2,0,0,0,0,0,98,0,0,0,0,0,0,5,2,0,10,0,0,0,0,0,0,0,10,161,0.062528157,157,0.060974663
S281-006-NT,10-Jul-18,S281,2018,1033,Day,13.275,-162.232,0.245,5600,0,28,4.02,34.25,10,risen,,,Neuston,N/A,,2525,0.5,1262.5,1.2,0.000950495,0,0,0,0,0,0,0,0,0,0,0,0,0,0,0,0,40,0,23,55,3,0,2,0,9,1,0,0,0,65,0,0,0,0,0,0,1,0,0,1,0,0,0,0,0,0,0,0,0,0,0,0,0,0,0,0,0,0,0,0,0,0,200,0,0,0,0,0,0,0,0,0,0,0,0,1,0,0,0,9,0,0,0,0,0,8,0,0,0,0,3,0,0,0,0,0,0,0,0,0,0,0,0,0,0,0,0,0,0,0,0,0,0,0,0,0,1,3,25,0.01980198,25,0.01980198
S281-007-NT,12-Jul-18,S281,2018,1047,Day,8.792,-164.745,0.107,5058,0,29,3.16,33.9,1,risen,,,Neuston,N/A,,2461.9,0.5,1230.95,1.9,0.001543523,0,0,0,0,0,0,0,0,0,0,0,0,0,0,0,0,63,0,0,30,1,0,17,0,8,16,0,0,0,50,0,0,9,0,0,0,5,0,0,0,0,0,0,0,0,0,1,0,0,0,0,0,0,0,0,0,0,0,0,0,0,0,200,0,0,0,0,0,0,0,0,0,0,0,0,0,0,0,6,0,0,0,0,0,0,0,0,0,0,0,3,0,0,0,0,0,0,0,1,0,0,0,0,0,0,0,0,0,0,0,0,0,0,0,0,0,0,0,10,0.008123807,10,0.008123807
S281-008-NT,12-Jul-18,S281,2018,2354,Night,7.692,-165.177,0.07,5022,0,28.8,3.26,33.82,2,set,,,Neuston,N/A,,2110.6,0.5,1055.3,18,0.017056761,1,0,1,0,1,0,0,0,0.000947598,0,0.000947598,0,0.000947598,0,0,0,126,13,6,21,1,0,0,12,3,1,3,0,0,1,1,0,3,0,1,2,0,0,0,0,0,0,0,4,0,0,1,0,0,0,0,1,0,0,0,0,0,0,0,0,0,0,200,0,0,0,0,0,0,0,0,0,0,0,0,0,0,0,1,0,0,0,0,0,0,0,0,0,0,1,0,0,0,0,0,0,0,0,0,0,0,0,0,0,0,0,0,0,0,1,0,0,0,0,0,0,0,0,3,0.002842794,2,0.001895196
S281-008-TTD,12-Jul-18,S281,2018,2252,Night,7.727,-165.18,0.07,5009,126,28.7,3.26,33.82,2,set,,,Deep Tucker,,,2097.23,1,2097.23,125,0.059602428,0,0,0,0,0,0,0,0,0,0,0,0,0,0,0,0,129,28,12,11,5,0,0,6,1,3,0,0,0,1,1,0,2,0,0,1,0,0,0,0,0,0,0,0,0,0,0,0,0,0,0,0,0,0,0,0,0,0,0,0,0,0,200,0,0,0,0,0,0,0,0,0,1,0,0,3,0,0,4,0,0,0,0,37,0,0,0,0,0,1,0,0,0,2,0,0,0,0,1,20,0,1,6,0,0,0,0,3,0,3,0,0,0,0,0,0,0,13,95,0.045297845,95,0.045297845
S281-009-NT,13-Jul-18,S281,2018,1034,Day,6.757,-165.71,0.591,4811,0,29.2,2.62,34.1,0,risen,,,Neuston,N/A,,2707.1,0.5,1353.55,1.1,0.000812678,0,0,0,0,0,0,0,0,0,0,0,0,0,0,0,0,57,3,4,13,4,0,3,0,3,4,0,0,0,102,1,0,6,0,0,0,0,0,0,0,0,0,0,0,0,0,0,0,0,0,0,0,0,0,0,0,0,0,0,0,0,0,200,0,0,0,0,0,0,0,0,0,0,0,0,0,0,0,0,0,0,0,0,0,0,0,0,0,0,1,4,0,0,0,0,0,0,0,0,0,0,0,0,0,0,0,0,0,0,0,0,0,0,0,0,0,0,3,8,0.005910384,8,0.005910384
S281-010-NT,14-Jul-18,S281,2018,53,Night,6.018,-165.798,0.9,4610,0,29.5,6.15,34.4,0,set,,,Neuston,N/A,,965.7,0.5,482.85,21,0.043491768,0,0,0,0,0,0,0,0,0,0,0,0,0,0,0,0,114,8,16,8,4,0,0,18,7,5,12,1,0,1,3,0,1,0,1,0,1,0,0,0,0,0,0,0,0,0,0,0,0,0,0,0,0,0,0,0,0,0,0,0,0,0,200,0,0,0,0,0,0,0,0,0,0,0,0,0,0,0,0,0,0,0,0,0,0,0,0,0,0,0,1,0,0,0,0,0,0,0,0,0,0,0,0,0,0,0,0,0,0,0,0,0,0,0,0,0,0,0,1,0.002071037,1,0.002071037
S281-010-TTD,13-Jul-18,S281,2018,2316,Night,6.04,-165.798,0.9,4568,104,29.6,6.06,34.4,0,set,,,Deep Tucker,,,1503.61,1,1503.61,82,0.054535418,1,0,1,1,0,0,0,0,0.000665066,0,0.000665066,0.000665066,0,0,0,0,130,27,6,10,10,0,1,3,3,2,0,0,0,7,1,0,0,0,0,0,0,0,0,0,0,0,0,0,0,0,0,0,0,0,0,0,0,0,0,0,0,0,0,0,0,0,200,0,0,0,0,0,0,0,0,0,1,0,0,2,0,0,1,0,0,0,0,12,0,0,0,0,0,14,4,0,0,2,0,0,0,0,0,43,0,0,0,0,0,0,2,0,0,0,0,0,0,0,0,0,0,20,101,0.067171674,100,0.066506607
S281-010-TTS,13-Jul-18,S281,2018,1,Night,6.03,-165.798,0.9,4591,40,29.5,5.72,34.38,0,set,,,Shallow Tucker,,,1620.98,1,1620.98,94,0.057989611,0,0,0,0,0,0,0,0,0,0,0,0,0,0,0,0,108,18,25,9,10,0,0,0,3,7,1,0,0,13,0,0,0,0,0,5,0,0,0,0,0,1,0,0,0,0,0,0,0,0,0,0,0,0,0,0,0,0,0,0,0,0,200,0,0,0,0,0,0,0,0,0,0,0,0,0,0,0,0,0,0,0,0,0,0,0,0,0,0,0,0,0,0,1,0,0,0,0,0,1,0,0,0,0,0,0,3,0,0,0,0,0,0,0,0,0,0,0,5,0.003084554,5,0.003084554
S281-011-NT,14-Jul-18,S281,2018,1054,Day,5.275,-166.1,0.292,5099,0,29.4,5.53,34.86,3,risen,,,Neuston,N/A,,722,0.5,361,6,0.016620499,0,0,0,0,0,0,0,0,0,0,0,0,0,0,0,0,33,0,4,39,1,0,0,0,0,5,1,0,0,115,0,0,0,0,0,2,0,0,0,0,0,0,0,0,0,0,0,0,0,0,0,0,0,0,0,0,0,0,0,0,0,0,200,0,0,0,0,0,0,0,0,0,0,0,0,0,0,0,0,0,0,0,0,0,0,0,0,0,0,0,0,0,0,0,0,0,0,0,0,0,0,0,0,0,0,0,0,0,0,0,0,0,0,0,0,0,0,0,0,0,0,0
S281-012-NT,14-Jul-18,S281,2018,2357,Night,4.578,-166.74,0.37,5449,0,29.2,16.43,34.95,3,set,,,Neuston,N/A,,1363.3,0.5,681.65,38,0.055747084,0,0,0,0,0,0,0,0,0,0,0,0,0,0,0,0,87,41,22,21,6,0,0,1,1,0,12,0,0,2,1,0,3,0,0,2,0,0,0,0,0,0,0,0,0,0,1,0,0,0,0,0,0,0,0,0,0,0,0,0,0,0,200,0,0,0,0,0,0,0,0,0,0,0,0,0,0,0,0,0,0,0,0,0,0,1,0,0,0,0,0,0,0,0,0,0,0,0,0,1,0,0,0,0,0,0,0,0,0,0,0,0,0,0,0,0,0,3,5,0.007335143,5,0.007335143
S281-012-TTD,14-Jul-18,S281,2018,2234,Night,4.57,-166.705,0.37,5602,104,29.3,17.41,34.96,3,set,,,Deep Tucker,,,1911.8,1,1911.8,263,0.137566691,2,0,2,2,0,0,0,0,0.001046135,0,0.001046135,0.001046135,0,0,0,0,81,62.5,16,9.5,1,0,0,2.5,5.5,1,4.5,0,0,2,4,0,0,0,0,7,0,0,0,0,0,0.5,0.5,1.5,0,0,1,0,0,0,0,0,0,0,0,0,0,0,0,0,0,0,200,0,0,0,0,0,0,0,0,0,1,0,0,1,0,1,1,0,0,0,0,13,0,0,0,0,0,3,2,0,0,0,0,0,0,3,0,92,0,0,0,0,0,0,15,1,0,3,0,0,0,0,0,0,0,6,142,0.074275552,140,0.073229417
S281-012-TTS,14-Jul-18,S281,2018,2310,Night,4.575,-166.722,0.37,5587,41,29.2,17.19,34.96,3,set,,,Shallow Tucker,,,1694.2,1,1694.2,195,0.115098572,1,0,1,1,0,0,0,0,0.000590249,0,0.000590249,0.000590249,0,0,0,0,84,65.5,23,7.5,3.5,0,0,4,1.5,2,3.5,0,0,0.5,1.5,0,0,0,0.5,2.5,0,0,0,0,0,0,0.5,0,0,0,0,0,0,0,0,0,0,0,0,0,0,0,0,0,0,0,200,0,0,0,0,0,0,0,0,0,0,0,0,0,0,0,0,0,0,0,0,0,0,0,0,0,0,7,0,0,0,0,0,0,0,0,0,6,0,0,0,0,0,0,16,0,0,0,0,0,0,0,0,0,0,0,29,0.017117223,28,0.016526974
S281-013-NT,15-Jul-18,S281,2018,1207,Day,3.56,-167.527,0.452,5382,0,29.4,6.15,34.87,8,risen,,,Neuston,N/A,,2478.4,0.5,1239.2,2,0.001613944,0,0,0,0,0,0,0,0,0,0,0,0,0,0,0,0,23,1,1,108,11,0,4,0,7,7,0,0,0,35,1,0,1,0,0,0,1,0,0,0,0,0,0,0,0,0,0,0,0,0,0,0,0,0,0,0,0,0,0,0,0,0,200,0,1,0,0,0,0,0,0,0,0,0,0,0,0,0,0,0,0,0,0,0,0,2,0,0,0,0,8,0,0,0,0,0,0,0,0,0,0,0,0,0,0,0,0,0,0,0,0,0,0,0,0,0,0,1,12,0.009683667,12,0.009683667
S281-014-NT,16-Jul-18,S281,2018,24,Night,2.63,-168.418,0.602,5292,0,29.2,17.69,34.97,16,set,,,Neuston,N/A,,2146.6,0.5,1073.3,46,0.042858474,0,0,0,0,0,0,0,0,0,0,0,0,0,0,0,0,113,23,19,4,10,0,0,1,5,2,12,0,0,2,2,0,2,0,0,2,0,2,0,1,0,0,0,0,0,0,0,0,0,0,0,0,0,0,0,0,0,0,0,0,0,0,200,0,0,0,0,0,0,0,0,0,0,0,0,0,0,0,0,0,0,0,0,0,0,0,0,0,0,0,0,0,0,0,0,0,0,0,1,2,0,0,1,0,0,0,0,0,0,0,0,0,0,0,0,0,0,1,5,0.00465853,5,0.00465853
S281-014-TTD,15-Jul-18,S281,2018,2251,Night,2.66,-168.352,0.602,5426,120,29.2,16.18,34.97,16,set,,,Deep Tucker,,,2089.73,1,2089.73,181,0.08661406,2,0,2,1,1,0,0,0,0.000957061,0,0.000957061,0.000478531,0.000478531,0,0,0,87,59,12,19,0,0,0,5,4,1,3,0,0,5,2,0,0,0,0,1,0,0,0,0,0,1,0,1,0,0,0,0,0,0,0,0,0,0,0,0,0,0,0,0,0,0,200,0,0,0,0,0,0,0,0,0,1,0,0,0,0,2,1,0,0,0,0,22,0,0,0,0,0,0,0,0,0,0,0,0,0,0,0,60,0,0,0,0,0,0,0,2,0,9,0,0,0,0,0,0,0,10,107,0.051202787,105,0.050245726
S281-014-TTS,15-Jul-18,S281,2018,2336,Night,2.645,-168.388,0.602,5415,52,29.2,16.98,34.97,16,set,,,Shallow Tucker,,,1389.25,1,1389.25,106,0.076300162,0,0,0,0,0,0,0,0,0,0,0,0,0,0,0,0,86,66,11,10,0,0,0,2,1,6,10,0,0,2,1,0,0,0,0,5,0,0,0,0,0,0,0,0,0,0,0,0,0,0,0,0,0,0,0,0,0,0,0,0,0,0,200,0,0,0,0,0,0,0,0,0,0,0,0,0,0,0,1,0,0,0,0,1,0,0,0,0,0,0,1,0,0,0,0,0,0,0,0,5,0,0,0,0,0,0,0,0,0,0,0,0,0,0,0,0,0,4,12,0.008637754,12,0.008637754
S281-015-NT,16-Jul-18,S281,2018,1053,Day,1.91,-168.98,0.722,5264,0,28.8,6.58,35.13,16,risen,,,Neuston,N/A,,2916.4,0.5,1458.2,6,0.004114662,0,0,0,0,0,0,0,0,0,0,0,0,0,0,0,0,27,2,11,75,7,0,4,0,0,3,0,0,0,66,0,0,0,0,0,0,0,0,0,5,0,0,0,0,0,0,0,0,0,0,0,0,0,0,0,0,0,0,0,0,0,0,200,0,0,0,0,0,0,0,0,0,0,0,0,0,0,0,2,0,0,0,0,0,0,13,0,0,0,0,24,0,0,0,0,0,0,0,0,0,0,0,0,0,0,0,0,0,0,0,0,0,0,0,0,0,0,0,39,0.026745302,39,0.026745302
S281-017-NT,17-Jul-18,S281,2018,943,Night,-0.062,-169.652,N/A,5026,0,28.6,29.7,35.38,26,risen,,,Neuston,N/A,,1845.8,0.5,922.9,14,0.015169574,0,0,0,0,0,0,0,0,0,0,0,0,0,0,0,0,103,2,5,48,20,0,2,0,0,4,0,0,0,12,1,0,2,0,0,0,1,0,0,0,0,0,0,0,0,0,0,0,0,0,0,0,0,0,0,0,0,0,0,0,0,0,200,0,0,0,0,0,0,0,0,0,0,0,0,0,0,0,0,0,0,0,0,0,0,2,0,0,0,0,26,0,0,0,0,0,0,0,0,0,0,0,0,0,0,0,0,0,0,0,0,0,0,0,0,0,0,1,29,0.031422689,29,0.031422689
S281-017-TTS,17-Jul-18,S281,2018,854,Day,-0.043,-169.633,N/A,5461,51,28.6,29.7,35.38,26,risen,,,Shallow Tucker,,,1517.25,1,1517.25,216,0.142362828,1,1,0,0,0,0,0,0,0.000659087,0.000659087,0,0,0,0,0,0,80,37.5,28,13,5.5,0,1,6.5,0,3,8,0,0,5,4,0,0,0,0,1.5,0,0,0,6.5,0,0.5,0,0,0,0,0,0,0,0,0,0,0,0,0,0,0,0,0,0,0,0,200,0,0,0,0,0,0,0,0,0,0,0,0,0,0,0,1,0,0,0,0,7,0,0,6,0,0,0,0,0,0,0,0,0,0,0,0,34,0,0,5,0,0,0,3,0,0,2,0,0,0,0,0,0,0,10,68,0.044817927,67,0.04415884
S281-018-NT,18-Jul-18,S281,2018,2008,Night,-1.025,-169.597,0.336,5688,0,28.7,18.97,35.42,26,risen,,,Neuston,N/A,,2416,0.5,1208,62,0.051324503,0,0,0,0,0,0,0,0,0,0,0,0,0,0,0,0,69,81,2,12,2,0,0,0,2,1,11,0,0,0,6,0,14,0,0,0,0,0,0,0,0,0,0,0,0,0,0,0,0,0,0,0,0,0,0,0,0,0,0,0,0,0,200,0,0,0,0,0,0,0,0,0,0,0,0,0,0,0,0,0,0,0,0,0,0,0,0,0,0,0,0,0,0,0,0,0,0,0,0,0,0,0,0,0,0,0,0,0,0,0,0,0,0,0,0,0,0,0,0,0,0,0
S281-018-TTD,18-Jul-18,S281,2018,2134,Night,-1.073,-169.598,0.336,5631,N/A,28.7,26.97,35.42,26,risen,,,Deep Tucker,,,2382.25,1,2382.25,220,0.092349669,5,4,1,0,1,0,0,0,0.002098856,0.001679085,0.000419771,0,0.000419771,0,0,0,77,78,11,4,2.5,0,1.5,11,3,2.5,2.5,0,0,5,0.5,0,0.5,0,0.5,0.5,0,0,0,0,0,0,0,0,0,0,0,0,0,0,0,0,0,0,0,0,0,0,0,0,0,0,200,0,0,0,0,0,0,0,0,0,1,0,0,5,0,1,3,0,0,0,0,7,0,1,4,0,0,0,1,0,0,0,0,0,0,0,0,30,0,0,0,0,0,0,1,10,0,4,0,0,0,0,0,0,0,16,84,0.035260783,79,0.033161927
S281-018-TTS,18-Jul-18,S281,2018,2053,Night,-1.06,-169.603,0.336,5630,54,28.7,26.93,35.42,26,risen,,,Shallow Tucker,,,1898.29,1,1898.29,240,0.126429576,2,2,0,0,0,0,0,0,0.00105358,0.00105358,0,0,0,0,0,0,68.5,90.5,7,8.5,0,0,1,7.5,5,0.5,2.5,0,0,3,1.5,0,0,0,0.5,1.5,0,1.5,0,0.5,0,0,0.5,0,0,0,0,0,0,0,0,0,0,0,0,0,0,0,0,0,0,0,200,0,0,0,0,0,0,0,0,0,0,0,0,0,0,0,2,0,0,0,0,6,0,0,1,0,0,0,0,0,0,0,0,0,0,0,0,7,0,0,0,0,0,0,5,1,0,3,0,0,0,0,0,0,0,6,31,0.016330487,29,0.015276907
S281-019-NT,18-Jul-18,S281,2018,1041,Day,-1.462,-170.065,0.53,5533,0,28.6,9.02,35.4,36,set,,,Neuston,N/A,,2425.2,0.5,1212.6,14,0.01154544,0,0,0,0,0,0,0,0,0,0,0,0,0,0,0,0,55,0,2,71,37,0,24,0,1,5,1,0,0,3,0,0,0,0,0,0,0,0,0,0,0,0,0,0,0,0,0,0,0,0,0,1,0,0,0,0,0,0,0,0,0,0,200,0,0,0,0,0,0,0,0,0,0,0,0,1,0,0,2,0,0,0,0,0,0,11,1,0,0,0,17,0,0,0,0,0,0,0,1,1,0,0,0,0,0,0,0,0,0,1,0,0,0,0,0,0,0,1,36,0.029688273,36,0.029688273
S281-019-TTS,18-Jul-18,S281,2018,1127,Day,-1.477,-170.097,0.53,5622,N/A,28.6,10.44,35.4,36,set,,,Shallow Tucker,,,1844.76,1,1844.76,125,0.067759492,0,0,0,0,0,0,0,0,0,0,0,0,0,0,0,0,107,35,10,11,4,0,1,3,4,7,11,0,0,2,4,0,0,0,0,0,0,0,0,1,0,0,0,0,0,0,0,0,0,0,0,0,0,0,0,0,0,0,0,0,0,0,200,0,0,0,0,0,0,0,0,0,0,0,0,3,0,0,0,0,0,0,0,1,0,0,5,0,0,0,0,0,1,4,0,0,0,0,0,29,0,0,1,0,0,0,1,0,0,0,0,0,0,0,0,0,0,5,50,0.027103797,50,0.027103797
S281-020-NT,19-Jul-18,S281,2018,8,Night,-2.04,-170.457,0.556,5037,0,28.6,13.11,35.36,47,set,,,Neuston,N/A,,2253,0.5,1126.5,40,0.035508211,1,1,0,0,0,0,0,0,0.000887705,0.000887705,0,0,0,0,0,0,123,36,2,5,5,0,1,0,2,0,23,0,0,0,3,0,0,0,0,0,0,0,0,0,0,0,0,0,0,0,0,0,0,0,0,0,0,0,0,0,0,0,0,0,0,0,200,0,0,0,0,0,0,0,0,0,0,0,0,0,0,0,1,0,0,0,0,8,0,0,0,0,0,2,0,0,0,0,0,0,0,0,0,3,0,0,0,0,0,0,1,0,0,2,0,0,0,0,0,0,0,5,22,0.019529516,21,0.018641811
S281-020-TTD,18-Jul-18,S281,2018,2312,Night,-2.015,-170.427,0.556,5198,138,28.6,13.58,35.34,47,set,,,Deep Tucker,,,1988.54,1,1988.54,150,0.075432227,1,0,1,1,0,0,0,0,0.000502882,0,0.000502882,0.000502882,0,0,0,0,107,48,17,5,1,0,1,3,1,3,3,0,0,4,1,0,0,0,0,4,0,0,0,0,0,1,0,0,0,0,1,0,0,0,0,0,0,0,0,0,0,0,0,0,0,0,200,0,0,0,0,0,0,0,0,0,1,0,0,0,0,1,1,0,0,0,1,14,0,0,1,0,0,0,0,0,1,0,0,0,0,0,0,56,0,0,0,0,0,0,5,4,0,1,0,0,0,0,0,0,0,10,96,0.048276625,95,0.047773744
S281-020-TTS,18-Jul-18,S281,2018,2234,Night,-2,-170.402,0.556,5355,49,28.6,15.18,35.32,47,set,,,Shallow Tucker,,,1610.2,1,1610.2,255,0.15836542,1,1,0,0,0,0,0,0,0.000621041,0.000621041,0,0,0,0,0,0,86,67,14,8.5,0,0,0,6,3,3,7,0,0,0,1,0,0,0,1,2,0,0,0,0,0,0.5,1,0,0,0,0,0,0,0,0,0,0,0,0,0,0,0,0,0,0,0,200,0,0,0,0,0,0,0,0,0,0,0,0,0,0,0,1,0,0,0,0,9,0,1,0,0,0,2,0,0,0,0,0,0,0,2,0,5,0,0,0,0,0,0,0,0,0,0,0,0,0,0,0,0,0,3,23,0.01428394,22,0.013662899
S281-021-NT,19-Jul-18,S281,2018,1025,Day,-2.503,-170.72,0.383,5452,0,28.8,6.75,35.36,47,set,,,Neuston,N/A,,2270,0.5,1135,6,0.005286344,0,0,0,0,0,0,0,0,0,0,0,0,0,0,0,0,67,6,1,31,3,0,34,0,1,10,0,0,0,45,1,0,0,0,0,0,0,0,0,1,0,0,0,0,0,0,0,0,0,0,0,0,0,0,0,0,0,0,0,0,0,0,200,0,0,0,0,0,0,0,0,0,0,0,0,0,0,0,0,0,0,0,0,0,0,6,0,0,0,0,14,0,0,0,0,0,0,0,0,0,0,0,0,0,0,0,0,0,0,0,0,0,0,0,0,0,0,1,21,0.018502203,21,0.018502203
S281-021-TTS,19-Jul-18,S281,2018,1105,Day,-2.522,-170.75,0.383,5456,36.6,28.8,7.32,35.34,47,set,,,Shallow Tucker,,,2270.7,1,2270.7,130,0.057251068,12,12,0,0,0,0,0,0,0.005284714,0.005284714,0,0,0,0,0,0,127,4,22,13,0,0,1,1,5,6,4,0,0,6,4,0,0,0,0,7,0,0,0,0,0,0,0,0,0,0,0,0,0,0,0,0,0,0,0,0,0,0,0,0,0,0,200,0,0,0,0,0,0,0,0,0,0,0,0,2,0,0,6,0,0,0,0,74,0,0,5,0,0,0,1,0,0,0,0,0,0,1,0,89,0,0,5,0,0,0,0,0,0,17,0,0,0,0,0,0,0,10,210,0.092482494,198,0.08719778
S281-022-NT,20-Jul-18,S281,2018,16,Night,-3.19,-171.197,0.26,3187,0,29,28.1,35.5,57,risen,,,Neuston,N/A,,2697.3,0.5,1348.65,40,0.029659289,0,0,0,0,0,0,0,0,0,0,0,0,0,0,0,0,95,73,5,2,4,0,0,1,6,0,8,0,0,2,1,0,0,0,0,0,1,0,0,0,0,0,0,1,0,0,1,0,0,0,0,0,0,0,0,0,0,0,0,0,0,0,200,0,0,0,0,0,0,0,0,0,0,0,0,0,0,0,0,0,0,0,0,0,0,0,0,0,0,0,1,0,0,0,0,0,0,0,0,0,0,0,0,0,0,0,0,0,0,0,0,0,0,0,0,0,0,0,1,0.000741482,1,0.000741482
S281-022-TTD,19-Jul-18,S281,2018,2316,Night,-3.155,-171.165,0.26,2787,118,28.9,28.5,35.48,57,risen,,,Deep Tucker,,,2913.66,1,2913.66,200,0.068642189,1,1,0,0,0,0,0,0,0.000343211,0.000343211,0,0,0,0,0,0,73.5,60,15.5,12.5,3,0,0,4.5,3,2,9,0,0,6,2,0,1.5,0,0.5,2,0,3.5,0,0,0,0.5,0,1,0,0,0,0,0,0,0,0,0,0,0,0,0,0,0,0,0,0,200,0,0,0,0,0,0,0,0,0,1,0,0,0,0,0,0,0,0,0,0,8,0,0,1,0,0,2,0,0,0,0,0,0,0,0,0,33,0,0,0,0,0,0,8,1,0,2,0,0,0,0,0,0,0,4,60,0.020592657,59,0.020249446
S281-022-TTS,19-Jul-18,S281,2018,2236,Night,-3.132,-171.14,0.26,2221,41,28.9,28.2,35.5,57,risen,,,Shallow Tucker,,,2256.02,1,2256.02,210,0.093084281,0,0,0,0,0,0,0,0,0,0,0,0,0,0,0,0,81,69.5,13,5,1.5,0,0,7.5,7.5,1,1,0,0,8.5,0,0,0,0,1.5,1.5,0,1.5,0,0,0,0,0,0,0,0,0,0,0,0,0,0,0,0,0,0,0,0,0,0,0,0,200,0,0,0,0,0,0,0,0,0,0,0,0,0,0,0,0,0,0,0,0,21,0,0,1,0,0,10,0,0,0,1,0,0,0,2,0,28,0,0,0,0,0,0,18,0,0,1,0,0,0,0,0,0,0,10,92,0.04077978,92,0.04077978
S281-023-NT,20-Jul-18,S281,2018,744,Day,-2.867,-171.595,0.308,1081,0,28.9,10.25,35.45,57,set,,,Neuston,N/A,,2905,0.5,1452.5,11,0.00757315,0,0,0,0,0,0,0,0,0,0,0,0,0,0,0,0,102,10,15,34,5,0,0,0,18,5,2,0,0,5,2,0,0,0,0,0,1,0,0,0,0,0,0,1,0,0,0,0,0,0,0,0,0,0,0,0,0,0,0,0,0,0,200,0,0,0,0,0,0,0,0,0,0,0,0,0,0,0,0,0,0,0,0,0,0,10,0,0,0,0,23,0,0,0,0,0,0,0,0,0,0,0,0,0,0,0,0,0,0,0,0,0,0,0,0,0,0,0,33,0.022719449,33,0.022719449
S281-023-TTS,20-Jul-18,S281,2018,823,Day,-2.89,-171.618,0.308,1237,52,29,8.11,35.46,57,set,,,Shallow Tucker,,,2059.91,1,2059.91,105,0.050973101,1,0,1,1,0,0,0,0,0.000485458,0,0.000485458,0.000485458,0,0,0,0,80,62,18,3,6,0,0,3,6,3,6,0,0,6,2,0,0,0,0,3,0,0,0,0,0,0,0,0,0,0,0,0,0,0,2,0,0,0,0,0,0,0,0,0,0,0,200,0,0,0,0,0,0,0,0,0,0,0,0,0,0,0,1,0,0,0,0,0,0,0,0,0,0,0,1,0,0,0,0,0,0,0,0,2,0,0,0,0,0,0,0,0,0,2,0,0,0,0,0,0,0,1,7,0.003398207,6,0.002912749
S281-024-NT,24-Jul-18,S281,2018,1329,Day,-2.82,-171.748,0.248,1676,0,29.2,5.95,35.45,90,set,,,Neuston,N/A,,1349,0.5,674.5,10,0.014825797,0,0,0,0,0,0,0,0,0,0,0,0,0,0,0,0,33,1,1,97,5,0,17,0,4,4,0,0,0,38,0,0,0,0,0,0,0,0,0,0,0,0,0,0,0,0,0,0,0,0,0,0,0,0,0,0,0,0,0,0,0,0,200,0,0,0,0,0,0,0,0,0,0,0,0,0,0,0,0,0,0,0,0,0,0,0,0,0,0,0,0,0,0,0,0,0,0,0,0,0,0,0,0,0,0,0,0,0,0,1,0,0,0,0,0,0,0,1,2,0.002965159,2,0.002965159
S281-024-TTS,24-Jul-18,S281,2018,1414,Day,-2.83,-171.767,0.248,2055,39,29.2,5.71,35.44,90,set,,,Shallow Tucker,,,1834.02,1,1834.02,120,0.065430039,20,14,6,2,4,0,0,0,0.010905006,0.007633505,0.003271502,0.001090501,0.002181001,0,0,0,133,13,11,9,2,0,1,3,4,5,6,0,0,5,3,0,0,0,0,4,0,1,0,0,0,0,0,0,0,0,0,0,0,0,0,0,0,0,0,0,0,0,0,0,0,0,200,0,0,0,0,0,0,0,0,0,0,0,0,0,0,0,5,0,0,0,0,68,0,0,2,0,0,0,0,0,0,0,0,0,0,0,0,77,0,0,14,0,0,0,0,0,0,20,0,0,0,0,0,0,0,23,209,0.113957318,189,0.103052311
S281-025b-NT,25-Jul-18,S281,2018,9,Night,-2.922,-171.617,0.345,2341,0,28.9,16.37,35.38,95,risen,,,Neuston,N/A,,2029.8,0.5,1014.9,24,0.02364765,0,0,0,0,0,0,0,0,0,0,0,0,0,0,0,0,99,46,6,6,6,0,0,0,13,2,15,0,0,2,2,0,0,0,1,0,1,0,0,0,0,0,0,0,0,0,1,0,0,0,0,0,0,0,0,0,0,0,0,0,0,0,200,0,0,0,0,0,0,0,0,0,0,0,0,0,0,0,0,0,0,0,0,0,0,0,0,0,0,0,1,0,0,0,0,0,0,0,1,0,0,0,0,0,0,0,0,0,0,0,0,0,0,0,0,0,0,0,2,0.001970638,2,0.001970638
S281-025b-TTD,24-Jul-18,S281,2018,2307,Night,-2.88,-171.608,0.345,550,103,29,17.05,35.38,95,risen,,,Deep Tucker,,,1749.49,1,1749.49,135,0.077165345,7,3,4,3,1,0,0,0,0.004001166,0.001714785,0.002286381,0.001714785,0.000571595,0,0,0,74,24,65,4,0,0,0,2,1,2,2,1,0,7,2,0,3,0,2,4,0,2,0,0,0,1,0,3,0,0,0,0,0,0,0,0,1,0,0,0,0,0,0,0,0,0,200,0,0,0,0,0,0,0,0,0,0,0,0,0,0,0,1,0,0,0,0,1027,0,0,0,0,0,0,0,0,0,0,0,0,0,0,0,35,0,0,1,0,0,0,5,0,0,7,0,0,0,0,0,0,0,4,1080,0.617322763,1073,0.613321597
S281-025b-TTS,24-Jul-18,S281,2018,2224,Night,-2.852,-171.608,0.345,526,38,29,17.26,35.38,95,risen,,,Shallow Tucker,,,1952.38,1,1952.38,148,0.075804915,6,1,5,5,0,0,0,0,0.003073172,0.000512195,0.002560977,0.002560977,0,0,0,0,78,80,20,0,0,0,1,1,6,0,6,0,0,0,2,0,0,0,0,2,0,1,0,3,0,0,0,0,0,0,0,0,0,0,0,0,0,0,0,0,0,0,0,0,0,0,200,0,0,0,0,0,0,0,0,0,0,0,0,0,0,0,2,0,0,0,0,1000,0,1,0,0,0,0,3,0,0,0,0,0,0,1,0,0,0,0,0,0,0,0,0,0,0,6,0,0,0,0,0,0,0,0,1013,0.518853912,1007,0.515780739
S281-026-NT,25-Jul-18,S281,2018,1045,Day,-3.565,-171.793,0.36,5087,0,28.9,8.01,35.38,95,set,,,Neuston,N/A,,3373,0.5,1686.5,7,0.004150608,0,0,0,0,0,0,0,0,0,0,0,0,0,0,0,0,58,2,6,30,4,0,2,0,3,11,4,0,0,68,0,0,4,0,0,0,0,0,0,0,0,0,0,8,0,0,0,0,0,0,0,0,0,0,0,0,0,0,0,0,0,0,200,0,0,0,0,0,0,0,0,0,0,0,0,0,0,0,0,0,0,0,0,0,0,13,2,0,0,0,17,0,0,0,0,0,0,0,0,0,0,0,0,0,0,0,0,0,0,0,0,0,0,0,0,0,1,0,33,0.019567151,33,0.019567151
S281-026-TTS,25-Jul-18,S281,2018,1156,Day,-3.627,-171.805,0.36,4868,38,29,6.01,35.38,95,set,,,Shallow Tucker,,,2707.33,1,2707.33,120,0.044324113,58,30,28,13,15,0,0,0,0.021423321,0.011081028,0.010342293,0.004801779,0.005540514,0,0,0,104,12,32,19,0,0,0,0,2,2,10,0,0,0,1,0,0,0,0,5,0,1,0,11,0,0,0,1,0,0,0,0,0,0,0,0,0,0,0,0,0,0,0,0,0,0,200,0,0,0,0,0,0,0,0,0,0,0,0,5,2,0,7,0,0,0,0,883,0,0,7,0,0,0,0,0,0,1,0,0,0,0,0,22,0,0,0,0,0,0,0,0,0,62,0,0,0,0,0,0,0,4,993,0.366782032,935,0.345358711
S281-027-NT,25-Jul-18,S281,2018,114,Night,-4.09,-172.08,0.183,5609,0,29.1,18.13,35.5,98,risen,,,Neuston,N/A,,1957,0.5,978.5,22,0.022483393,0,0,0,0,0,0,0,0,0,0,0,0,0,0,0,0,68,70,14,6,0,0,0,0,4,1,23,0,0,1,2,0,8,0,0,1,1,0,0,0,0,0,0,0,0,0,1,0,0,0,0,0,0,0,0,0,0,0,0,0,0,0,200,0,0,0,0,0,0,0,0,0,0,0,0,0,0,0,0,0,0,0,0,0,0,0,0,0,0,0,0,0,0,0,0,0,0,0,0,0,0,0,0,0,0,0,0,0,0,0,0,0,0,0,0,0,0,0,0,0,0,0
S281-027-TTD,26-Jul-18,S281,2018,13,Night,-4.047,-172.078,0.183,5603,111.2,29.1,18.23,35.51,98,risen,,,Deep Tucker,,,2649.17,1,2649.17,180,0.067945809,1,0,1,0,1,0,0,0,0.000377477,0,0.000377477,0,0.000377477,0,0,0,89.5,57.5,12,7.5,1,0,0,7,2.5,3.5,6,0,0,3.5,1.5,0,3.5,0,1,3,0,0,0,0,0,0,0,0.5,0,0,0,0,0,0,0,0.5,0,0,0,0,0,0,0,0,0,0,200,1,0,0,0,0,0,0,0,0,0,0,0,0,0,1,4,0,0,0,0,17,0,0,0,0,0,4,0,17,0,0,0,0,0,0,0,32,0,0,0,0,0,0,9,0,0,2,0,0,0,0,0,0,0,17,104,0.039257579,103,0.038880102
S281-027-TTS,25-Jul-18,S281,2018,2334,Night,-4.018,-172.082,0.183,5555,36.6,29.1,18.68,35.51,98,risen,,,Shallow Tucker,,,2069.46,1,2069.46,155,0.074898766,1,0,1,0,1,0,0,0,0.000483218,0,0.000483218,0,0.000483218,0,0,0,72,77,23.5,5,2,0,0,5,5,1.5,3,0,0,0.5,1,0,0,0,1,2,0,1.5,0,0,0,0,0,0,0,0,0,0,0,0,0,0,0,0,0,0,0,0,0,0,0,0,200,1,0,0,0,0,0,0,0,0,0,0,0,0,0,1,1,0,0,0,0,0,0,0,0,0,0,4,2,45,0,0,0,0,0,3,0,0,0,0,0,0,0,0,0,1,0,0,0,0,0,0,0,0,0,7,65,0.03140916,64,0.030925942
S281-028-NT,26-Jul-18,S281,2018,723,Day,-4.512,-172.112,0.241,1519,0,29.2,9.33,35.57,98,set,,,Neuston,Orona,,2644,0.5,1322,8,0.006051437,0,0,0,0,0,0,0,0,0,0,0,0,0,0,0,0,64,3,12,79,2,0,0,0,1,5,7,0,0,20,1,0,0,0,0,0,0,4,0,0,0,0,0,0,0,0,2,0,0,0,0,0,0,0,0,0,0,0,0,0,0,0,200,0,0,0,0,0,0,0,0,0,0,0,0,0,0,0,1,0,0,0,0,2,0,8,0,0,0,0,3,0,0,0,0,0,0,0,0,0,0,0,0,0,0,0,0,0,0,0,0,0,0,0,0,0,0,1,15,0.011346445,15,0.011346445
S281-028-TTS,26-Jul-18,S281,2018,800,Day,-4.54,-172.107,0.312,1714,37,29.2,7.79,35.57,98,set,,,Shallow Tucker,Orona,,2271.69,1,2271.69,90,0.039618082,13,6,7,7,0,0,0,0,0.005722612,0.002641205,0.003081406,0.003081406,0,0,0,0,91,13,17,24,0,0,0,0,3,5,3,0,0,9,1,0,0,0,1,17,0,16,0,0,0,0,0,0,0,0,0,0,0,0,0,0,0,0,0,0,0,0,0,0,0,0,200,0,0,0,0,0,0,0,0,0,0,0,0,2,0,0,1,0,0,0,0,56,0,0,1,0,0,0,0,4,0,1,0,0,0,5,0,51,0,0,4,0,0,0,0,0,0,13,0,0,0,0,0,0,0,6,144,0.063388931,131,0.057666319
S281-029-NT,28-Jul-18,S281,2018,2025,Night,-4.588,-172.318,0.223,3338,0,29.3,12.2,35.59,100,risen,,,Neuston,Orona,,1980,0.5,990,46,0.046464646,1,1,0,0,0,0,0,0,0.001010101,0.001010101,0,0,0,0,0,0,85,17,8,20,2,0,1,0,5,3,35,0,0,1,0,0,10,0,0,12,0,1,0,0,0,0,0,0,0,0,0,0,0,0,0,0,0,0,0,0,0,0,0,0,0,0,200,0,0,0,0,0,0,0,0,0,0,0,0,0,0,0,0,0,0,0,0,0,0,0,0,0,0,0,0,0,0,0,0,0,0,0,0,0,0,0,0,0,0,0,0,0,0,1,0,0,0,0,0,0,0,0,1,0.001010101,0,0
S281-029-TTD,28-Jul-18,S281,2018,2134,Night,-4.567,-172.293,0.223,2750,125,29.3,11.9,35.59,100,risen,,,Deep Tucker,Orona,,2103.48,1,2103.48,160,0.076064427,2,0,2,1,0,1,0,0,0.000950805,0,0.000950805,0.000475403,0,0.000475403,0,0,106,26,7,10,0,0,0,10,9,7,3,0,0,8,1,0,0,0,1,10,0,1,0,0,0,0,0,1,0,0,0,0,0,0,0,0,0,0,0,0,0,0,0,0,0,0,200,0,0,0,0,0,0,0,0,0,0,0,0,0,0,0,1,0,0,0,0,18,0,0,2,0,0,0,1,0,0,0,0,0,0,0,0,78,0,0,0,0,0,0,4,1,0,3,0,0,0,0,0,0,0,6,114,0.054195904,112,0.053245099
S281-029-TTS,28-Jul-18,S281,2018,2054,Night,-4.547,-172.272,0.223,2150,40,29.3,14.22,35.59,100,risen,,,Shallow Tucker,Orona,,2262.08,1,2262.08,170,0.075152072,5,4,1,0,0,1,0,0,0.002210355,0.001768284,0.000442071,0,0,0.000442071,0,0,98,19,16,11,3,0,0,13,3,3,11,0,0,1,0,0,0,0,0,7,0,3,0,1,0,0,0,0,0,0,0,0,0,0,11,0,0,0,0,0,0,0,0,0,0,0,200,0,0,0,0,0,0,0,0,0,0,0,0,0,0,0,0,0,0,0,0,17,0,0,0,0,0,0,0,15,0,0,0,0,0,1,0,4,0,0,0,0,0,0,3,0,0,5,0,0,0,0,0,0,0,9,54,0.023871835,49,0.02166148
S281-030-NT,29-Jul-18,S281,2018,1041,Day,-3.995,-172.752,0.247,5269,0,29.2,6.26,35.46,98,set,,,Neuston,N/A,,2628,0.5,1314,15,0.011415525,0,0,0,0,0,0,0,0,0,0,0,0,0,0,0,0,98,6,10,17,1,0,30,0,9,1,1,0,0,17,0,0,3,0,1,0,2,0,0,0,0,0,0,4,0,0,0,0,0,0,0,0,0,0,0,0,0,0,0,0,0,0,200,0,0,0,0,0,0,0,0,0,0,0,0,0,0,0,1,1,0,0,0,4,0,5,0,0,0,0,9,0,0,0,0,0,0,0,0,0,0,0,0,0,0,0,0,0,0,0,0,0,0,0,0,0,2,0,22,0.01674277,22,0.01674277
S281-030-TTS,29-Jul-18,S281,2018,1124,Day,-4.03,-172.758,0.247,5330,33,29.4,4.31,35.46,98,set,,,Shallow Tucker,N/A,,2140.59,1,2140.59,110,0.051387702,2,0,2,1,0,1,0,0,0.000934322,0,0.000934322,0.000467161,0,0.000467161,0,0,55,17,33,25,0,0,14,0,2,10,21,0,0,5,0,0,0,0,0,12,0,4,0,0,0,0,0,2,0,0,0,0,0,0,0,0,0,0,0,0,0,0,0,0,0,0,200,0,0,0,0,0,0,0,0,0,0,0,0,2,0,0,0,0,0,0,0,0,0,0,6,0,0,0,0,0,0,1,0,0,0,0,0,16,0,0,3,0,0,0,0,0,0,2,0,0,0,0,0,0,0,7,37,0.017284954,35,0.016350632
S281-031-NT,30-Jul-18,S281,2018,13,Night,-3.443,-173.248,0.238,5188,0,29.3,12.54,35.5,98,risen,,,Neuston,N/A,,2480,0.5,1240,44,0.035483871,0,0,0,0,0,0,0,0,0,0,0,0,0,0,0,0,72,79,1,21,0,0,0,0,3,1,7,0,0,0,1,0,8,0,0,4,0,2,0,0,0,0,0,0,0,0,1,0,0,0,0,0,0,0,0,0,0,0,0,0,0,0,200,0,0,0,0,0,0,0,0,0,0,0,0,0,0,0,7,0,0,0,0,0,0,0,0,0,0,0,0,2,0,0,0,0,0,0,0,0,0,0,0,0,0,0,0,0,0,0,0,0,0,0,0,0,0,0,9,0.007258065,9,0.007258065
S281-031-TTD,29-Jul-18,S281,2018,2316,Night,-3.415,-173.23,0.238,5392,143,29.3,12.62,35.5,98,risen,,,Deep Tucker,,,1917.73,1,1917.73,105,0.054752233,0,0,0,0,0,0,0,0,0,0,0,0,0,0,0,0,84,28,54,8,1,0,1,5,2,3,2,0,0,5,2,0,0,0,0,3,0,1,0,1,0,0,0,0,0,0,0,0,0,0,0,0,0,0,0,0,0,0,0,0,0,0,200,2,0,0,0,0,0,0,0,0,0,0,0,2,0,1,4,0,0,0,0,33,0,0,1,0,0,0,0,4,0,0,0,0,0,0,0,34,0,0,0,0,0,0,10,3,0,0,0,0,0,0,0,0,0,2,96,0.050059185,96,0.050059185
S281-031-TTS,29-Jul-18,S281,2018,2232,Night,-3.393,-173.212,0.238,5133,44.1,29.3,12.53,35.49,98,risen,,,Shallow Tucker,,,2112.02,1,2112.02,215,0.101798278,1,0,1,1,0,0,0,0,0.00047348,0,0.00047348,0.00047348,0,0,0,0,80,60.5,28.5,7.5,5,0,0.5,2.5,3.5,1,5,0,0,1,0,0,0,0,1,1.5,0,1,0,0.5,0,0.5,0,0.5,0,0,0,0,0,0,0,0,0,0,0,0,0,0,0,0,0,0,200,1,0,0,0,0,0,0,0,0,0,0,0,0,0,0,2,0,0,0,0,2,0,0,1,0,0,4,0,15,0,4,0,0,0,2,0,2,0,0,0,0,0,0,0,0,0,1,0,0,0,0,0,0,0,6,40,0.018939215,39,0.018465734
S281-032-NT,30-Jul-18,S281,2018,1047,Day,-2.823,-173.675,0.279,5309,0,29.2,5.24,35.46,94,set,,,Neuston,N/A,,2803,0.5,1401.5,5,0.003567606,0,0,0,0,0,0,0,0,0,0,0,0,0,0,0,0,37,0,2,79,8,0,47,1,3,13,0,0,0,7,0,0,1,0,1,0,1,0,0,0,0,0,0,0,0,0,0,0,0,0,0,0,0,0,0,0,0,0,0,0,0,0,200,0,0,0,0,0,0,0,0,0,0,0,0,1,0,0,1,8,0,0,0,0,0,5,0,0,0,0,13,0,0,0,0,0,0,0,0,0,0,0,0,0,0,0,0,0,0,0,0,0,0,0,0,0,0,0,28,0.019978594,28,0.019978594
S281-032-TTS,30-Jul-18,S281,2018,1136,Day,-2.86,-173.693,0.279,5353,36.7,29.3,4.55,35.47,94,set,,,Shallow Tucker,,,2389.49,1,2389.49,130,0.054404915,3,1,2,1,0,1,0,0,0.001255498,0.000418499,0.000836999,0.000418499,0,0.000418499,0,0,112.5,4,18,25,0.5,0,1.5,0,1,3,23.5,0,0,0,3.5,0,0,0,0,3.5,0,3.5,0,0.5,0,0,0,0,0,0,0,0,0,0,0,0,0,0,0,0,0,0,0,0,0,0,200,0,0,0,0,0,0,0,0,0,0,0,0,3,0,0,2,0,0,0,0,19,0,0,3,0,0,1,2,48,0,0,0,0,0,0,0,10,0,0,0,0,0,0,0,0,0,3,0,0,0,0,0,0,0,9,100,0.041849935,97,0.040594436
S281-033-NT,31-Jul-18,S281,2018,17,Night,-2.288,-174.177,0.226,5526,0,29.2,13.96,35.5,88,risen,,,Neuston,N/A,,2134,0.5,1067,48,0.044985942,0,0,0,0,0,0,0,0,0,0,0,0,0,0,0,0,91,56,5,10,0,0,2,0,1,3,24,0,0,0,3,0,5,0,0,0,0,0,0,0,0,0,0,0,0,0,0,0,0,0,0,0,0,0,0,0,0,0,0,0,0,0,200,0,0,0,0,0,0,0,0,0,0,0,0,0,0,0,7,0,0,0,0,0,0,1,0,0,0,0,0,0,0,0,0,0,0,0,0,0,0,0,0,0,0,0,0,0,0,0,0,0,0,0,0,0,0,0,8,0.007497657,8,0.007497657
S281-033-TTD,30-Jul-18,S281,2018,2321,Night,-2.258,-174.172,0.226,5534,110,29.2,14.14,35.46,88,risen,,,Deep Tucker,,,1812.1,1,1812.1,145,0.080017659,0,0,0,0,0,0,0,0,0,0,0,0,0,0,0,0,108,41,17,4,1,0,1,9.5,2,2,2.5,0,0,2.5,1,0,1,0,0,3,0,1.5,0,0.5,0,0.5,0,1.5,0,0,0.5,0,0,0,0,0,0,0,0,0,0,0,0,0,0,0,200,0,0,0,0,0,0,0,0,0,0,0,0,2,0,0,1,0,0,0,0,22,0,0,4,0,0,2,0,0,0,0,0,0,0,0,0,64,0,0,0,0,0,0,9,2,0,0,0,0,0,0,0,0,0,2,108,0.05959936,108,0.05959936
S281-033-TTS,30-Jul-18,S281,2018,2239,Night,-2.235,-174.168,0.226,5383,41.7,29.2,14.52,35.45,88,risen,,,Shallow Tucker,,,1850.82,1,1850.82,220,0.118866232,0,0,0,0,0,0,0,0,0,0,0,0,0,0,0,0,84,73,14,7,0,0,0,2.5,4,1,2,0,0,0,1.5,0,0,0,0.5,2,0,6,0,0,0,0.5,1,0.5,0.5,0,0,0,0,0,0,0,0,0,0,0,0,0,0,0,0,0,200,0,0,0,0,0,0,0,0,0,0,0,0,0,0,0,1,0,0,0,0,0,0,0,2,0,0,0,0,0,0,0,0,0,0,4,0,1,0,0,0,0,0,0,2,0,0,0,0,0,0,0,0,0,0,4,14,0.007564215,14,0.007564215
S281-034-NT,31-Jul-18,S281,2018,1019,Day,-1.55,-174.778,0.183,4409,0,29.1,5.83,35.26,88,set,,,Neuston,N/A,,2208,0.5,1104,48,0.043478261,0,0,0,0,0,0,0,0,0,0,0,0,0,0,0,0,82,1,1,28,18,0,57,0,1,3,0,0,0,2,1,0,5,0,0,0,0,0,0,0,0,0,0,1,0,0,0,0,0,0,0,0,0,0,0,0,0,0,0,0,0,0,200,0,0,0,0,0,0,0,0,0,0,0,0,2,0,0,0,0,0,0,0,7,0,9,1,0,0,0,125,0,0,0,0,0,0,0,0,0,0,0,0,0,0,0,0,0,0,0,0,0,0,0,0,0,0,0,144,0.130434783,144,0.130434783
S281-034-TTS,31-Jul-18,S281,2018,1104,Day,-1.583,-174.787,0.183,4263,38,29.1,5.47,35.28,88,set,,,Shallow Tucker,,,1708.75,1,1708.75,155,0.090709583,1,0,1,0,0,1,0,0,0.000585223,0,0.000585223,0,0,0.000585223,0,0,54.5,15.5,19.5,12,2.5,0,6,0,32,4,8.5,0,0,0.5,0,0,40.5,0,0,0.5,0,3.5,0,0,0,0,0,0.5,0,0,0,0,0,0,0,0,0,0,0,0,0,0,0,0,0,0,200,0,0,0,0,0,0,0,0,0,0,0,0,1,0,1,7,0,0,0,0,6,0,0,1,0,0,4,1,0,0,3,0,0,0,0,0,11,0,0,1,0,0,0,1,0,0,3,0,0,0,0,0,0,0,0,40,0.023408925,39,0.022823702
S281-035-NT,1-Aug-18,S281,2018,4,Night,-2.07,-174.907,0.143,5127,0,29.3,11.47,35.46,88,risen,,,Neuston,N/A,,2436.5,0.5,1218.25,65,0.053355223,0,0,0,0,0,0,0,0,0,0,0,0,0,0,0,0,63,107,0,10,3,0,4,0,0,0,8,0,0,0,0,0,2,0,0,0,0,1,0,0,0,0,0,0,0,0,2,0,0,0,0,0,0,0,0,0,0,0,0,0,0,0,200,0,0,0,0,0,0,0,0,0,0,0,0,0,0,0,4,0,0,0,0,0,0,1,0,0,0,0,1,0,0,0,0,0,0,0,0,2,0,0,0,0,0,0,0,0,0,0,0,0,0,0,0,0,0,2,10,0.008208496,10,0.008208496
S281-035-TTD,31-Jul-18,S281,2018,2310,Night,-2.043,-174.908,0.143,5208,131,29.3,11.62,35.46,88,risen,,,Deep Tucker,,,1730.64,1,1730.64,350,0.202237323,0,0,0,0,0,0,0,0,0,0,0,0,0,0,0,0,70,50.5,8,2.5,4,0,0.5,3,56,0.5,1,0,0,1,0.5,0,2,0,0.5,0,0,0,0,0,0,0,0,0,0,0,0,0,0,0,0,0,0,0,0,0,0,0,0,0,0,0,200,0,0,0,0,0,0,0,0,0,1,0,0,0,0,0,0,0,0,0,0,4,0,0,0,0,0,0,0,0,0,1,0,0,0,0,0,10,0,0,0,0,0,0,1,1,0,0,0,0,0,0,0,0,0,3,21,0.012134239,21,0.012134239
S281-035-TTS,31-Jul-18,S281,2018,2228,Night,-2.025,-174.91,0.143,4932,44,29.2,12.3,35.45,88,risen,,,Shallow Tucker,,,1975.88,1,1975.88,550,0.278356985,2,1,1,0,0,1,0,0,0.001012207,0.000506104,0.000506104,0,0,0.000506104,0,0,58.66666667,84,4.333333333,8,1,0,1,2.666666667,35.66666667,1.333333333,2,0,0,0,0,0,0,0,0,0.333333333,0,0.666666667,0,0,0,0,0,0,0,0,0.333333333,0,0,0,0,0,0,0,0,0,0,0,0,0,0,0,200,0,0,0,0,0,0,0,0,0,0,0,0,1,0,0,0,0,0,0,0,4,0,0,1,0,0,1,1,0,0,1,0,0,0,1,0,1,0,0,0,0,0,0,1,3,0,0,0,0,0,0,0,0,0,5,20,0.010122072,18,0.009109865
S281-036-NT,1-Aug-18,S281,2018,1034,Day,-2.678,-175.09,0.153,1685,0,29.4,7.16,35.47,81,set,,,Neuston,N/A,,1697,0.5,848.5,8,0.009428403,0,0,0,0,0,0,0,0,0,0,0,0,0,0,0,0,38,2,5,77,3,0,45,0,3,1,0,0,0,12,0,0,12,0,1,0,0,0,0,1,0,0,0,0,0,0,0,0,0,0,0,0,0,0,0,0,0,0,0,0,0,0,200,0,0,0,0,0,0,0,0,0,0,0,0,0,0,0,0,0,0,0,0,0,0,7,0,0,0,0,13,0,0,0,0,0,0,0,0,0,0,0,0,0,0,0,0,0,0,0,0,0,0,0,0,0,0,0,20,0.023571008,20,0.023571008
S281-036-TTS,1-Aug-18,S281,2018,1120,Day,-2.703,-175.095,0.153,1221,50,29.5,6.03,35.48,81,set,,,Shallow Tucker,,,2054.27,1,2054.27,90,0.043811184,0,0,0,0,0,0,0,0,0,0,0,0,0,0,0,0,77,9,33,34,7,0,3,0,6,4,16,0,0,4,5,0,0,0,0,1,0,1,0,0,0,0,0,0,0,0,0,0,0,0,0,0,0,0,0,0,0,0,0,0,0,0,200,0,0,0,0,0,0,0,0,0,0,0,0,0,0,0,0,0,0,0,0,0,0,0,1,0,0,0,2,0,0,0,0,0,0,0,0,3,0,0,0,0,0,0,0,0,0,0,0,0,0,0,0,0,0,4,10,0.004867909,10,0.004867909
S281-038-NT,2-Aug-18,S281,2018,2,Night,-3.462,-174.818,0.195,4358,0,29.4,14.37,35.54,81,risen,,,Neuston,N/A,,1905,0.5,952.5,56,0.058792651,0,0,0,0,0,0,0,0,0,0,0,0,0,0,0,0,70,82,4,4,5,0,0,0,4,2,16,0,0,0,1,0,5,0,3,3,1,0,0,0,0,0,0,0,0,0,0,0,0,0,0,0,0,0,0,0,0,0,0,0,0,0,200,0,0,0,0,0,0,0,0,0,0,0,0,1,0,0,0,0,0,0,0,0,0,1,0,0,0,0,0,0,0,0,0,0,0,0,0,0,0,0,0,0,0,0,0,0,0,0,0,0,0,0,0,0,1,1,4,0.004199475,4,0.004199475
S281-038-TTD,1-Aug-18,S281,2018,2307,Night,-3.437,-174.83,0.195,4580,122,29.5,14.63,35.54,81,risen,,,Deep Tucker,,,1954.33,1,1954.33,85,0.043493166,0,0,0,0,0,0,0,0,0,0,0,0,0,0,0,0,79,46,23,6,12,0,0,14,2,5,1,0,0,1,0,0,3,0,1,6,0,0,0,1,0,0,0,0,0,0,0,0,0,0,0,0,0,0,0,0,0,0,0,0,0,0,200,0,0,0,0,0,0,0,0,0,0,0,0,0,0,0,1,0,0,0,0,12,0,0,0,0,0,0,0,2,0,0,0,0,0,0,0,10,0,0,0,0,0,0,0,0,0,0,0,0,0,0,0,0,0,11,36,0.018420635,36,0.018420635
S281-038-TTS,1-Aug-18,S281,2018,2227,Night,-3.418,-174.837,0.195,4297,43,29.5,14.39,35.54,81,risen,,,Shallow Tucker,,,1750.43,1,1750.43,220,0.125683404,2,0,2,1,0,1,0,0,0.001142576,0,0.001142576,0.000571288,0,0.000571288,0,0,85,66,14,11.5,5.5,0,1,3.5,3.5,2.5,4.5,0,0,0,2,0,0,0,0,0.5,0,0,0,0,0,0,0.5,0,0,0,0,0,0,0,0,0,0,0,0,0,0,0,0,0,0,0,200,0,0,0,0,0,0,0,0,0,0,0,0,0,0,0,0,0,0,0,0,6,0,0,0,0,0,0,0,1,0,1,0,0,0,0,0,8,0,0,0,0,0,0,3,0,0,2,0,0,0,0,0,0,0,8,29,0.016567358,27,0.015424781
S281-039-NT,2-Aug-18,S281,2018,1039,Day,-4.012,-174.652,0.132,5388,0,29.4,5.17,35.66,81,set,,,Neuston,N/A,,2573,0.5,1286.5,20,0.015546055,0,0,0,0,0,0,0,0,0,0,0,0,0,0,0,0,181,0,6,3,0,0,3,0,0,2,0,0,0,0,1,0,2,0,0,0,2,0,0,0,0,0,0,0,0,0,0,0,0,0,0,0,0,0,0,0,0,0,0,0,0,0,200,0,0,0,0,0,0,0,0,0,0,0,0,0,0,0,0,5,0,0,0,0,0,11,0,0,0,0,10,0,0,0,0,0,0,0,0,3,0,0,0,0,0,0,0,0,0,0,0,0,0,0,0,0,0,3,32,0.024873688,32,0.024873688
S281-039-TTS,2-Aug-18,S281,2018,1123,Day,-4.042,-174.67,0.132,5004,44.1,29.5,4.24,35.66,81,set,,,Shallow Tucker,,,1830.79,1,1830.79,44,0.024033341,15,11,4,2,0,2,0,0,0.008193184,0.006008335,0.002184849,0.001092425,0,0.001092425,0,0,126,1,12,38,0,0,0,0,1,3,13,0,0,2,0,0,0,0,0,3,0,1,0,0,0,0,0,0,0,0,0,0,0,0,0,0,0,0,0,0,0,0,0,0,0,0,200,0,0,0,0,0,0,0,0,0,0,0,0,0,0,0,0,0,0,0,0,1,0,0,1,0,0,0,0,0,2,0,0,0,0,0,0,2,0,0,2,0,0,0,0,0,0,29,0,0,0,0,0,0,0,2,39,0.021302279,24,0.013109095
S281-040-NT,3-Aug-18,S281,2018,38,Night,-4.77,-174.59,0.189,3468,0,29.3,11.83,35.59,63,risen,,,Neuston,Nikumaroro,,2352,0.5,1176,36,0.030612245,0,0,0,0,0,0,0,0,0,0,0,0,0,0,0,0,103,73,0,1,0,0,0,1,0,0,2,1,0,0,10,0,8,0,0,0,1,0,0,0,0,0,0,0,0,0,0,0,0,0,0,0,0,0,0,0,0,0,0,0,0,0,200,0,0,0,0,0,0,0,0,0,0,0,0,0,0,0,0,0,0,0,0,0,0,2,0,0,0,0,0,0,0,0,0,0,0,0,0,1,0,0,0,0,0,0,0,0,0,0,0,0,0,0,0,0,0,0,3,0.00255102,3,0.00255102
S281-040-TTD,2-Aug-18,S281,2018,2345,Night,-4.738,-174.58,0.189,3177,115,29.3,12.35,35.6,63,risen,,,Deep Tucker,Nikumaroro,,2097.74,1,2097.74,65,0.030985728,0,0,0,0,0,0,0,0,0,0,0,0,0,0,0,0,135,24,11,2,3,0,0,11,5,2,1,0,0,2,0,0,0,0,0,1,0,3,0,0,0,0,0,0,0,0,0,0,0,0,0,0,0,0,0,0,0,0,0,0,0,0,200,0,0,0,0,0,0,0,0,0,0,0,0,0,0,0,3,0,0,0,0,8,0,0,0,0,0,3,0,0,0,3,0,0,0,0,0,13,0,0,0,0,0,0,3,0,0,0,0,0,0,0,0,0,0,2,35,0.016684622,35,0.016684622
S281-040-TTS,2-Aug-18,S281,2018,2302,Night,-4.713,-174.57,0.189,2379,29,29.3,12.47,35.6,63,risen,,,Shallow Tucker,Nikumaroro,,1795.34,1,1795.34,110,0.061269732,0,0,0,0,0,0,0,0,0,0,0,0,0,0,0,0,128,18,12,4,3,0,1,4,16,2,3,0,0,1,0,0,0,0,1,2,0,4,0,1,0,0,0,0,0,0,0,0,0,0,0,0,0,0,0,0,0,0,0,0,0,0,200,0,0,0,0,0,0,0,0,0,0,0,0,0,0,0,0,0,0,0,0,0,0,0,0,0,0,0,0,0,0,3,0,0,0,0,0,1,0,0,0,0,0,0,1,0,0,0,0,0,0,0,0,0,0,1,6,0.003341985,6,0.003341985
S281-041-NT,43317,S281,2018,2352,Night,-4.783,-174.435,0.223,2849,0,29.5,11.07,35.66,42,set,,,Neuston,Nikumaroro,,2366,0.5,1183,20,0.016906171,2,2,0,0,0,0,0,0,0.001690617,0.001690617,0,0,0,0,0,0,108,16,0,7,4,0,0,0,0,1,55,0,0,0,0,0,1,0,0,5,0,0,0,0,0,0,0,2,0,0,0,0,0,0,1,0,0,0,0,0,0,0,0,0,0,0,200,0,0,0,0,0,0,0,0,0,0,0,0,0,0,0,0,0,0,0,0,0,0,0,0,0,0,0,1,0,0,0,0,0,0,0,0,0,0,0,0,0,0,0,0,0,0,0,0,0,0,0,0,0,0,0,2,0.001690617,0,0
S281-041-TTD,5-Aug-18,S281,2018,2256,Night,-4.748,-174.442,0.223,2294,130,29.5,11.35,35.66,42,set,,,Deep Tucker,,,2036.46,1,2036.46,90,0.044194337,3,3,0,0,0,0,0,0,0.001473145,0.001473145,0,0,0,0,0,0,112,22,8,19,0,0,0,8,4,1,7,0,0,0,1,0,0,0,0,5,0,11,0,2,0,0,0,0,0,0,0,0,0,0,0,0,0,0,0,0,0,0,0,0,0,0,200,0,0,0,0,0,0,0,0,0,1,0,0,2,0,3,0,0,0,0,0,75,0,0,0,0,0,9,0,1,0,2,0,0,0,1,0,56,0,0,0,0,0,0,9,2,0,3,0,0,0,0,0,0,0,10,174,0.085442385,171,0.083969241
S281-041-TTS,5-Aug-18,S281,2018,2215,Night,-4.72,-174.445,0.223,2083,42.6,29.5,11.44,35.66,42,set,,,Shallow Tucker,,,1958.31,1,1958.31,100,0.051064438,5,3,2,0,0,2,0,0,0.002553222,0.001531933,0.001021289,0,0,0.001021289,0,0,100,25,15,4,4,0,0,4,16,4,13,0,0,0,0,0,0,0,0,9,0,6,0,0,0,0,0,0,0,0,0,0,0,0,0,0,0,0,0,0,0,0,0,0,0,0,200,0,0,0,0,0,0,0,0,0,0,0,0,0,0,0,1,0,0,0,0,67,0,0,2,0,0,37,0,0,0,1,0,0,0,0,0,17,0,0,1,0,0,0,16,0,0,6,0,0,0,0,0,0,0,9,157,0.080171168,152,0.077617946
S281-042-NT,6-Aug-18,S281,2018,1042,Day,-5.198,-174.183,0.181,5450,N/A,29.4,5.3,35.61,31,risen,,,Neuston,N/A,,2148,0.5,1074,6,0.005586592,1,1,0,0,0,0,0,0,0.000931099,0.000931099,0,0,0,0,0,0,94,5,26,13,2,0,7,0,2,3,4,2,0,17,1,0,18,0,0,1,3,0,0,2,0,0,0,0,0,0,0,0,0,0,0,0,0,0,0,0,0,0,0,0,0,0,200,0,0,0,0,0,0,0,0,0,0,0,0,0,0,0,4,0,0,0,0,0,0,1,0,0,0,0,2,0,0,0,0,0,0,0,0,0,0,0,0,0,0,0,0,0,0,0,0,0,0,0,0,0,2,0,9,0.008379888,8,0.00744879
S281-042-TTS,6-Aug-18,S281,2018,1126,Day,-5.225,-174.172,0.181,5266,36,29.5,4.35,35.61,31,risen,,,Shallow Tucker,,,1805.75,1,1805.75,65,0.035996123,87,82,5,4,0,1,0,0,0.048179427,0.045410494,0.002768933,0.002215146,0,0.000553787,0,0,114,0,7,18,0,0,1,0,4,3,42,0,0,0,2,0,0,0,0,3,0,6,0,0,0,0,0,0,0,0,0,0,0,0,0,0,0,0,0,0,0,0,0,0,0,0,200,0,0,0,0,0,0,0,0,0,0,0,0,1,0,3,5,0,0,0,0,80,0,0,2,0,0,7,0,0,0,0,0,0,0,0,0,5,0,0,0,0,0,0,0,0,0,90,0,0,0,0,0,0,0,9,202,0.111864876,115,0.063685449
S281-043-NT,6-Aug-18,S281,2018,2342,Night,-5.657,-173.88,0.209,3248,0,29.4,10.87,35.59,31,set,,,Neuston,N/A,,1760,0.5,880,39,0.044318182,0,0,0,0,0,0,0,0,0,0,0,0,0,0,0,0,164,1,2,6,2,0,4,1,4,1,10,0,0,0,2,0,0,0,1,0,0,2,0,0,0,0,0,0,0,0,0,0,0,0,0,0,0,0,0,0,0,0,0,0,0,0,200,0,0,0,0,0,0,0,0,0,0,0,0,0,0,0,0,0,0,0,0,0,0,0,0,0,0,0,0,0,0,0,0,0,0,0,0,0,0,0,0,0,0,0,0,0,0,0,0,0,0,0,0,0,0,0,0,0,0,0
S281-043-TTD,6-Aug-18,S281,2018,2245,Night,-5.632,-173.882,0.209,2523,154,29.4,10.51,35.6,31,set,,,Deep Tucker,,,1500.97,1,1500.97,55,0.036642971,16,16,0,0,0,0,0,0,0.010659773,0.010659773,0,0,0,0,0,0,115,9,17,12,5,0,1,9,5,9,16,0,0,0,0,0,0,0,0,1,0,1,0,0,0,0,0,0,0,0,0,0,0,0,0,0,0,0,0,0,0,0,0,0,0,0,200,0,0,0,0,0,0,0,0,0,0,0,0,0,0,0,0,0,0,0,0,7,0,1,0,0,0,0,0,0,0,0,0,0,0,0,0,6,0,0,1,0,0,0,1,0,0,16,0,0,0,0,0,0,0,2,34,0.022652018,18,0.011992245
S281-043-TTS,6-Aug-18,S281,2018,2208,Night,-5.61,-173.885,0.209,2129,33,29.4,10.7,35.6,31,set,,,Shallow Tucker,,,2054.99,1,2054.99,125,0.060827547,7,7,0,0,0,0,0,0,0.003406343,0.003406343,0,0,0,0,0,0,130,4,17,11,2,0,1,4,5,7,12,0,0,1,0,0,0,0,0,3,0,2,0,0,0,0,0,0,0,0,0,0,0,0,0,1,0,0,0,0,0,0,0,0,0,0,200,0,0,0,0,0,0,0,0,0,0,0,0,0,0,0,0,0,0,0,0,0,0,0,0,0,0,0,0,4,0,0,0,0,0,0,0,2,0,0,0,0,0,0,0,0,0,10,0,0,0,0,0,0,0,4,20,0.009732407,13,0.006326065
S281-044-NT,7-Aug-18,S281,2018,1026,Day,-6.403,-173.55,0.183,3481,0,29.6,4.77,35.5,21,risen,,,Neuston,N/A,,1678,0.5,839,4,0.00476758,0,0,0,0,0,0,0,0,0,0,0,0,0,0,0,0,118,0,1,21,0,0,17,0,21,1,0,3,0,0,1,0,0,0,1,0,0,0,0,3,0,0,0,0,0,0,0,0,0,0,0,0,0,0,13,0,0,0,0,0,0,0,200,0,0,0,0,0,0,0,0,0,0,0,0,0,0,0,1,0,0,0,0,0,0,1,0,0,0,0,5,0,0,0,0,0,0,0,0,0,0,0,0,0,0,0,0,0,0,0,0,0,0,0,0,0,0,0,7,0.008343266,7,0.008343266
S281-044-TTS,7-Aug-18,S281,2018,1113,Day,-6.423,-173.538,0.183,3400,42.8,29.7,3.98,35.49,21,risen,,,Shallow Tucker,,,1995.51,1,1995.51,35,0.017539376,7,0,7,6,0,1,0,0,0.003507875,0,0.003507875,0.00300675,0,0.000501125,0,0,118,0,8,15,8,0,1,0,2,9,24,0,0,0,5,0,0,0,1,7,0,1,0,1,0,0,0,0,0,0,0,0,0,0,0,0,0,0,0,0,0,0,0,0,0,0,200,0,0,0,0,0,0,0,0,0,0,0,0,2,0,0,0,0,0,0,0,28,0,1,3,0,0,1,0,0,0,0,0,0,0,0,0,5,0,0,0,0,0,0,0,0,0,10,0,0,0,0,0,0,0,4,54,0.027060751,47,0.023552876
S281-045-NT,8-Aug-18,S281,2018,1032,Day,-7.897,-171.515,0.285,5061,0,29.6,3.75,35.42,12,risen,,,Neuston,N/A,,2558.4,0.5,1279.2,8,0.006253909,0,0,0,0,0,0,0,0,0,0,0,0,0,0,0,0,35,0,2,2,0,0,0,0,0,2,1,116,0,0,0,0,0,0,0,36,0,1,0,1,0,0,0,0,0,0,0,0,0,0,0,0,0,0,4,0,0,0,0,0,0,0,200,0,0,0,0,0,0,0,0,0,0,0,0,0,0,0,0,0,0,0,0,0,0,5,0,0,0,0,0,0,0,0,0,0,0,0,0,0,0,0,0,0,0,0,0,0,0,0,0,0,0,0,0,0,1,0,6,0.004690432,6,0.004690432
S281-045-TTS,8-Aug-18,S281,2018,1113,Day,-7.913,-171.485,0.285,4994,40.9,29.6,3.89,35.42,12,risen,,,Shallow Tucker,,,2038.87,1,2038.87,36,0.017656839,0,0,0,0,0,0,0,0,0,0,0,0,0,0,0,0,26,0,5,1,2,0,2,0,15,19,4,94,0,0,15,0,1,0,3,2,0,4,0,0,0,0,1,6,0,0,0,0,0,0,0,0,0,0,0,0,0,0,0,0,0,0,200,0,0,0,0,0,0,0,0,0,0,0,0,0,0,0,0,0,0,0,0,0,0,0,0,0,0,0,0,0,0,0,0,0,0,0,0,13,0,0,0,0,0,0,0,0,0,0,0,0,0,0,0,0,0,1,14,0.006866549,14,0.006866549
S281-046-NT,9-Aug-18,S281,2018,1027,Day,-9.59,-169.952,0.157,4200,0,29.3,3.24,35.25,6,risen,,,Neuston,N/A,,1925,0.5,962.5,15,0.015584416,0,0,0,0,0,0,0,0,0,0,0,0,0,0,0,0,103,1,0,12,0,0,6,0,42,2,0,1,0,0,0,0,0,0,0,0,0,0,0,2,0,0,0,0,0,0,0,0,0,0,0,0,0,0,31,0,0,0,0,0,0,0,200,0,0,0,0,0,0,0,0,0,0,0,0,0,0,0,0,0,0,0,0,0,0,1,0,0,0,0,4,0,0,0,0,0,0,0,0,0,0,0,0,0,0,0,0,0,0,0,0,0,0,0,0,0,0,0,5,0.005194805,5,0.005194805
S281-046-TTS,9-Aug-18,S281,2018,1112,Day,-9.612,-169.962,0.157,4048,31,29.4,2.97,35.22,6,risen,,,Shallow Tucker,,,2193.33,1,2193.33,24,0.010942266,23,2,21,11,0,0,0,10,0.010486338,0.000911855,0.009574483,0.005015205,0,0,0,0.004559277,44,0,36,41,3,0,0,0,5,34,24,4,0,0,4,0,0,0,0,0,0,2,0,0,0,0,0,2,0,0,0,0,0,0,0,1,0,0,0,0,0,0,0,0,0,0,200,0,0,0,0,0,0,0,0,0,0,0,0,0,0,0,2,0,0,0,0,4,0,1,0,0,0,0,0,0,0,0,0,0,0,0,0,0,0,0,0,0,0,0,0,0,0,30,0,0,0,0,0,0,0,1,38,0.017325254,15,0.006838916
S281-047-NT,10-Aug-18,S281,2018,1035,Day,-11.522,-170.438,0.415,5050,0,29,2.76,35.12,1,risen,,,Neuston,N/A,,2587,0.5,1293.5,1,0.000773096,0,0,0,0,0,0,0,0,0,0,0,0,0,0,0,0,139,3,3,11,0,0,7,0,12,5,0,6,0,0,1,0,0,0,1,0,0,0,0,2,0,0,0,0,0,0,0,0,0,0,0,0,0,0,10,0,0,0,0,0,0,0,200,0,0,0,0,0,0,0,0,0,0,0,0,0,0,0,0,0,0,0,0,0,0,2,0,0,0,0,1,0,0,0,0,0,0,0,0,0,0,0,0,0,0,0,0,0,0,0,0,0,0,0,0,0,0,0,3,0.002319289,3,0.002319289
S281-047-TTS,10-Aug-18,S281,2018,1116,Day,-11.523,-170.473,0.415,5022,43.3,29.1,2.73,35.1,1,risen,,,Shallow Tucker,,,2040.63,1,2040.63,18,0.008820805,11,0,11,4,1,0,0,6,0.005390492,0,0.005390492,0.001960179,0.000490045,0,0,0.002940268,53,0,46,25,0,0,0,0,14,20,25,0,0,0,5,0,0,0,0,5,0,0,0,4,0,0,0,1,0,0,0,0,0,0,0,0,0,0,2,0,0,0,0,0,0,0,200,0,0,0,0,0,0,0,0,0,0,0,0,1,0,0,0,0,0,0,0,1,0,0,0,0,0,0,0,0,0,0,0,0,0,0,0,3,0,0,0,0,0,0,0,0,0,10,0,0,0,0,0,0,0,4,19,0.00931085,8,0.003920358
S287-005-NT,7-Jul-19,S287,2019,1501,Day,-10.398,-170.778,0.323,5029,0,30.1,3.24,35.26,28,risen,,,Neuston,,,1411.2,0.5,705.6,3,0.004251701,0,0,0,0,0,0,0,0,0,0,0,0,0,0,0,0,38,1,0,3,3,0,19,0,0,2,0,0,2,0,1,29,0,0,0,0,0,0,0,0,0,0,0,0,0,0,0,0,0,0,0,0,0,0,0,0,1,0,0,1,0,0,100,0,0,0,0,0,0,0,0,0,0,0,0,0,0,0,0,0,0,0,0,0,0,0,0,0,0,0,0,0,0,0,0,0,0,0,0,0,0,0,0,0,0,0,0,0,0,0,0,0,0,0,0,0,0,0,0,0,0,0
S287-006-NT,7-Jul-19,S287,2019,2147,Night,-9.873,-170.26,0.222,4415,0,30.1,5.52,35.15,28,risen,,,Neuston,,,1805,0.5,902.5,2.5,0.002770083,0,0,0,0,0,0,0,0,0,0,0,0,0,0,0,0,160,6,3,19,0,0,7,0,0,0,0,0,0,0,0,0,5,0,0,0,0,0,0,0,0,0,0,0,0,0,0,0,0,0,0,0,0,0,0,0,0,0,0,0,0,0,200,0,0,0,0,0,0,0,0,0,0,0,0,0,0,0,0,0,0,0,0,0,0,0,0,0,0,0,0,0,0,0,0,0,0,0,0,0,0,0,0,0,0,0,0,0,0,0,0,0,0,0,0,0,0,0,0,0,0,0
S287-007-TTD,8-Jul-19,S287,2019,1130,Day,-8.777,-169.357,0.156,3750,71.2,30.2,3.71,35.35,33,set,,,Deep Tucker,,,1713.606,1,1713.606,2.5,0.001458912,0,0,0,0,0,0,0,0,0,0,0,0,0,0,0,0,39,0,0,2,2,0,43,0,0,0,0,0,0,4,0,1,6,0,0,0,0,1,0,1,0,1,0,0,0,0,0,0,0,0,0,0,0,0,0,0,0,0,0,0,0,0,100,0,0,0,0,0,0,0,0,0,0,0,0,0,0,0,0,0,0,0,0,0,0,0,0,0,0,0,0,0,0,0,0,0,0,0,0,0,0,0,0,0,0,0,0,0,0,0,0,0,0,0,0,0,0,1,1,0.000583565,1,0.000583565
S287-008-NT,8-Jul-19,S287,2019,2233,Night,-8.54,-169.348,0.171,4199,0,30.3,6.49,35.37,39,risen,,,Neuston,,,1902.8,0.5,951.4,1,0.001051083,0,0,0,0,0,0,0,0,0,0,0,0,0,0,0,0,142,0,7,44,0,0,4,0,0,0,0,0,0,0,1,0,0,0,0,0,0,1,0,0,0,0,0,0,0,0,0,0,1,0,0,0,0,0,0,0,0,0,0,0,0,0,200,0,0,0,0,0,0,0,0,0,0,0,0,0,0,0,0,0,0,0,0,1,0,0,0,0,0,0,0,0,0,0,0,0,0,0,0,0,0,0,0,0,0,0,0,0,0,0,0,0,0,0,0,0,0,0,1,0.001051083,1,0.001051083
S287-009-TTS,9-Jul-19,S287,2019,1106,Day,-7.973,-168.815,0.284,4951,37.2,30.4,6.83,35.48,45,set,,,Shallow Tucker,,,1291.079,1,1291.079,4.8,0.003717821,0,0,0,0,0,0,0,0,0,0,0,0,0,0,0,0,N/A,N/A,N/A,N/A,N/A,N/A,N/A,N/A,N/A,N/A,N/A,N/A,N/A,N/A,N/A,N/A,N/A,N/A,N/A,N/A,N/A,N/A,N/A,N/A,N/A,N/A,N/A,N/A,N/A,N/A,N/A,N/A,N/A,N/A,N/A,N/A,N/A,N/A,N/A,N/A,N/A,N/A,N/A,N/A,N/A,N/A,N/A,0,0,0,0,0,0,0,0,0,0,0,0,0,0,0,0,0,0,0,0,0,0,0,0,0,0,0,0,0,0,0,0,0,0,0,0,0,0,0,0,0,0,0,0,0,0,0,0,0,0,0,0,0,0,0,0,0,0,0
S287-010-NT,9-Jul-19,S287,2019,2153,Night,-6.903,-168.762,0.118,5505,0,30.2,9.41,35.38,50,risen,,,Neuston,,,1930,0.5,965,5,0.005181347,0,0,0,0,0,0,0,0,0,0,0,0,0,0,0,0,176,0,0,20,0,0,0,0,0,0,0,0,0,1,0,0,2,0,0,0,0,0,0,0,0,0,0,0,0,0,0,0,0,0,0,0,0,0,0,0,0,0,0,1,0,0,200,0,0,0,0,0,0,0,0,0,0,0,0,0,0,0,0,0,0,0,0,0,0,0,0,0,0,0,0,0,0,0,0,0,0,0,0,0,0,0,0,0,0,0,0,0,0,0,0,0,0,0,0,0,0,0,0,0,0,0
S287-011-TTD,10-Jul-19,S287,2019,1111,Day,-5.615,-168.85,0.187,5224,98.4,29.9,4.06,35.3,56,set,,,Deep Tucker,,,1669.257,1,1669.257,95.5,0.057211083,0,0,0,0,0,0,0,0,0,0,0,0,0,0,0,0,135,7,21,19,0,2,0,0,0,2,0,0,11,0,0,0,1,0,0,0,0,0,0,0,0,0,0,2,0,0,0,0,0,0,0,0,0,0,0,0,0,0,0,0,0,0,200,0,0,0,0,0,0,0,0,0,0,0,0,0,0,0,0,0,0,0,0,0,0,0,0,0,0,0,0,0,0,0,0,0,0,0,0,0,0,0,0,0,0,0,0,0,0,1,0,0,0,0,0,0,0,0,1,0.000599069,1,0.000599069
S287-012-NT,10-Jul-19,S287,2019,2308,Night,-4.768,-169.123,0.306,5244,0,29.8,13.78,35.28,62,risen,,,Neuston,,,1816.2,0.5,908.1,73.8,0.081268583,0,0,0,0,0,0,0,0,0,0,0,0,0,0,0,0,111,5,1,5,0,1,0,66,0,0,0,0,3,0,0,0,6,0,0,1,0,0,0,0,0,0,0,0,0,0,0,0,1,0,0,0,0,0,0,0,0,0,0,0,0,0,200,0,0,0,0,0,0,0,0,0,0,0,0,0,0,0,0,0,0,0,0,0,0,0,0,0,0,0,0,0,0,0,0,0,0,0,0,0,0,0,0,0,0,0,0,0,0,0,0,0,0,0,0,0,0,0,0,0,0,0
S287-012-TTD,10-Jul-19,S287,2019,2135,Night,-4.755,-169.087,0.306,5393,95,29.8,13.98,35.28,62,risen,,,Deep Tucker,,,1592.522,1,1592.522,111,0.069700764,0,0,0,0,0,0,0,0,0,0,0,0,0,0,0,0,119,38,6,7,0,1,0,10,1,5,0,0,0,2,1,0,7,0,2,1,0,0,0,0,0,0,0,0,0,0,0,0,0,0,0,0,0,0,0,0,0,0,0,0,0,0,200,0,0,0,0,0,0,0,0,0,0,0,0,0,0,0,0,0,0,0,0,31,0,0,0,0,0,0,0,0,0,0,0,0,0,0,0,0,0,0,0,0,0,0,3,0,0,0,0,0,0,0,0,0,0,0,34,0.021349784,34,0.021349784
S287-012-TTS,10-Jul-19,S287,2019,2223,Night,-4.893,-169.103,0.306,5381,28,29.8,13.93,35.27,62,risen,,,Shallow Tucker,,,1675.078,1,1675.078,129,0.077011339,0,0,0,0,0,0,0,0,0,0,0,0,0,0,0,0,108,41,7,5,0,0,1,12,2,2,0,0,1,6,2,0,11,0,1,0,0,0,0,0,0,0,0,0,0,0,0,0,0,1,0,0,0,0,0,0,0,0,0,0,0,0,200,0,0,0,0,0,0,0,0,0,0,0,0,0,0,0,0,0,0,0,0,0,0,0,0,0,0,0,0,0,0,0,0,0,0,0,0,0,0,0,0,0,0,0,0,0,0,0,0,0,0,0,0,0,0,0,0,0,0,0
S287-013-NT,11-Jul-19,S287,2019,1217,Day,-4.157,-169.348,0.279,4484,0,29.9,4.86,35.33,72,set,,,Neuston,,,1417.6,0.5,708.8,5.5,0.007759594,0,0,0,0,0,0,0,0,0,0,0,0,0,0,0,0,151,0,3,16,0,1,0,0,2,2,0,5,4,2,0,0,9,0,0,0,0,0,0,0,0,0,0,2,0,0,0,0,0,0,0,0,0,0,0,0,3,0,0,0,0,0,200,0,0,0,0,0,0,0,0,0,0,0,0,0,0,0,0,0,0,0,0,0,0,2,0,0,0,0,0,0,0,0,0,0,0,0,0,0,0,0,0,0,0,0,0,0,0,0,0,0,0,0,0,0,0,0,2,0.00282167,2,0.00282167
S287-013-TTD,11-Jul-19,S287,2019,1104,Day,-4.122,-169.363,0.279,4631,93.2,29.8,6.12,35.34,72,set,,,Deep Tucker,SEC,SEC,1564.22,1,1564.22,66,0.042193553,2,2,0,0,0,0,0,0,0.001278593,0.001278593,0,0,0,0,0,0,110,13,19,17,0,3,0,0,1,7,0,8,11,3,2,2,2,0,0,1,0,0,0,0,0,1,0,0,0,0,0,0,0,0,0,0,0,0,0,0,0,0,0,0,0,0,200,0,0,0,0,0,0,0,0,0,0,0,0,0,0,0,1,0,0,0,0,0,0,0,0,0,0,0,0,0,0,0,0,0,0,0,0,1,0,0,0,0,0,0,0,0,0,1,0,0,0,0,0,0,0,0,3,0.001917889,1,0.000639296
S287-013-TTS,11-Jul-19,S287,2019,1134,Day,-4.138,-169.357,0.279,4204,36.2,29.9,5.25,35.34,72,set,,,Shallow Tucker,SEC,SEC,1089.066,1,1089.066,161,0.147833097,3,2,1,1,0,0,0,0,0.002754654,0.001836436,0.000918218,0.000918218,0,0,0,0,98,2,4,19,0,11,0,2,10,14,0,11,4,6,7,3,1,0,0,3,0,0,0,0,2,0,0,3,0,0,0,0,0,0,0,0,0,0,0,0,0,0,0,0,0,0,200,0,0,0,0,0,0,0,0,0,0,0,0,0,0,0,0,0,0,0,1,0,0,0,0,0,0,0,0,0,0,0,0,0,0,0,0,0,0,0,0,0,0,0,0,0,0,4,0,0,0,0,0,0,0,0,5,0.00459109,2,0.001836436
S287-014-NT,12-Jul-19,S287,2019,11,Night,-3.308,-169.472,0.3,5424,0,29.7,11.36,35.27,76,risen,,,Neuston,,,1874.8,0.5,937.4,466,0.497119693,0,0,0,0,0,0,0,0,0,0,0,0,0,0,0,0,76,40,4,16.5,0,0,0,0.5,0,1.5,0.5,12.5,2,0,14,2,27.5,0,0.5,0,0.5,0.5,0,0,0,0.5,0,0,0,0,0,0,1.5,0,0,0,0,0,0,0,1.5,0,0,0,0,0,202,0,0,0,0,0,0,0,0,0,0,0,0,0,0,0,0,2,0,0,0,0,0,0,0,0,0,0,0,0,0,0,0,0,0,0,0,1,0,0,0,0,0,0,0,0,0,0,0,0,0,0,0,0,0,0,3,0.003200341,3,0.003200341
S287-014-TTD,11-Jul-19,S287,2019,2254,Night,-3.27,-169.49,0.3,5363,112.4,29.7,11.29,35.27,76,risen,,,Deep Tucker,SEC,SEC,1792.638,1,1792.638,102,0.056899385,3,3,0,0,0,0,0,0,0.001673511,0.001673511,0,0,0,0,0,0,80,9.5,34,20,0.5,0.5,0.5,31.5,1,0,0,0,2.5,4.5,1.5,1,13,0,0,0,0,0,0,0,0,0.5,0,0.5,0,0,0,0,0,0,0,0,0,0,0,0,0,0,0,0,0,0,201,0,0,0,0,0,0,0,0,0,0,0,0,0,0,0,0,0,0,0,0,0,0,0,0,0,0,0,0,0,0,0,0,0,0,0,0,0,0,0,0,0,0,0,0,0,0,0,0,0,0,0,0,0,0,0,0,0,0,0
S287-014-TTS,11-Jul-19,S287,2019,2331,Night,-3.3,-169.482,0.3,5292,21,29.7,11.43,35.28,76,risen,,,Shallow Tucker,,,2150.792,1,2150.792,162,0.075321091,0,0,0,0,0,0,0,0,0,0,0,0,0,0,0,0,91,21,2,4,0,0,0,42,0,0,0,0,5,0,4,1,29,0,0,0,0,0,0,0,0,1,0,0,0,0,0,0,0,0,0,0,0,0,0,0,0,0,0,0,0,0,200,0,0,0,0,0,0,0,0,0,0,0,0,0,0,0,0,0,0,0,0,18,0,0,0,0,0,0,0,0,0,0,0,0,0,0,0,0,0,0,0,0,0,0,0,0,0,3,0,0,0,0,0,0,0,0,21,0.009763845,21,0.009763845
S287-015-NT,12-Jul-19,S287,2019,1156,Day,-2.35,-169.577,0.627,5084,0,29.8,4.19,35.3,81,set,,,Neuston,,,1975.2,0.5,987.6,74,0.074929121,0,0,0,0,0,0,0,0,0,0,0,0,0,0,0,0,114,11,8,9,0,0,0,0,0,9,0,1,0,0,0,0,41,0,0,0,4,0,0,0,0,0,0,1,0,0,0,2,0,0,0,0,0,0,0,0,0,0,0,0,0,0,200,0,0,0,0,0,0,0,0,0,0,0,0,0,0,0,0,0,0,0,0,0,0,12,0,0,0,0,3,0,0,0,0,0,0,0,0,0,0,0,0,0,0,0,0,0,0,0,0,0,0,0,0,0,0,5,20,0.020251114,20,0.020251114
S287-015-TTD,12-Jul-19,S287,2019,1040,Day,-2.438,-169.68,0.627,5323,75,29.7,4.64,35.39,81,set,,,Deep Tucker,SEC,SEC,1526.492,1,1526.492,44,0.028824259,9,9,0,0,0,0,0,0,0.005895871,0.005895871,0,0,0,0,0,0,34,114,3,1,0,0,1,0,3,3,0,3,3,4,9,6,12,0,0,1,0,2,0,0,0,0,0,1,0,0,0,0,0,0,0,0,0,0,0,0,0,0,0,0,0,0,200,0,0,0,0,0,0,0,0,0,0,0,0,0,0,0,2,0,0,0,0,3,0,0,0,0,0,0,0,0,0,0,0,0,0,0,0,1,0,0,0,0,0,0,0,0,0,15,0,0,0,0,0,0,0,0,21,0.013757032,12,0.007861161
S287-015-TTS,12-Jul-19,S287,2019,1114,Day,-2.462,-169.68,0.627,5323,34,29.5,4.67,35.35,81,set,,,Shallow Tucker,SEC,SEC,878.243,1,878.243,123,0.140052355,10,9,1,0,1,0,0,0,0.01138637,0.010247733,0.001138637,0,0.001138637,0,0,0,97,4,32,16,0,10,0,9,0,6,0,4,0,0,6,4,1,0,0,3,0,0,0,0,0,0,1,1,0,0,0,0,0,6,0,0,0,0,0,0,0,0,0,0,0,0,200,0,0,0,0,0,0,0,0,0,0,0,0,0,0,0,1,0,0,0,0,9,0,0,1,0,0,0,0,0,0,0,0,0,0,0,0,2,0,0,0,0,0,0,0,0,0,29,0,0,0,0,0,0,0,0,42,0.047822755,32,0.036436385
S287-016-NT,13-Jul-19,S287,2019,10,Night,-1.435,-169.24,0.328,5128,0,29.8,10.3,35.27,80,risen,,,Neuston,,,2191,0.5,1095.5,97,0.088544044,0,0,0,0,0,0,0,0,0,0,0,0,0,0,0,0,N/A,N/A,N/A,N/A,N/A,N/A,N/A,N/A,N/A,N/A,N/A,N/A,N/A,N/A,N/A,N/A,N/A,N/A,N/A,N/A,N/A,N/A,N/A,N/A,N/A,N/A,N/A,N/A,N/A,N/A,N/A,N/A,N/A,N/A,N/A,N/A,N/A,N/A,N/A,N/A,N/A,N/A,N/A,N/A,N/A,N/A,N/A,N/A,N/A,N/A,N/A,N/A,N/A,N/A,N/A,N/A,N/A,N/A,N/A,N/A,N/A,N/A,N/A,N/A,N/A,N/A,N/A,N/A,N/A,N/A,N/A,N/A,N/A,N/A,N/A,N/A,N/A,N/A,N/A,N/A,N/A,N/A,N/A,N/A,N/A,N/A,N/A,N/A,N/A,N/A,N/A,N/A,N/A,N/A,N/A,N/A,N/A,N/A,N/A,N/A,N/A,N/A,N/A,#VALUE!,#VALUE!,#VALUE!
S287-016-TTD,12-Jul-19,S287,2019,2251,Night,-1.398,-169.218,0.328,4940,104,29.9,9.91,35.26,80,risen,,,Deep Tucker,SEC,SEC,531.33,1,531.33,88,0.165622118,14,7,7,6,1,0,0,0,0.026348973,0.013174487,0.013174487,0.011292417,0.00188207,0,0,0,66,55,15,14,0,0,0,37,1,3,0,1,1,4,1,0,5,0,0,0,0,0,0,0,0,0,0,0,0,0,0,0,0,1,0,0,0,0,0,0,0,0,0,0,0,0,204,0,0,0,0,0,0,0,0,0,0,0,0,0,0,0,0,0,0,0,0,1,0,0,0,0,0,0,0,0,0,0,0,0,0,0,0,3,0,0,0,0,0,0,1,0,0,19,0,0,0,0,0,0,0,2,26,0.048933808,12,0.022584834
S287-016-TTS,12-Jul-19,S287,2019,2325,Night,-1.418,-169.227,0.328,4940,22,29.9,10.28,35.27,80,risen,,,Shallow Tucker,SEC,SEC,2777.067,1,2777.067,196,0.07057806,9,6,3,2,1,0,0,0,0.003240829,0.002160553,0.001080276,0.000720184,0.000360092,0,0,0,81,49,22,11,0,1,0,17,0,0,0,1,5,2,3,0,3,0,0,1,0,2,0,0,0,1,0,0,0,0,0,0,1,0,0,0,0,0,0,0,0,0,0,0,0,0,200,0,0,0,0,0,0,0,0,0,0,0,0,0,0,0,0,0,0,0,0,9,0,1,0,0,0,0,0,0,0,0,0,0,0,0,0,1,0,0,0,0,0,0,0,0,0,12,0,0,0,0,0,0,0,1,24,0.008642211,15,0.005401382
S287-017-NT,13-Jul-19,S287,2019,1214,Day,-0.693,-169.04,0.271,5637,0,29.9,5.62,35.1,89,set,,,Neuston,,,1877.1,0.5,938.55,6.5,0.006925577,0,0,0,0,0,0,0,0,0,0,0,0,0,0,0,0,51,7,2,111,0,1,18,0,1,0,0,0,1,4,0,0,3,0,0,0,0,0,0,0,0,0,0,0,0,0,0,0,0,0,0,0,0,0,0,0,1,0,0,0,0,0,200,0,0,0,0,0,0,0,0,0,0,0,0,0,0,0,0,0,0,0,0,0,0,0,0,0,0,0,7,0,0,0,0,0,0,0,0,0,0,0,0,0,0,0,0,0,0,0,0,0,0,0,0,0,0,0,7,0.007458313,7,0.007458313
S287-017-TTD,13-Jul-19,S287,2019,1100,Day,-0.578,-169.013,0.271,5503,90.1,29.8,5.74,35.09,89,set,,,Deep Tucker,,,1341.381,1,1341.381,85.5,0.06374028,0,0,0,0,0,0,0,0,0,0,0,0,0,0,0,0,72,71,17,30,0,0,0,1,0,0,0,0,2,3,0,0,2,0,0,0,0,0,0,0,0,0,0,1,0,0,0,0,0,1,0,0,0,0,0,0,0,0,0,0,0,0,200,0,0,0,0,0,0,0,0,0,0,0,0,0,0,0,1,0,0,0,0,0,0,0,1,0,0,0,0,0,0,0,0,0,0,0,0,7,0,0,10,0,0,0,1,0,0,1,0,0,0,0,0,0,0,0,21,0.015655507,21,0.015655507
S287-017-TTS,13-Jul-19,S287,2019,1136,Day,-0.627,-169.032,0.271,5705,24.2,29.9,5.63,35.1,89,set,,,Shallow Tucker,EUC,EUC,1281.6,1,1281.6,190,0.148252185,1,1,0,0,0,0,0,0,0.000780275,0.000780275,0,0,0,0,0,0,66,19,48,41,0,2,0,0,0,0,0,0,1,10,2,5,2,0,0,4,0,0,0,0,0,0,0,0,0,0,0,0,0,0,0,0,0,0,0,0,0,0,0,0,0,0,200,0,0,0,0,0,0,0,0,0,0,0,0,0,0,0,0,0,0,0,0,0,0,0,1,0,0,0,0,0,0,0,0,0,0,0,0,6,0,0,1,0,0,0,0,0,0,0,0,0,0,0,0,0,0,3,11,0.008583021,10,0.007802747
S287-018-NT,14-Jul-19,S287,2019,10,Night,-0.09,-169.023,0.266,5387,0,29.7,13.74,35.08,89,risen,,,Neuston,,,2175.2,0.5,1087.6,53,0.048731151,0,0,0,0,0,0,0,0,0,0,0,0,0,0,0,0,107,17,13,34,0,0,1,0,0,1,8,2,0,0,1,0,12,0,0,0,0,0,0,0,0,0,0,0,0,0,0,0,4,0,0,0,0,0,0,0,0,0,0,0,0,0,200,0,0,0,0,0,0,0,0,0,0,0,0,0,0,0,0,0,0,0,0,0,0,0,0,0,0,0,0,0,0,0,0,0,0,0,0,0,0,0,0,0,0,0,0,0,0,0,0,0,0,0,0,0,0,0,0,0,0,0
S287-018-TTD,13-Jul-19,S287,2019,2257,Night,-0.102,-169.103,0.266,5423,72,29.7,14.88,35.08,89,risen,,,Deep Tucker,,,1656.441,1,1656.441,153,0.092366707,0,0,0,0,0,0,0,0,0,0,0,0,0,0,0,0,96,43,23,20,0,0,0,14,0,1,0,0,0,1,0,0,2,0,0,0,0,0,0,0,0,0,0,0,0,0,0,0,0,0,0,0,0,0,0,0,0,0,0,0,0,0,200,0,0,0,0,0,0,0,0,0,0,0,0,0,0,0,0,0,0,0,0,0,0,0,0,0,0,0,0,0,0,0,0,0,0,0,0,0,0,0,0,0,0,0,0,0,0,0,0,0,0,0,0,0,0,0,0,0,0,0
S287-018-TTS,13-Jul-19,S287,2019,2333,Night,-0.08,-169.955,0.266,5441,22,29.7,14.43,35.09,89,risen,,,Shallow Tucker,EUC,EUC,1337.35,1,1337.35,131,0.097954911,5,4,1,1,0,0,0,0,0.003738737,0.00299099,0.000747747,0.000747747,0,0,0,0,81,53,33,17,0,0,0,10,0,0,0,0,0,0,0,1,4,0,0,0,0,0,0,0,0,0,0,0,0,0,1,0,0,0,0,0,0,0,0,0,0,0,0,0,0,0,200,0,0,0,0,0,0,0,0,0,0,0,0,0,0,0,0,0,0,0,0,0,0,0,0,0,0,0,0,0,0,0,0,0,0,0,0,0,0,0,0,0,0,0,0,0,0,1,0,0,0,0,0,0,0,0,1,0.000747747,0,0
S287-019-NT,14-Jul-19,S287,2019,1208,Day,0.442,-168.983,0.255,5618,0,29.8,7.6,35.04,94,set,,,Neuston,,,2758.6,0.5,1379.3,4.8,0.003480026,0,0,0,0,0,0,0,0,0,0,0,0,0,0,0,0,57,1,28,100,1,0,0,0,0,0,0,1,4,1,3,0,3,0,0,0,1,0,0,0,0,0,0,0,0,0,0,0,0,0,0,0,0,0,0,0,0,0,0,0,0,0,200,0,0,0,0,0,0,0,0,0,0,0,0,0,0,0,0,0,0,0,0,0,0,0,0,0,0,0,2,0,0,0,0,0,0,0,0,0,0,0,0,0,0,0,0,0,0,0,0,0,0,0,0,0,0,0,2,0.001450011,2,0.001450011
S287-019-TTD,14-Jul-19,S287,2019,1051,Day,0.572,-169.09,0.255,5422,66.5,29.7,7.68,35.07,94,set,,,Deep Tucker,,,2373.176,1,2373.176,85,0.035816981,0,0,0,0,0,0,0,0,0,0,0,0,0,0,0,0,N/A,N/A,N/A,N/A,N/A,N/A,N/A,N/A,N/A,N/A,N/A,N/A,N/A,N/A,N/A,N/A,N/A,N/A,N/A,N/A,N/A,N/A,N/A,N/A,N/A,N/A,N/A,N/A,N/A,N/A,N/A,N/A,N/A,N/A,N/A,N/A,N/A,N/A,N/A,N/A,N/A,N/A,N/A,N/A,N/A,N/A,N/A,0,0,0,0,0,0,0,0,0,0,0,0,0,0,0,0,0,0,0,0,0,0,0,1,0,0,0,0,0,0,0,0,0,0,0,0,1,0,0,0,0,0,0,0,0,0,0,0,0,0,0,0,0,0,0,2,0.000842752,2,0.000842752
S287-019-TTS,14-Jul-19,S287,2019,1120,Day,0.743,-170.418,0.255,5631,24.2,29.8,7.19,35.07,94,set,,,Shallow Tucker,EUC,EUC,1173.919,1,1173.919,67,0.057073784,4,0,0,0,0,0,4,0,0.00340739,0,0,0,0,0,0.00340739,0,83,0,94,18,0,0,0,0,0,1,0,0,0,0,0,1,3,0,0,0,0,0,0,0,0,0,0,0,0,0,0,0,0,0,0,0,0,0,0,0,0,0,0,0,0,0,200,0,0,0,0,0,0,0,0,0,0,0,0,0,0,0,0,0,0,0,0,1,0,0,0,0,0,0,0,0,0,0,0,0,0,0,0,9,0,0,2,0,0,0,0,0,0,0,0,0,0,0,0,0,0,0,12,0.01022217,8,0.00681478
S287-020-NT,15-Jul-19,S287,2019,16,Night,0.837,-169.092,0.295,5247,0,29.7,20.35,35.05,94,risen,,,Neuston,,,1918.1,0.5,959.05,14,0.014597779,0,0,0,0,0,0,0,0,0,0,0,0,0,0,0,0,55,0,30,38,0,0,0,0,0,0,0,1,4,0,3,11,51,4,0,0,2,0,0,0,0,0,0,0,0,0,0,0,1,0,0,0,0,0,0,0,0,0,0,0,0,0,200,0,0,0,0,0,0,0,0,0,0,0,0,0,0,0,0,0,0,0,0,0,0,1,0,0,0,0,0,0,0,0,0,0,0,0,0,0,0,0,0,0,0,0,0,0,0,0,0,0,0,0,0,0,0,0,1,0.001042699,1,0.001042699
S287-020-TTD,14-Jul-19,S287,2019,2304,Night,0.812,-169.195,0.295,5220,81.3,29.7,20.47,35.04,94,risen,,,Deep Tucker,,,2186.089,1,2186.089,110,0.050318171,0,0,0,0,0,0,0,0,0,0,0,0,0,0,0,0,78,48,21,23.5,0.5,1.5,0,15.5,1,0.5,0,0,0,8,0.5,2.5,7,0,0,0,0,0,0,0,0,0,0,0,0,0,0,0,0,0,0,0,0,0,0,0,0,0,0,0,0,0,207.5,0,0,0,0,0,0,0,0,0,0,0,0,0,0,0,0,0,0,0,0,0,0,0,0,0,0,0,0,0,0,0,0,0,0,0,0,0,0,0,0,0,0,0,0,0,0,0,0,0,0,0,0,0,0,0,0,0,0,0
S287-020-TTS,14-Jul-19,S287,2019,2341,Night,0.828,-169.127,0.295,5207,32.2,29.7,20.82,35.04,94,risen,,,Shallow Tucker,EUC,EUC,1528.068,1,1528.068,161,0.105361803,11,11,0,0,0,0,0,0,0.007198633,0.007198633,0,0,0,0,0,0,89,9,44,21,0,0,0,18,0,0,0,0,3,0,1,1,13,0,0,0,0,0,0,0,0,0,0,0,0,0,0,0,1,0,0,0,0,0,0,0,0,0,0,0,0,0,200,0,0,0,0,0,0,0,0,0,0,0,0,0,0,0,0,0,0,0,0,3,0,0,0,0,0,0,0,0,0,0,0,0,0,0,0,6,0,0,0,0,0,0,0,0,0,18,0,0,0,0,0,0,0,0,27,0.017669371,16,0.010470738
S287-021-NT,15-Jul-19,S287,2019,1143,Day,0.223,-169.37,0.362,5369,0,29.7,7.59,35.14,98,set,,,Neuston,,,1582.6,0.5,791.3,7,0.008846202,0,0,0,0,0,0,0,0,0,0,0,0,0,0,0,0,N/A,N/A,N/A,N/A,N/A,N/A,N/A,N/A,N/A,N/A,N/A,N/A,N/A,N/A,N/A,N/A,N/A,N/A,N/A,N/A,N/A,N/A,N/A,N/A,N/A,N/A,N/A,N/A,N/A,N/A,N/A,N/A,N/A,N/A,N/A,N/A,N/A,N/A,N/A,N/A,N/A,N/A,N/A,N/A,N/A,N/A,N/A,N/A,N/A,N/A,N/A,N/A,N/A,N/A,N/A,N/A,N/A,N/A,N/A,N/A,N/A,N/A,N/A,N/A,N/A,N/A,N/A,N/A,N/A,N/A,N/A,N/A,N/A,N/A,N/A,N/A,N/A,N/A,N/A,N/A,N/A,N/A,N/A,N/A,N/A,N/A,N/A,N/A,N/A,N/A,N/A,N/A,N/A,N/A,N/A,N/A,N/A,N/A,N/A,N/A,N/A,N/A,N/A,#VALUE!,#VALUE!,#VALUE!
S287-021-TTD,15-Jul-19,S287,2019,1034,Day,0.262,-169.297,0.295,5465,83,29.6,7.79,35.14,98,set,,,Deep Tucker,EUC,EUC,2068.289,1,2068.289,106,0.051250091,1,1,0,0,0,0,0,0,0.000483491,0.000483491,0,0,0,0,0,0,111,28,36,12,0,0,0,0,0,0,0,1,0,9,2,0,0,0,0,0,0,0,0,0,0,0,0,1,0,0,0,0,0,0,0,0,0,0,0,0,0,0,0,0,0,0,200,0,0,0,0,0,0,0,0,0,1,0,0,0,0,0,1,0,0,0,0,0,0,0,0,0,0,0,0,0,0,0,0,0,0,0,0,20,0,0,7,0,0,0,1,0,0,4,0,0,0,0,0,0,0,0,34,0.016438709,33,0.015955217
S287-021-TTS,15-Jul-19,S287,2019,1107,Day,0.157,-169.297,0.236,5377,30.1,29.7,7.65,35.15,98,set,,,Shallow Tucker,EUC,EUC,1393.099,1,1393.099,172.5,0.123824653,1,1,0,0,0,0,0,0,0.000717824,0.000717824,0,0,0,0,0,0,89,26,35,30,0,0,0,0,0,0,0,0,0,12,1,2,2,0,0,0,0,0,0,0,0,0,0,3,0,0,0,0,0,0,0,0,0,0,0,0,0,0,0,0,0,0,200,0,0,0,0,0,0,0,0,0,0,0,0,0,0,0,0,0,0,0,0,0,0,0,0,0,0,0,0,0,0,0,0,0,0,0,0,9,0,0,8,0,0,0,0,0,0,6,0,0,0,0,0,0,0,1,24,0.017227778,23,0.016509954
S287-023-NT,16-Jul-19,S287,2019,1150,Day,-1.407,-169.988,0.131,5673,0,29.9,7.01,35.16,100,set,,,Neuston,,,2026.5,0.5,1013.25,6.5,0.006415001,0,0,0,0,0,0,0,0,0,0,0,0,0,0,0,0,51,1,4,100,0,4,7,0,0,1,0,1,0,29,0,0,1,0,0,0,1,0,0,0,0,0,0,0,0,0,0,0,0,0,0,0,0,0,0,0,0,0,0,0,0,0,200,0,0,0,0,0,0,0,0,0,0,0,0,0,0,0,0,0,0,0,0,0,0,2,0,0,0,0,12,0,0,0,0,0,0,0,0,0,0,0,0,0,0,0,0,0,0,0,0,0,0,0,0,0,0,0,14,0.013816926,14,0.013816926
S287-023-TTD,16-Jul-19,S287,2019,1041,Day,-1.295,-169.95,0.131,5298,103.5,29.9,7.4,35.16,100,set,,,Deep Tucker,,,1699.802,1,1699.802,101,0.059418685,0,0,0,0,0,0,0,0,0,0,0,0,0,0,0,0,62,65,28,15,0,2,0,0,0,1,0,0,3,16,1,1,3,0,0,1,0,0,0,0,0,2,0,0,0,0,0,0,0,0,0,0,0,0,0,0,0,0,0,0,0,0,200,0,0,0,0,0,0,0,0,0,0,0,0,1,0,2,3,0,0,0,0,44,0,0,2,0,0,0,0,0,0,0,0,0,0,0,0,34,0,0,0,0,0,0,3,0,0,1,0,0,0,0,0,0,0,19,109,0.064125116,109,0.064125116
S287-023-TTS,16-Jul-19,S287,2019,1117,Day,-1.297,-169.97,0.131,5390,34.7,29.9,6.89,35.16,100,set,,,Shallow Tucker,,,1237.412,1,1237.412,103,0.083238242,0,0,0,0,0,0,0,0,0,0,0,0,0,0,0,0,85,52,11,27,0,2,1,3,1,5,0,0,0,3,3,0,5,0,0,1,0,1,0,0,0,0,0,0,0,0,0,0,0,0,0,0,0,0,0,0,0,0,0,0,0,0,200,0,0,0,0,0,0,0,0,0,0,0,0,2,0,0,10,0,0,0,0,104,0,0,1,0,0,0,0,0,0,0,0,0,0,0,0,41,0,0,0,0,0,0,0,0,0,3,0,0,0,0,0,0,0,8,169,0.136575369,169,0.136575369
S287-024-NT ,17-Jul-19,S287,2019,5,Night,-2.272,-170.53,0.17,4901,0,29.6,15.05,35.43,100,risen,,,Neuston,,,1903.7,0.5,951.85,281,0.295214582,0,0,0,0,0,0,0,0,0,0,0,0,0,0,0,0,69.5,59.5,11,2,0,0,0,0.5,0,1.5,0,35.5,1,0.5,3,0,13,0.5,0,0,0.5,0,0,0,0,0,0,0,0,0,0,0,1.5,0,0,0,0,0,0,0,0,0,0,0.5,0,0,200,0,0,0,0,0,0,0,0,0,0,0,0,0,0,0,0,0,0,0,0,0,0,0,0,0,0,0,0,0,0,0,0,0,0,0,0,0,0,0,0,0,0,0,0,0,0,0,0,0,0,0,0,0,0,0,0,0,0,0
S287-024-TTD,16-Jul-19,S287,2019,2245,Night,-2.243,-170.598,0.17,4923,106,29.7,14.71,35.34,100,risen,,,Deep Tucker,,,609.321,1,609.321,126,0.206787555,0,0,0,0,0,0,0,0,0,0,0,0,0,0,0,0,135,23,7,9,0,0,0,16,1,1,0,0,0,0,1,0,6,0,0,0,0,0,0,0,0,0,0,0,0,0,0,0,0,0,0,0,1,0,0,0,0,0,0,0,0,0,200,0,0,0,0,0,0,0,0,0,0,0,0,0,0,0,1,0,0,0,0,15,0,0,1,0,0,0,0,0,0,0,0,0,0,0,0,0,0,0,0,0,0,0,0,0,0,5,0,0,0,0,0,0,0,8,30,0.049235132,30,0.049235132
S287-024-TTS,16-Jul-19,S287,2019,2322,Night,-2.327,-170.628,0.17,4856,36,29.7,14.76,35.34,100,risen,,,Shallow Tucker,,,1232.686,1,1232.686,238,0.193074311,0,0,0,0,0,0,0,0,0,0,0,0,0,0,0,0,132,34,2,1,0,0,0,14,2,0,0,0,1,3,1,0,9,0,0,0,0,0,0,0,0,0,0,0,0,0,0,0,0,1,0,0,0,0,0,0,0,0,0,0,0,0,200,0,0,0,0,0,0,0,0,0,0,0,0,0,0,0,1,0,0,0,0,8,0,0,0,0,0,0,0,0,0,0,0,0,0,0,0,0,0,0,0,0,0,0,0,0,0,0,0,0,0,0,0,0,0,0,9,0.007301129,9,0.007301129
S287-025-NT,17-Jul-19,S287,2019,1138,Day,-3.18,-171.167,0.346,1957,0,29.8,6.97,35.3,100,set,,,Neuston,,,1696,0.5,848,13,0.015330189,0,0,0,0,0,0,0,0,0,0,0,0,0,0,0,0,N/A,N/A,N/A,N/A,N/A,N/A,N/A,N/A,N/A,N/A,N/A,N/A,N/A,N/A,N/A,N/A,N/A,N/A,N/A,N/A,N/A,N/A,N/A,N/A,N/A,N/A,N/A,N/A,N/A,N/A,N/A,N/A,N/A,N/A,N/A,N/A,N/A,N/A,N/A,N/A,N/A,N/A,N/A,N/A,N/A,N/A,N/A,0,0,0,0,0,0,0,0,0,0,0,0,0,0,0,0,9,0,0,0,0,0,7,0,0,0,0,3,0,0,0,0,0,0,0,0,0,0,0,0,0,0,0,0,0,0,0,0,0,0,0,0,0,0,0,19,0.02240566,19,0.02240566
S287-025-TTD,17-Jul-19,S287,2019,1023,Day,-3.082,-171.055,0.346,1363,103.8,29.7,7.78,35.29,100,set,,,Deep Tucker,,,1652.41,1,1652.41,41,0.024812244,0,0,0,0,0,0,0,0,0,0,0,0,0,0,0,0,100,5,13,31,0,4,0,0,1,16,0,0,5,15,3,4,0,0,1,0,0,1,0,0,0,1,0,0,0,0,0,0,0,0,0,0,0,0,0,0,0,0,0,0,0,0,200,0,0,0,0,0,0,0,0,0,0,0,0,0,0,0,0,1,0,0,0,18,0,0,0,0,0,0,0,0,0,1,0,0,0,0,0,17,0,0,0,0,0,0,0,0,0,0,0,0,0,0,0,0,0,0,37,0.022391537,37,0.022391537
S287-025-TTS,17-Jul-19,S287,2019,1056,Day,-3.093,-171.052,0.346,1622,35.8,29.7,7.78,35.29,100,set,,,Shallow Tucker,Enderbury,,1176.936,1,1176.936,47,0.039934202,2,2,0,0,0,0,0,0,0.001699328,0.001699328,0,0,0,0,0,0,90,1,41,36,0,6,0,0,0,17,0,0,4,9,3,1,1,0,0,2,0,0,0,0,0,2,0,0,0,0,0,0,0,0,0,0,0,0,0,0,0,0,0,0,0,0,213,0,0,0,0,0,0,0,0,0,0,0,0,1,0,2,0,0,0,0,0,21,0,1,0,0,0,0,0,0,0,0,0,0,0,0,0,14,0,0,3,0,0,0,0,0,0,3,0,0,0,0,0,0,0,0,45,0.038234874,43,0.036535547
S287-026-NT,17-Jul-19,S287,2019,2309,Night,-3.108,-171.273,0.431,1659,0,29.7,17.83,35.3,100,risen,,,Neuston,,,689.6,0.5,344.8,13,0.037703016,0,0,0,0,0,0,0,0,0,0,0,0,0,0,0,0,148,0,4,8,0,0,0,7,0,0,0,0,2,0,4,4,19,3,0,0,0,0,0,0,0,0,0,0,0,0,0,1,0,0,0,0,0,0,0,0,0,0,0,0,0,0,200,0,0,0,0,0,0,0,0,0,0,0,0,0,0,0,0,3,0,0,0,0,0,0,0,0,0,0,0,0,0,0,0,0,0,0,0,0,0,0,0,0,0,0,1,0,0,0,0,0,0,0,0,0,0,0,4,0.011600928,4,0.011600928
S287-026-TTD,17-Jul-19,S287,2019,2155,Night,-3.102,-171.128,0.431,1484,122.1,29.7,17.4,35.3,100,risen,,,Deep Tucker,Enderbury,,1397.852,1,1397.852,71,0.050792215,1,1,0,0,0,0,0,0,0.000715383,0.000715383,0,0,0,0,0,0,117,2,14,12,0,1,0,39,0,4,0,0,4,5,1,4,4,0,0,1,0,0,0,0,0,0,0,0,0,0,0,0,0,0,0,0,0,0,0,0,0,0,0,0,0,0,208,0,0,0,0,0,0,0,0,0,0,0,0,0,0,1,2,0,0,0,0,61,0,0,0,0,0,0,0,0,0,0,0,0,0,1,0,9,0,0,0,0,0,0,4,0,0,1,0,0,0,0,0,0,0,4,83,0.059376815,82,0.058661432
S287-026-TTS,17-Jul-19,S287,2019,2231,Night,-3.185,-171.133,0.431,1587,47.4,29.8,17.26,35.3,100,risen,,,Shallow Tucker,,,1325.522,1,1325.522,115,0.086758273,0,0,0,0,0,0,0,0,0,0,0,0,0,0,0,0,109,3,8,14,0,2,0,32,0,8,0,0,2,6,2,2,8,1,0,2,0,0,0,0,0,0,0,1,0,0,0,0,0,0,0,0,0,0,0,0,0,0,0,0,0,0,200,0,0,0,0,0,0,0,0,0,0,0,0,1,0,1,2,0,0,0,0,87,0,0,0,0,0,0,0,0,0,0,0,0,0,0,0,14,0,0,1,0,0,0,1,0,0,2,0,0,0,0,0,0,0,12,121,0.091284792,121,0.091284792
S287-027-NT,18-Jul-19,S287,2019,1042,Day,-2.872,-171.722,0.257,1938,0,30,6.16,35.38,98,set,,,Neuston,,,1986,0.5,993,8.5,0.008559919,0,0,0,0,0,0,0,0,0,0,0,0,0,0,0,0,166,1,1,20,0,0,0,0,0,1,0,9,2,0,0,0,0,0,0,0,0,0,0,0,0,0,0,0,0,0,0,0,0,0,0,0,0,0,0,0,0,0,0,0,0,0,200,0,0,0,0,0,0,0,0,0,0,0,0,0,0,0,0,0,0,0,0,0,0,1,0,0,0,0,2,0,0,0,0,0,0,0,0,0,0,0,0,0,0,0,0,0,0,0,0,0,0,0,0,0,0,0,3,0.003021148,3,0.003021148
S287-027-TTD,18-Jul-19,S287,2019,930,Day,-2.835,-171.742,0.257,1250,104,29.7,6.35,35.31,98,set,,,Deep Tucker,,,1535.677,1,1535.677,53,0.034512466,0,0,0,0,0,0,0,0,0,0,0,0,0,0,0,0,100,45,15,12,0,2,0,3,0,3,0,1,12,1,1,3,0,0,0,1,0,1,0,0,0,0,0,0,0,0,0,0,0,0,0,0,0,0,0,0,0,0,0,0,0,0,200,0,0,0,0,0,0,0,0,0,0,0,0,0,0,0,0,0,0,0,0,4,0,0,0,0,0,0,1,0,0,1,0,0,0,0,0,15,0,0,3,0,0,0,0,0,0,0,0,0,0,0,0,0,0,2,26,0.016930644,26,0.016930644
S287-027-TTS,18-Jul-19,S287,2019,1005,Day,-2.853,-171.732,0.257,1905,37,29.9,6.39,35.38,98,set,,,Shallow Tucker,,,1120.439,1,1120.439,65,0.058012975,0,0,0,0,0,0,0,0,0,0,0,0,0,0,0,0,77,46,8,11,0,6,0,0,2,5,0,14,10,13,4,0,1,0,1,0,0,0,0,0,1,0,0,0,0,0,0,0,0,0,0,0,1,0,0,0,0,0,0,0,0,0,200,0,0,0,0,0,0,0,0,0,0,0,0,0,0,0,2,0,0,0,0,5,0,0,0,0,0,0,1,0,0,0,0,0,0,0,0,15,0,0,0,0,0,0,0,0,0,0,0,0,0,0,0,0,0,0,23,0.020527668,23,0.020527668
S287-028-NT,23-Jul-19,S287,2019,118,Night,-2.897,-171.622,0.306,1549,0,29.8,11.43,35.3,65,set,,,Neuston,,,1140.6,0.5,570.3,51,0.089426618,0,0,0,0,0,0,0,0,0,0,0,0,0,0,0,0,150,0,18,5,0,1,0,2,0,1,0,0,5,1,7,1,7,0,0,0,0,0,0,0,0,0,0,1,0,0,0,0,1,0,0,0,0,0,0,0,0,0,0,0,0,0,200,0,0,0,0,0,0,0,0,0,0,0,0,0,0,0,0,1,0,0,0,10,0,0,0,0,0,0,0,0,0,0,0,0,0,0,0,0,0,0,0,0,0,0,0,0,0,0,0,0,0,0,0,0,0,0,11,0.019288094,11,0.019288094
S287-028-TTD,22-Jul-19,S287,2019,2331,Night,-2.867,-171.607,0.306,736,96.7,29.9,10.7,35.31,65,set,,,Deep Tucker,,,1530.845,1,1530.845,91,0.059444294,0,0,0,0,0,0,0,0,0,0,0,0,0,0,0,0,170,1,14,3,0,0,0,1,1,2,0,0,3,0,0,0,5,0,0,0,0,0,0,0,0,0,0,0,0,0,0,0,0,0,0,0,0,0,0,0,0,0,0,0,0,0,200,0,0,0,0,0,0,0,0,0,0,0,0,0,0,0,0,0,0,0,0,1,0,0,0,0,0,0,0,0,0,1,0,0,0,0,0,0,0,0,0,0,0,0,0,0,0,0,0,0,0,0,0,0,0,0,2,0.001306468,2,0.001306468
S287-028-TTS,22-Jul-19,S287,2019,32,Night,-3.008,-171.603,0.306,1194,34.5,29.9,11.07,35.3,65,set,,,Shallow Tucker,Kanton,,1181.128,1,1181.128,269,0.22774839,2,2,0,0,0,0,0,0,0.001693297,0.001693297,0,0,0,0,0,0,152,5,14,6,0,1,0,9,0,1,0,0,6,0,0,0,5,0,0,1,0,0,0,0,0,0,0,0,0,0,0,0,0,0,0,0,0,0,0,0,0,0,0,0,0,0,200,0,0,0,0,0,0,0,0,0,0,0,0,1,0,0,0,1,0,0,0,76,0,0,0,0,0,0,0,0,0,0,0,0,0,0,0,1,0,0,0,0,0,0,2,0,0,2,0,0,0,0,0,0,0,5,88,0.074505049,86,0.072811753
S287-029-NT,23-Jul-19,S287,2019,1208,Day,-3.55,-171.947,0.217,5359,0,30,5.13,35.3,65,set,,,Neuston,,,2214,0.5,1107,2.5,0.002258356,0,0,0,0,0,0,0,0,0,0,0,0,0,0,0,0,165,3,6,5,0,2,0,0,0,1,0,1,0,0,0,0,0,0,0,0,3,0,0,0,0,0,0,0,0,0,0,0,0,0,0,0,0,0,0,0,2,0,0,12,0,0,200,0,0,0,0,0,0,0,0,0,0,0,0,0,0,0,0,1,0,0,0,0,0,0,0,0,0,0,2,0,0,0,0,0,0,0,0,1,0,0,0,0,0,0,0,0,0,0,0,0,0,0,0,0,0,0,4,0.003613369,4,0.003613369
S287-029-TTD,23-Jul-19,S287,2019,1057,Day,-3.43,-171.805,0.217,5366,95.6,30,5.3,35.3,65,set,,,Deep Tucker,,,1743.27,1,1743.27,7,0.004015442,0,0,0,0,0,0,0,0,0,0,0,0,0,0,0,0,51,39,9,57,0,7,0,0,4,2,0,2,21,3,1,2,1,0,0,0,0,0,0,0,0,0,0,0,0,0,0,0,0,0,0,0,0,0,0,0,0,0,0,2,0,0,201,0,0,0,0,0,0,0,0,0,0,0,0,0,0,0,0,0,0,0,0,0,0,0,0,0,0,0,0,0,0,0,0,0,0,0,0,0,0,0,0,0,0,0,0,0,0,0,0,0,0,0,0,0,0,0,0,0,0,0
S287-029-TTS,23-Jul-19,S287,2019,1132,Day,-3.435,-171.817,0.217,5365,38.2,30,5.61,35.3,65,set,,,Shallow Tucker,,,1168.285,1,1168.285,7.5,0.006419666,0,0,0,0,0,0,0,0,0,0,0,0,0,0,0,0,132,1,26,28,0,1,0,1,0,1,0,1,2,0,3,0,0,0,1,0,0,0,0,1,0,1,0,1,0,0,0,0,0,0,0,0,0,0,0,0,0,0,0,0,0,0,200,0,0,0,0,0,0,0,0,0,0,0,0,0,0,0,0,0,0,0,0,0,0,0,0,0,0,0,0,0,0,0,0,0,0,0,0,0,0,0,0,0,0,0,0,0,0,0,0,0,0,0,0,0,0,0,0,0,0,0
S287-030-NT,24-Jul-19,S287,2019,23,Night,-4.112,-172.067,0.354,5088,0,30,12.87,35.3,56,risen,,,Neuston,,,2517,0.5,1258.5,6.2,0.0049265,0,0,0,0,0,0,0,0,0,0,0,0,0,0,0,0,78,38,29,9,0,0,0,4,0,1,0,13,3,1,10,2,3,1,1,0,5,0,0,0,0,0,0,0,0,0,0,0,1,0,0,0,1,0,0,0,0,0,0,0,0,0,200,0,0,0,0,0,0,0,0,0,0,0,0,0,0,0,0,0,0,0,0,0,0,0,0,0,0,0,0,0,0,0,0,0,0,0,0,0,0,0,0,0,0,0,0,0,0,0,0,0,0,0,0,0,0,0,0,0,0,0
S287-030-TTD,23-Jul-19,S287,2019,2310,Night,-4.085,-172.032,0.354,5356,94,30,12.09,35.31,56,risen,,,Deep Tucker,,,1718.679,1,1718.679,90,0.0523658,0,0,0,0,0,0,0,0,0,0,0,0,0,0,0,0,117,15,6,11,0,0,0,39,0,5,0,0,2,0,1,0,2,1,0,1,0,0,0,0,0,0,0,1,0,0,0,0,0,0,0,0,3,0,0,0,0,0,0,0,0,0,204,0,0,0,0,0,0,0,0,0,0,0,0,0,0,1,1,0,0,0,0,0,0,0,0,0,0,0,0,0,0,0,0,0,0,0,0,0,0,0,0,0,0,0,3,0,0,0,0,0,0,0,0,0,0,1,6,0.003491053,6,0.003491053
S287-030-TTS,23-Jul-19,S287,2019,2346,Night,-4.098,-172.048,0.354,5487,39,30,12.28,35.31,56,risen,,,Shallow Tucker,,,1141.799,1,1141.799,201,0.176037989,0,0,0,0,0,0,0,0,0,0,0,0,0,0,0,0,83,30,1,6,0,0,0,72,0,2,0,0,1,1,1,2,3,0,0,0,0,1,0,0,0,0,0,0,0,0,0,0,0,0,0,0,0,0,0,0,0,0,0,0,0,0,203,0,0,0,0,0,0,0,0,0,0,0,0,0,0,0,0,0,0,0,0,4,0,0,0,0,0,0,0,0,0,0,0,0,0,0,0,0,0,0,0,0,0,0,1,0,0,0,0,0,0,0,0,0,0,0,5,0.004379054,5,0.004379054
S287-031-NT,24-Jul-19,S287,2019,1117,Day,-4.605,-172.262,0.336,1744,0,29.9,5.11,35.32,56,set,,,Neuston,,,2386,0.5,1193,4.3,0.003604359,0,0,0,0,0,0,0,0,0,0,0,0,0,0,0,0,33,2,8,2,2,3,0,0,1,1,0,3,2,8,57,0,0,0,0,76,1,0,0,0,0,0,0,0,0,0,0,0,0,0,0,0,0,0,0,0,0,0,0,1,0,0,200,0,0,0,0,0,0,0,0,0,0,0,0,0,0,0,0,0,0,0,0,0,0,0,0,0,0,0,2,0,0,0,0,0,0,0,0,1,0,0,0,0,0,0,0,0,0,0,0,0,0,0,0,0,0,0,3,0.002514669,3,0.002514669
S287-031-TTD,24-Jul-19,S287,2019,959,Day,-4.54,-172.188,0.336,1461,113,29.9,5.63,35.31,56,set,,,Deep Tucker,,,1543.794,1,1543.794,37,0.023966928,0,0,0,0,0,0,0,0,0,0,0,0,0,0,0,0,57,71,21,20,1,2,0,0,0,2,0,5,1,16,3,0,0,0,0,0,0,0,0,0,0,0,0,1,0,0,0,0,0,0,0,0,0,0,0,0,0,0,0,0,0,0,200,0,0,0,0,0,0,0,0,0,0,0,0,0,0,0,0,0,0,0,0,2,0,0,0,0,0,0,0,0,0,0,0,0,0,0,0,2,0,0,0,0,0,0,1,0,0,0,0,0,0,0,0,0,0,0,5,0.003238774,5,0.003238774
S287-031-TTS,24-Jul-19,S287,2019,1034,Day,-4.553,-172.125,0.336,1720,34,29.9,5.27,35.3,56,set,,,Shallow Tucker,Orona,,1133.282,1,1133.282,82,0.072356218,2,0,2,2,0,0,0,0,0.001764786,0,0.001764786,0.001764786,0,0,0,0,26,41,4,15,0,2,0,0,4,9,0,28,5,45,2,16,0,0,0,0,0,1,0,0,0,1,0,1,0,0,0,0,0,0,0,0,0,0,0,0,0,0,0,0,0,0,200,0,0,0,0,0,0,0,0,0,0,0,0,0,0,0,0,0,0,0,0,3,0,0,0,0,0,0,0,0,0,0,0,0,0,0,0,3,0,0,0,0,0,0,0,0,0,3,0,0,0,0,0,0,0,0,9,0.007941536,7,0.00617675
S287-032-NT,27-Jul-19,S287,2019,1212,Day,-4.592,-172.29,0.28,3371,0,29.9,4.36,35.31,26,set,,,Neuston,,,1267,0.5,633.5,2.9,0.004577743,0,0,0,0,0,0,0,0,0,0,0,0,0,0,0,0,47,4,19,7,0,0,0,0,0,0,0,0,4,0,0,0,7,0,0,0,7,0,0,0,0,0,0,0,0,0,0,0,0,0,0,0,0,0,0,0,5,0,0,0,0,0,100,0,0,0,0,0,0,0,0,0,0,0,0,0,0,0,0,0,0,0,0,0,0,0,0,0,0,0,0,0,0,0,0,0,0,0,0,0,0,0,0,0,0,0,0,0,0,0,0,0,0,0,0,0,0,0,0,0,0,0
S287-032-TTD,27-Jul-19,S287,2019,1053,Day,-4.558,-172.255,0.28,2065,104.7,29.9,5.42,35.35,26,set,,,Deep Tucker,Orona,,1721.216,1,1721.216,33,0.019172492,1,1,0,0,0,0,0,0,0.000580985,0.000580985,0,0,0,0,0,0,57,102,6,18,0,1,0,0,5,6,0,0,1,3,2,0,1,0,0,0,0,0,0,0,0,0,0,0,0,0,0,0,0,0,0,0,0,0,0,0,0,0,0,0,0,0,202,0,0,0,0,0,0,0,0,0,0,0,0,1,0,1,0,0,0,0,0,1,0,0,0,0,0,0,1,0,0,0,0,0,0,0,0,4,0,0,0,0,0,0,2,0,0,4,0,0,0,0,0,0,0,0,14,0.008133784,13,0.0075528
S287-032-TTS,27-Jul-19,S287,2019,1129,Day,-4.572,-172.272,0.28,2713,32.5,29.9,5.04,35.31,26,set,,,Shallow Tucker,,,1355.666,1,1355.666,31,0.022866989,0,0,0,0,0,0,0,0,0,0,0,0,0,0,0,0,100,41,8,13,0,2,0,1,6,16,0,0,0,8,2,1,1,0,0,0,0,1,0,0,0,0,0,0,0,0,0,0,0,0,0,0,0,0,0,0,0,0,0,0,0,0,200,0,0,0,0,0,0,0,0,0,0,0,0,1,0,0,0,0,0,0,0,18,0,1,2,0,0,0,0,0,0,0,0,0,0,0,0,22,0,0,0,0,0,0,0,0,0,0,0,0,0,0,0,0,0,0,44,0.032456372,44,0.032456372
S287-033-NT,27-Jul-19,S287,2019,12,Night,-4.285,-172.672,0.188,5067,0,29.9,12.17,35.29,17,set,,,Neuston,,,2153.8,0.5,1076.9,47,0.043643792,0,0,0,0,0,0,0,0,0,0,0,0,0,0,0,0,130,35,7,3,0,0,0,0,0,0,0,1,0,0,20,0,2,0,0,0,0,0,0,0,0,0,0,0,0,0,0,0,2,0,0,0,0,0,0,0,0,0,0,0,0,0,200,0,0,0,0,0,0,0,0,0,0,0,0,0,0,0,0,0,0,0,0,0,0,0,0,0,0,0,0,0,0,0,0,0,0,0,0,0,0,0,0,0,0,0,0,0,0,0,0,0,0,0,0,0,0,0,0,0,0,0
S287-033-TTD,27-Jul-19,S287,2019,2259,Night,-4.265,-172.635,0.188,4974,95,29.9,13.23,35.3,17,set,,,Deep Tucker,,,1646.749,1,1646.749,71,0.043115253,0,0,0,0,0,0,0,0,0,0,0,0,0,0,0,0,104,26,4,17,0,1,0,32,0,0,0,0,0,9,2,1,4,0,0,0,0,0,0,0,0,0,0,0,0,0,0,0,0,0,0,0,0,0,0,0,0,0,0,0,0,0,200,0,0,0,0,0,0,0,0,0,0,0,0,0,0,2,0,0,0,0,0,0,0,0,0,0,0,0,0,0,0,0,0,0,0,0,0,0,0,0,0,0,0,0,0,0,0,0,0,0,0,0,0,0,0,0,2,0.001214514,2,0.001214514
S287-033-TTS,27-Jul-19,S287,2019,2335,Night,-4.307,-172.655,0.188,,35,29.9,12.78,35.3,17,set,,,Shallow Tucker,,,1237.118,1,1237.118,148,0.119632889,0,0,0,0,0,0,0,0,0,0,0,0,0,0,0,0,129,27,7,5,0,0,0,18,0,0,0,2,3,4,0,1,4,0,0,0,0,0,0,0,0,0,0,0,0,0,0,0,0,0,0,0,0,0,0,0,0,0,0,0,0,0,200,0,0,0,0,0,0,0,0,0,0,0,0,0,0,0,0,0,0,0,0,7,0,0,0,0,0,0,0,0,0,0,0,0,0,0,0,0,0,0,0,0,0,0,0,0,0,2,0,0,0,0,0,0,0,0,9,0.007274973,9,0.007274973
S287-034-NT,28-Jul-19,S287,2019,1206,Day,-3.578,-173.268,0.124,4777,0,29.8,6.16,35.31,17,risen,,,Neuston,,,1919.1,0.5,959.55,4.2,0.004377052,0,0,0,0,0,0,0,0,0,0,0,0,0,0,0,0,90,15,5,48,0,2,0,1,0,4,0,11,2,4,15,0,2,0,0,0,1,0,0,0,0,0,0,0,0,0,0,0,0,0,0,0,0,0,0,0,0,0,0,0,0,0,200,0,0,0,0,0,0,0,0,0,0,0,0,0,0,0,0,0,0,0,0,0,0,0,0,0,0,0,0,0,0,0,0,0,0,0,0,0,0,0,0,0,0,0,0,0,0,0,0,0,0,0,0,0,0,0,0,0,0,0
S287-034-TTD,28-Jul-19,S287,2019,1045,Day,-3.418,-173.232,0.124,5288,93,29.8,6.33,35.31,17,risen,,,Deep Tucker,PIPA,,1869.507,1,1869.507,62,0.033163823,1,0,1,0,0,1,0,0,0.0005349,0,0.0005349,0,0,0.0005349,0,0,112,49,16,15,0,1,0,0,0,1,0,0,0,1,2,0,0,0,0,0,0,0,0,0,0,2,0,1,0,0,0,0,0,0,0,0,0,0,0,0,0,0,0,0,0,0,200,0,0,0,0,0,0,0,0,0,0,0,0,3,0,1,1,0,0,0,0,14,0,0,2,0,0,0,0,0,0,0,0,0,0,0,0,9,0,0,1,0,0,0,3,0,0,9,0,0,0,0,0,0,0,0,43,0.023000716,42,0.022465816
S287-034-TTS,28-Jul-19,S287,2019,1124,Day,-3.438,-173.24,0.124,5289,31.4,29.7,6.39,35.31,17,risen,,,Shallow Tucker,PIPA,,1308.567,1,1308.567,119,0.090939172,1,1,0,0,0,0,0,0,0.000764195,0.000764195,0,0,0,0,0,0,124,17,19,17,0,5,0,0,0,4,0,1,2,0,3,0,2,0,0,1,0,0,0,1,0,1,0,1,0,0,0,0,0,0,0,0,2,0,0,0,0,0,0,0,0,0,200,4,0,0,0,0,0,0,0,0,0,0,0,1,0,0,0,0,0,0,0,2,0,0,0,0,0,0,0,0,0,0,0,0,0,0,0,4,0,0,3,0,0,0,0,0,0,7,0,0,0,0,0,0,0,5,26,0.019869063,25,0.019104868
S287-035-NT,28-Jul-19,S287,2019,2305,Night,-2.59,-173.737,0.134,5604,0,30,12.54,35.38,17,risen,,,Neuston,,,2147,0.5,1073.5,59.2,0.055146716,0,0,0,0,0,0,0,0,0,0,0,0,0,0,0,0,116,0,8,0,0,0,0,30,0,0,0,27,2,0,3,0,3,1,0,0,0,0,0,0,1,0,0,1,0,0,0,0,8,0,0,0,0,0,0,0,0,0,0,0,0,0,200,0,0,0,0,0,0,0,0,0,0,0,0,0,0,0,0,0,0,0,0,4,0,0,0,0,0,0,0,0,0,0,0,0,0,0,0,0,0,0,0,0,0,0,0,0,0,0,0,0,0,0,0,0,0,3,7,0.006520727,7,0.006520727
S287-036-NT,29-Jul-19,S287,2019,1152,Day,-1.825,-174.282,0.352,5089,0,30.3,5.43,35.14,10,risen,,,Neuston,,,1747,0.5,873.5,7,0.008013738,0,0,0,0,0,0,0,0,0,0,0,0,0,0,0,0,158,0,1,24,0,0,0,0,0,0,0,0,0,9,0,5,2,0,0,0,1,0,0,0,0,0,0,0,0,0,0,0,0,0,0,0,0,0,0,0,0,0,0,0,0,0,200,0,0,0,0,0,0,0,0,0,0,0,0,0,0,0,0,0,0,0,0,0,0,4,0,0,0,0,1,0,0,0,0,0,0,0,0,0,0,0,0,0,0,0,0,0,0,0,0,0,0,0,0,0,0,0,5,0.005724098,5,0.005724098
S287-036-TTD,29-Jul-19,S287,2019,1041,Day,-1.825,-174.282,0.352,5089,74.9,30.3,5.43,35.14,10,risen,,,Deep Tucker,PIPA,,1569.64,1,1569.64,47,0.029943172,1,1,0,0,0,0,0,0,0.000637089,0.000637089,0,0,0,0,0,0,108,5,10,14,0,0,0,0,0,2,0,0,1,0,3,49,3,0,0,1,0,0,0,0,0,3,0,0,0,0,0,0,0,0,0,0,1,0,0,0,0,0,0,0,0,0,200,0,0,0,0,0,0,0,0,0,0,0,0,0,0,0,1,0,0,0,0,17,0,0,0,0,0,0,0,0,0,0,0,0,0,0,0,2,0,0,0,0,0,0,2,0,0,3,0,0,0,0,0,0,0,3,28,0.017838485,27,0.017201396
S287-036-TTS,29-Jul-19,S287,2019,1117,Day,-1.843,-174.292,0.352,5142,28.4,30.3,5.57,35.14,10,risen,,,Shallow Tucker,,,1037.963,1,1037.963,49,0.047207848,0,0,0,0,0,0,0,0,0,0,0,0,0,0,0,0,129,0,18,20,0,0,0,0,0,1,0,0,1,12,2,14,2,0,0,0,0,0,0,0,0,0,0,1,0,0,0,0,0,0,0,0,0,0,0,0,0,0,0,0,0,0,200,0,0,0,0,0,0,0,0,0,0,0,0,0,0,0,0,0,0,0,0,7,0,0,0,0,0,0,0,0,0,0,0,0,0,0,0,1,0,0,0,0,0,0,0,0,0,4,0,0,0,0,0,0,0,2,14,0.013487957,14,0.013487957
S287-038-NT,30-Jul-19,S287,2019,1154,Day,-2.493,-175.175,0.364,5151,0,30.1,7.95,35.14,4,set,,,Neuston,,,1299,0.5,649.5,3.5,0.005388761,0,0,0,0,0,0,0,0,0,0,0,0,0,0,0,0,150,0,18,5,0,1,0,2,0,1,0,0,5,1,7,1,7,0,0,0,0,0,0,0,0,0,0,1,0,0,0,0,1,0,0,0,0,0,0,0,0,0,0,0,0,0,200,0,0,0,0,0,0,0,0,0,0,0,0,0,0,0,0,0,0,0,0,0,0,0,0,0,0,0,0,0,0,0,0,0,0,0,0,0,0,0,0,0,0,0,0,0,0,0,0,0,0,0,0,0,0,0,0,0,0,0
S287-038-TTD,30-Jul-19,S287,2019,1036,Day,-2.493,-175.175,0.364,5151,80,30.1,7.95,35.14,4,set,,,Deep Tucker,,,2127.91,1,2127.91,18,0.008459004,0,0,0,0,0,0,0,0,0,0,0,0,0,0,0,0,9,0,0,1,0,0,0,0,0,5,0,16,3,25,0,134,0,0,0,0,0,0,0,0,2,5,0,0,0,0,0,0,0,0,0,0,0,0,0,0,0,0,0,0,0,0,200,0,0,0,0,0,0,0,0,0,0,0,0,0,0,0,0,0,0,0,0,0,0,0,0,0,0,0,0,0,0,0,0,0,0,0,0,0,0,0,1,0,0,0,0,0,0,11,0,0,0,0,0,0,0,0,12,0.005639336,12,0.005639336
S287-038-TTS,30-Jul-19,S287,2019,1109,Day,-2.513,-175.178,0.364,4629,31.5,30.1,7.68,35.17,4,set,,,Shallow Tucker,,,1314.227,1,1314.227,45,0.03424066,0,0,0,0,0,0,0,0,0,0,0,0,0,0,0,0,N/A,N/A,N/A,N/A,N/A,N/A,N/A,N/A,N/A,N/A,N/A,N/A,N/A,N/A,N/A,N/A,N/A,N/A,N/A,N/A,N/A,N/A,N/A,N/A,N/A,N/A,N/A,N/A,N/A,N/A,N/A,N/A,N/A,N/A,N/A,N/A,N/A,N/A,N/A,N/A,N/A,N/A,N/A,N/A,N/A,N/A,N/A,1,0,0,0,0,0,0,0,0,0,0,0,0,0,0,0,0,0,0,0,10,0,0,0,0,0,0,0,0,0,0,0,0,0,0,0,0,0,0,1,0,0,0,0,0,0,0,0,0,0,0,0,0,0,3,15,0.011413553,15,0.011413553
S287-039-NT,30-Jul-19,S287,2019,14,Night,-3.325,-175.148,0.502,6016,0,30,12.29,35.39,1,risen,,,Neuston,PIPA,,2331,0.5,1165.5,13.8,0.011840412,2,2,0,0,0,0,0,0,0.001716002,0.001716002,0,0,0,0,0,0,138,2,17,22,0,2,0,2,1,1,0,0,0,0,11,1,2,0,0,0,0,0,0,0,0,0,0,0,0,0,0,1,0,0,0,0,0,0,0,0,0,0,0,0,0,0,200,0,0,0,0,0,0,0,0,0,0,0,0,0,0,0,0,0,0,0,0,0,0,0,0,0,0,0,0,0,0,0,0,0,0,0,0,0,0,0,0,0,0,0,0,0,0,0,0,0,0,0,0,0,0,0,0,0,0,0
S287-039-TTD,30-Jul-19,S287,2019,2259,Night,-3.325,-175.148,0.502,6016,103.3,30,12.29,35.39,1,risen,,,Deep Tucker,PIPA,,1413.712,1,1413.712,73,0.051637109,2,2,0,0,0,0,0,0,0.001414715,0.001414715,0,0,0,0,0,0,128,17,7,16,0,1,0,15,0,5,0,0,4,0,0,1,2,0,0,0,0,0,0,2,0,1,0,0,0,0,0,0,0,0,1,0,0,0,0,0,0,0,0,0,0,0,200,0,0,0,0,0,0,0,0,0,0,0,0,0,0,0,0,0,0,0,0,4,0,0,0,0,0,0,0,0,0,0,0,0,0,0,0,2,0,0,0,0,0,0,0,0,0,3,0,0,0,0,0,0,0,0,9,0.006366219,7,0.004951504
S287-039-TTS,30-Jul-19,S287,2019,2336,Night,-3.342,-175.167,0.502,6016,21.3,30,12.37,35.37,1,risen,,,Shallow Tucker,PIPA,,1074.835,1,1074.835,106,0.098619788,32,32,0,0,0,0,0,0,0.029772012,0.029772012,0,0,0,0,0,0,121,14,26,6,0,1,0,22,0,2,0,0,1,0,2,0,4,0,1,0,0,0,0,0,0,0,0,0,0,0,0,0,0,0,0,0,0,0,0,0,0,0,0,0,0,0,200,0,0,0,0,0,0,0,0,0,0,0,0,0,0,0,0,0,0,0,0,39,0,0,0,0,0,0,0,0,0,0,0,0,0,0,0,2,0,0,0,0,0,0,1,0,0,35,0,0,0,0,0,0,0,0,77,0.071638903,45,0.041866891
S287-040-NT,31-Jul-19,S287,2019,1233,Day,-3.953,-175.207,0.453,5975,0,30,4.8,35.38,1,risen,,,Neuston,,,2250.6,0.5,1125.3,57.4,0.05100862,0,0,0,0,0,0,0,0,0,0,0,0,0,0,0,0,139,0,4,1,0,0,0,0,0,1,0,0,0,1,51,0,2,0,0,5,5,0,0,0,0,0,0,0,0,0,0,0,0,0,0,0,0,0,0,0,0,0,0,0,0,0,209,0,0,0,0,0,0,0,0,0,0,0,0,0,0,0,0,0,0,0,0,0,0,1,0,0,0,0,0,0,0,0,0,0,0,0,0,0,0,0,0,0,0,0,0,0,0,0,0,0,0,0,0,0,0,0,1,0.000888652,1,0.000888652
S287-040-TTD,31-Jul-19,S287,2019,1122,Day,-3.953,-175.207,0.453,5975,98.5,30,4.8,35.38,1,risen,,,Deep Tucker,PIPA,,1742.549,1,1742.549,54,0.030989086,16,16,0,0,0,0,0,0,0.009181951,0.009181951,0,0,0,0,0,0,68,15,24,24,0,2,0,0,3,2,0,4,9,40,2,1,0,1,1,1,0,3,0,0,0,0,0,0,0,0,0,0,0,0,0,0,0,0,0,0,0,0,0,0,0,0,200,0,0,0,0,0,0,0,0,0,0,0,0,0,0,0,0,0,0,0,0,70,0,0,0,0,0,0,0,0,0,0,0,0,0,0,0,4,0,0,4,0,0,0,0,0,0,27,0,0,0,0,0,0,0,0,105,0.060256555,89,0.051074604
S287-040-TTS,31-Jul-19,S287,2019,1155,Day,-3.972,-175.208,0.453,5971,30.7,30.1,4.73,35.37,1,risen,,,Shallow Tucker,PIPA,,1401.243,1,1401.243,115,0.082069991,10,10,0,0,0,0,0,0,0.007136521,0.007136521,0,0,0,0,0,0,46,9,4,18,0,4,0,0,0,3,0,4,5,0,91,1,6,0,0,1,0,0,0,0,0,1,0,2,0,0,0,0,0,5,0,0,0,0,0,0,0,0,0,0,0,0,200,0,0,0,0,0,0,0,0,0,0,0,0,0,0,0,0,0,0,0,0,116,0,0,0,0,0,0,0,0,0,0,0,0,0,0,0,0,0,0,0,0,0,0,0,0,0,7,0,0,0,0,0,0,0,0,123,0.087779207,113,0.080642687
S287-041-NT,1-Aug-19,S287,2019,259,Night,-4.702,-174.477,0.273,695,0,30.1,12.12,35.4,0,set,,,Neuston,,,2251,0.5,1125.5,5.3,0.004709018,0,0,0,0,0,0,0,0,0,0,0,0,0,0,0,0,81,0,3,13,0,1,0,74,0,1,2,3,0,5,3,0,9,0,0,0,1,0,0,0,0,0,0,0,0,0,0,0,2,0,0,0,0,0,0,0,0,0,0,2,0,0,200,0,0,0,0,0,0,0,0,0,0,0,0,0,0,0,0,0,0,0,0,0,0,0,0,0,0,0,0,0,0,0,0,0,0,0,0,0,0,0,0,0,0,0,0,0,0,0,0,0,0,0,0,0,0,0,0,0,0,0
S287-041-TTD,1-Aug-19,S287,2019,135,Night,-4.702,-174.477,0.273,695,106,30.1,12.12,35.4,0,set,,,Deep Tucker,,,1392.939,1,1392.939,43,0.030869981,0,0,0,0,0,0,0,0,0,0,0,0,0,0,0,0,116,7,19,16,0,0,1,17,0,2,2,0,0,15,2,2,2,0,1,0,0,3,0,0,0,0,0,0,0,0,0,0,0,0,0,0,0,0,0,0,0,0,0,0,0,0,205,0,0,0,0,0,0,0,0,0,0,0,0,0,0,0,1,0,0,0,0,27,0,0,0,0,0,0,0,0,0,0,0,0,0,0,0,3,0,0,1,0,0,0,0,0,0,0,0,0,0,0,0,0,0,0,32,0.022973009,32,0.022973009
S287-041-TTS,1-Aug-19,S287,2019,208,Night,-4.722,-174.478,0.273,476,32,30.1,12.04,35.41,0,set,,,Shallow Tucker,,,1236.504,1,1236.504,64,0.05175883,0,0,0,0,0,0,0,0,0,0,0,0,0,0,0,0,129,2,14,10,0,0,0,21,0,0,1,0,1,17,2,1,1,0,0,0,0,0,0,0,1,0,0,0,0,0,0,0,0,0,0,0,0,0,0,0,0,0,0,0,0,0,200,0,0,0,0,0,0,0,0,0,0,0,0,0,0,0,1,0,0,0,0,3,0,0,0,0,0,0,0,0,0,1,0,0,0,0,0,1,0,0,0,0,0,0,0,0,0,0,0,0,0,0,0,0,0,0,6,0.00485239,6,0.00485239
S287-042-NT,1-Aug-19,S287,2019,944,Day,-4.688,-174.6,0.359,2983,0,30,6.77,35.41,0,risen,,,Neuston,,,2595.98,0.5,1297.99,56,0.04314363,0,0,0,0,0,0,0,0,0,0,0,0,0,0,0,0,172,0,1,16,0,2,1,0,0,0,0,0,1,4,2,0,0,0,0,1,0,0,0,0,0,0,0,0,0,0,0,0,0,0,0,0,0,0,0,0,0,0,0,0,0,0,200,0,0,0,0,0,0,0,0,0,0,0,0,0,0,0,0,0,0,0,0,0,0,2,0,0,0,0,2,0,0,0,0,0,0,0,0,0,0,0,0,0,0,0,0,0,0,0,0,0,0,0,0,0,0,0,4,0.003081688,4,0.003081688
S287-042-TTD,1-Aug-19,S287,2019,833,Day,-4.688,-174.6,0.359,2983,92.9,30,6.77,35.41,0,risen,,,Deep Tucker,Nikumaroro,,1738.01,1,1738.01,10,0.005753707,2,2,0,0,0,0,0,0,0.001150741,0.001150741,0,0,0,0,0,0,111,10,9,47,0,2,0,0,0,5,0,0,2,0,5,1,4,0,0,0,0,0,0,0,0,3,0,0,0,0,0,0,0,0,0,0,1,0,0,0,0,0,0,0,0,0,200,0,0,0,0,0,0,0,0,0,0,0,0,0,0,0,0,0,0,0,0,26,0,0,0,0,0,0,0,0,0,0,0,0,0,0,0,1,0,0,1,0,0,0,1,0,0,1,0,0,0,0,0,0,0,0,30,0.01726112,28,0.016110379
S287-042-TTS,1-Aug-19,S287,2019,908,Day,-4.71,-174.602,0.359,3329,37.2,30.1,5.87,35.4,0,risen,,,Shallow Tucker,,,1167.698,1,1167.698,71,0.060803393,0,0,0,0,0,0,0,0,0,0,0,0,0,0,0,0,82,3,15,35,0,2,0,2,3,7,0,0,1,9,5,27,3,1,0,0,0,0,0,0,0,0,0,0,0,0,0,0,0,0,5,0,0,0,0,0,0,0,0,0,0,0,200,0,0,0,0,0,0,0,0,0,0,0,0,0,0,0,0,0,0,0,0,71,0,0,0,0,0,0,0,0,0,0,0,0,0,0,0,1,0,0,0,0,0,0,0,0,0,9,0,0,0,0,0,0,0,11,92,0.078787495,92,0.078787495
S287-043-NT,3-Aug-19,S287,2019,2330,Night,-4.7796,-174.8709833,0.334,2737,0,30.194,11.56,35.418,8,set,,,Neuston,,,1369,0.5,684.5,6,0.008765522,0,0,0,0,0,0,0,0,0,0,0,0,0,0,0,0,113,0,0,14,0,0,0,48,1,0,1,4,2,0,1,0,14,0,0,0,0,2,0,0,0,0,0,0,0,0,0,0,1,0,0,0,0,0,0,0,0,0,0,0,0,0,201,0,0,0,0,0,0,0,0,0,0,0,0,0,0,0,1,0,0,0,0,0,0,0,0,0,0,0,0,0,0,0,0,0,0,0,0,0,0,0,0,0,0,0,0,0,0,0,0,0,0,0,0,0,0,0,1,0.00146092,1,0.00146092
S287-044-NT,4-Aug-19,S287,2019,1243,Day,-5.588,-173.897,0.36,2393,0,30.1,4.44,35.36,16,risen,,,Neuston,,,1563.4,0.5,781.7,2.8,0.003581937,0,0,0,0,0,0,0,0,0,0,0,0,0,0,0,0,79,0,2,2,0,0,0,0,0,2,0,2,0,13,2,0,8,0,0,0,0,0,0,0,0,0,0,0,0,0,0,0,0,0,0,0,0,0,0,0,0,0,0,0,0,0,110,0,0,0,0,0,0,0,0,0,0,0,0,0,0,0,0,0,0,0,0,0,0,0,0,0,0,0,0,0,0,0,0,0,0,0,0,0,0,0,0,0,0,0,0,0,0,0,0,0,0,0,0,0,0,0,0,0,0,0
S287-044-TTD,4-Aug-19,S287,2019,1101,Day,-5.588,-173.897,0.36,2393,110.7,30.1,4.44,35.36,16,risen,,,Deep Tucker,,,1354.811,1,1354.811,18,0.013285986,0,0,0,0,0,0,0,0,0,0,0,0,0,0,0,0,99,7,20,15,0,1,0,0,0,2,0,2,4,26,7,11,6,0,0,0,0,0,0,0,0,0,0,0,0,0,0,0,0,0,0,0,0,0,0,0,0,0,0,0,0,0,200,0,0,0,0,0,0,0,0,0,0,0,0,0,0,0,0,0,0,0,0,7,0,0,0,0,0,0,0,0,0,0,0,0,0,0,0,0,0,0,0,0,0,0,0,0,0,0,0,0,0,0,0,0,0,0,7,0.005166772,7,0.005166772
S287-044-TTS,4-Aug-19,S287,2019,1133,Day,-5.617,-173.908,0.36,2922,36.6,30.2,4.15,35.37,16,risen,,,Shallow Tucker,,,1124.871,1,1124.871,13,0.011556881,0,0,0,0,0,0,0,0,0,0,0,0,0,0,0,0,134,1,13,27,0,0,0,3,1,3,0,0,3,0,1,7,3,0,0,0,0,0,0,0,0,0,0,0,0,0,0,0,0,3,0,0,1,0,0,0,0,0,0,0,0,0,200,0,0,0,0,0,0,0,0,0,0,0,0,0,0,0,0,0,0,0,0,100,0,0,0,0,0,0,0,0,0,0,0,0,0,0,0,0,0,0,0,0,0,0,0,0,0,16,0,0,0,0,0,0,0,1,117,0.104011927,117,0.104011927
S287-045-NT,4-Aug-19,S287,2019,14,Night,-6.213,-173.935,0.29,5736,0,30.2,12.39,35.45,26,set,,,Neuston,,,2524,0.5,1262,2.5,0.001980983,0,0,0,0,0,0,0,0,0,0,0,0,0,0,0,0,155,0,3,0,0,0,0,2,0,0,2,0,23,2,2,9,0,0,0,0,0,0,0,0,0,0,0,0,0,0,0,1,1,0,0,0,0,0,0,0,0,0,0,0,0,0,200,0,0,0,0,0,0,0,0,0,0,0,0,0,0,0,0,0,0,0,0,0,0,0,0,0,0,0,0,0,0,0,0,0,0,0,0,0,0,0,0,0,0,0,0,0,0,0,0,0,0,0,0,0,0,0,0,0,0,0
S287-045-TTD,4-Aug-19,S287,2019,2244,Night,-6.213,-173.935,0.29,5736,110.1,30.2,12.39,35.45,26,set,,,Deep Tucker,,,1696.251,1,1696.251,13,0.00766396,0,0,0,0,0,0,0,0,0,0,0,0,0,0,0,0,153,2,9,5,0,0,0,7,1,0,0,5,15,0,1,0,1,0,0,0,0,0,0,0,0,0,0,0,0,0,0,0,0,0,0,0,1,0,0,0,0,0,0,0,0,0,200,0,0,0,0,0,0,0,0,0,0,0,0,0,0,0,0,0,0,0,0,0,0,0,0,0,0,0,0,0,0,2,0,0,0,0,0,0,0,0,0,0,0,0,0,0,0,0,0,0,0,0,0,0,0,0,2,0.001179071,2,0.001179071
S287-045-TTS,4-Aug-19,S287,2019,2325,Night,-6.243,-173.94,0.29,5745,33,30.3,11.7,35.46,26,set,,,Shallow Tucker,,,1317.431,1,1317.431,49,0.037193599,0,0,0,0,0,0,0,0,0,0,0,0,0,0,0,0,136,2,2,4,0,0,0,29,0,0,0,1,19,0,0,2,2,0,0,0,0,0,0,0,0,1,0,0,0,0,0,0,0,1,0,0,1,0,0,0,0,0,0,0,0,0,200,0,0,0,0,0,0,0,0,0,0,0,0,0,0,0,0,0,0,0,0,0,0,0,0,0,0,0,0,0,0,0,0,0,0,0,0,0,0,0,0,0,0,0,0,0,0,0,0,0,0,0,0,0,0,0,0,0,0,0
S287-046-TTD,5-Aug-19,S287,2019,1054,Day,-6.952,-173.61,0.295,5069,100.3,30.3,4.57,35.45,26,risen,,,Deep Tucker,,,1768.768,1,1768.768,13,0.007349749,0,0,0,0,0,0,0,0,0,0,0,0,0,0,0,0,10,3,2,1,0,0,0,0,1,2,0,82,44,0,4,13,1,1,36,0,0,0,0,0,0,0,0,0,0,0,0,0,0,0,0,0,0,0,0,0,0,0,0,0,0,0,200,0,0,0,0,0,0,0,0,0,0,0,0,0,0,0,0,0,0,0,0,0,0,0,0,0,0,0,0,0,0,0,0,0,0,0,0,0,0,0,0,0,0,0,0,0,0,0,0,0,0,0,0,0,0,0,0,0,0,0
S287-046-TTS,5-Aug-19,S287,2019,1130,Day,-6.968,-173.622,0.295,4826,27.9,30.3,4.43,35.44,26,risen,,,Shallow Tucker,,,1356.28,1,1356.28,23,0.01695815,0,0,0,0,0,0,0,0,0,0,0,0,0,0,0,0,12,0,0,3,0,0,0,0,0,0,0,148,9,0,1,23,0,0,4,0,0,0,0,0,0,0,0,0,0,0,0,0,0,0,0,0,0,0,0,0,0,0,0,1,0,0,201,0,0,0,0,0,0,0,0,0,0,0,0,0,0,0,0,0,0,0,0,0,0,0,0,0,0,0,0,0,0,0,0,0,0,0,0,0,0,0,0,0,0,0,0,0,0,0,0,0,0,0,0,0,0,0,0,0,0,0